lumo-e2e-api  | 2026-09-30T16:02:17.693327730Z Picked up JAVA_TOOL_OPTIONS: -XX:MaxRAMPercentage=75 -XX:+ExitOnOutOfMemoryError
lumo-e2e-api  | 2026-09-30T16:02:18.274105760Z 
lumo-e2e-api  | 2026-09-30T16:02:18.274132400Z   .   ____          _            __ _ _
lumo-e2e-api  | 2026-09-30T16:02:18.274133920Z  /\\ / ___'_ __ _ _(_)_ __  __ _ \ \ \ \
lumo-e2e-api  | 2026-09-30T16:02:18.274135191Z ( ( )\___ | '_ | '_| | '_ \/ _` | \ \ \ \
lumo-e2e-api  | 2026-09-30T16:02:18.274136531Z  \\/  ___)| |_)| | | | | || (_| |  ) ) ) )
lumo-e2e-api  | 2026-09-30T16:02:18.274137301Z   '  |____| .__|_| |_|_| |_\__, | / / / /
lumo-e2e-api  | 2026-09-30T16:02:18.274138021Z  =========|_|==============|___/=/_/_/_/
lumo-e2e-api  | 2026-09-30T16:02:18.274138711Z 
lumo-e2e-api  | 2026-09-30T16:02:18.274305785Z  :: Spring Boot ::                (v4.1.1)
lumo-e2e-api  | 2026-09-30T16:02:18.274389587Z 
lumo-e2e-api  | 2026-09-30T16:02:18.315477636Z 2026-09-30T16:02:18.313Z  INFO 1 --- [lumo-api] [           main] tv.lumo.api.LumoApiApplication           : Starting LumoApiApplication v0.1.0 using Java 25.0.4.1 with PID 1 (/app/app.jar started by lumo in /app)
lumo-e2e-api  | 2026-09-30T16:02:18.316080532Z 2026-09-30T16:02:18.315Z DEBUG 1 --- [lumo-api] [           main] tv.lumo.api.LumoApiApplication           : Running with Spring Boot v4.1.1, Spring v7.0.9
lumo-e2e-api  | 2026-09-30T16:02:18.316625815Z 2026-09-30T16:02:18.316Z  INFO 1 --- [lumo-api] [           main] tv.lumo.api.LumoApiApplication           : The following 2 profiles are active: "dev", "epg-logging"
lumo-e2e-api  | 2026-09-30T16:02:19.464007670Z 2026-09-30T16:02:19.463Z  INFO 1 --- [lumo-api] [           main] o.s.boot.tomcat.TomcatWebServer          : Tomcat initialized with port 8080 (http)
lumo-e2e-api  | 2026-09-30T16:02:19.475116701Z 2026-09-30T16:02:19.474Z  INFO 1 --- [lumo-api] [           main] o.apache.catalina.core.StandardService   : Starting service [Tomcat]
lumo-e2e-api  | 2026-09-30T16:02:19.475510146Z 2026-09-30T16:02:19.475Z  INFO 1 --- [lumo-api] [           main] o.apache.catalina.core.StandardEngine    : Starting Servlet engine: [Apache Tomcat/11.0.24]
lumo-e2e-api  | 2026-09-30T16:02:19.495659836Z 2026-09-30T16:02:19.495Z  INFO 1 --- [lumo-api] [           main] b.w.c.s.WebApplicationContextInitializer : Root WebApplicationContext: initialization completed in 1144 ms
lumo-e2e-api  | 2026-09-30T16:02:19.748106233Z 2026-09-30T16:02:19.747Z  INFO 1 --- [lumo-api] [           main] com.zaxxer.hikari.HikariDataSource       : lumo-pool - Starting...
lumo-e2e-api  | 2026-09-30T16:02:19.875112246Z 2026-09-30T16:02:19.874Z  INFO 1 --- [lumo-api] [           main] com.zaxxer.hikari.pool.HikariPool        : lumo-pool - Added connection org.postgresql.jdbc.PgConnection@629b780f
lumo-e2e-api  | 2026-09-30T16:02:19.934318723Z 2026-09-30T16:02:19.933Z  INFO 1 --- [lumo-api] [           main] com.zaxxer.hikari.HikariDataSource       : lumo-pool - Start completed.
lumo-e2e-api  | 2026-09-30T16:02:20.001258204Z 2026-09-30T16:02:20.000Z  INFO 1 --- [lumo-api] [           main] liquibase.database                       : Set default schema name to public
lumo-e2e-api  | 2026-09-30T16:02:20.433646299Z 2026-09-30T16:02:20.433Z  INFO 1 --- [lumo-api] [           main] liquibase.changelog                      : Reading resource: db/changelog/0001-extensions.sql
lumo-e2e-api  | 2026-09-30T16:02:20.468804999Z 2026-09-30T16:02:20.468Z  INFO 1 --- [lumo-api] [           main] liquibase.changelog                      : Creating database changelog table with name: public.databasechangelog
lumo-e2e-api  | 2026-09-30T16:02:20.490495133Z 2026-09-30T16:02:20.490Z  INFO 1 --- [lumo-api] [           main] liquibase.changelog                      : Reading from public.databasechangelog
lumo-e2e-api  | 2026-09-30T16:02:20.493899711Z 2026-09-30T16:02:20.493Z  INFO 1 --- [lumo-api] [           main] liquibase.changelog                      : Reading resource: db/changelog/0002-users-and-auth.sql
lumo-e2e-api  | 2026-09-30T16:02:20.497417938Z 2026-09-30T16:02:20.497Z  INFO 1 --- [lumo-api] [           main] liquibase.changelog                      : Reading resource: db/changelog/0003-devices-and-tokens.sql
lumo-e2e-api  | 2026-09-30T16:02:20.501587361Z 2026-09-30T16:02:20.501Z  INFO 1 --- [lumo-api] [           main] liquibase.changelog                      : Reading resource: db/changelog/0004-sources.sql
lumo-e2e-api  | 2026-09-30T16:02:20.503769428Z 2026-09-30T16:02:20.503Z  INFO 1 --- [lumo-api] [           main] liquibase.changelog                      : Reading resource: db/changelog/0005-catalog.sql
lumo-e2e-api  | 2026-09-30T16:02:20.505726583Z 2026-09-30T16:02:20.505Z  INFO 1 --- [lumo-api] [           main] liquibase.changelog                      : Reading resource: db/changelog/0006-epg.sql
lumo-e2e-api  | 2026-09-30T16:02:20.507152441Z 2026-09-30T16:02:20.506Z  INFO 1 --- [lumo-api] [           main] liquibase.changelog                      : Reading resource: db/changelog/0007-userdata.sql
lumo-e2e-api  | 2026-09-30T16:02:20.509527692Z 2026-09-30T16:02:20.509Z  INFO 1 --- [lumo-api] [           main] liquibase.changelog                      : Reading resource: db/changelog/0008-entitlements.sql
lumo-e2e-api  | 2026-09-30T16:02:20.510732704Z 2026-09-30T16:02:20.510Z  INFO 1 --- [lumo-api] [           main] liquibase.changelog                      : Reading resource: db/changelog/0009-source-auto-sync.sql
lumo-e2e-api  | 2026-09-30T16:02:20.511978776Z 2026-09-30T16:02:20.511Z  INFO 1 --- [lumo-api] [           main] liquibase.changelog                      : Reading resource: db/changelog/0010-source-sync-diagnostics.sql
lumo-e2e-api  | 2026-09-30T16:02:20.512969612Z 2026-09-30T16:02:20.512Z  INFO 1 --- [lumo-api] [           main] liquibase.changelog                      : Reading resource: db/changelog/0011-channel-number-quality.sql
lumo-e2e-api  | 2026-09-30T16:02:20.513939507Z 2026-09-30T16:02:20.513Z  INFO 1 --- [lumo-api] [           main] liquibase.changelog                      : Reading resource: db/changelog/0012-entitlement-trial-and-customer.sql
lumo-e2e-api  | 2026-09-30T16:02:20.515089622Z 2026-09-30T16:02:20.514Z  INFO 1 --- [lumo-api] [           main] liquibase.changelog                      : Reading resource: db/changelog/0013-recent-channels.sql
lumo-e2e-api  | 2026-09-30T16:02:20.516536259Z 2026-09-30T16:02:20.516Z  INFO 1 --- [lumo-api] [           main] liquibase.changelog                      : Reading resource: db/changelog/0014-favorite-group-default.sql
lumo-e2e-api  | 2026-09-30T16:02:20.517802005Z 2026-09-30T16:02:20.517Z  INFO 1 --- [lumo-api] [           main] liquibase.changelog                      : Reading resource: db/changelog/0015-vod.sql
lumo-e2e-api  | 2026-09-30T16:02:20.520168319Z 2026-09-30T16:02:20.519Z  INFO 1 --- [lumo-api] [           main] liquibase.changelog                      : Reading resource: db/changelog/0016-series.sql
lumo-e2e-api  | 2026-09-30T16:02:20.522016417Z 2026-09-30T16:02:20.521Z  INFO 1 --- [lumo-api] [           main] liquibase.changelog                      : Reading resource: db/changelog/0017-sync-step-values.sql
lumo-e2e-api  | 2026-09-30T16:02:20.523238474Z 2026-09-30T16:02:20.523Z  INFO 1 --- [lumo-api] [           main] liquibase.changelog                      : Reading resource: db/changelog/0018-unstamp-empty-trees.sql
lumo-e2e-api  | 2026-09-30T16:02:20.524011624Z 2026-09-30T16:02:20.523Z  INFO 1 --- [lumo-api] [           main] liquibase.changelog                      : Reading resource: db/changelog/0019-episode-audio-codec.sql
lumo-e2e-api  | 2026-09-30T16:02:20.524974930Z 2026-09-30T16:02:20.524Z  INFO 1 --- [lumo-api] [           main] liquibase.changelog                      : Reading resource: db/changelog/0020-epg-import.sql
lumo-e2e-api  | 2026-09-30T16:02:20.534938249Z 2026-09-30T16:02:20.534Z  INFO 1 --- [lumo-api] [           main] liquibase.snapshot                       : Creating snapshot
lumo-e2e-api  | 2026-09-30T16:02:20.583850245Z 2026-09-30T16:02:20.583Z  INFO 1 --- [lumo-api] [           main] liquibase.lockservice                    : Successfully acquired change log lock
lumo-e2e-api  | 2026-09-30T16:02:20.584800854Z 2026-09-30T16:02:20.584Z  INFO 1 --- [lumo-api] [           main] liquibase.command                        : Using deploymentId: 0784139732
lumo-e2e-api  | 2026-09-30T16:02:20.586552710Z 2026-09-30T16:02:20.585Z  INFO 1 --- [lumo-api] [           main] liquibase.changelog                      : Reading from public.databasechangelog
lumo-e2e-api  | 2026-09-30T16:02:20.613565878Z 2026-09-30T16:02:20.613Z  INFO 1 --- [lumo-api] [           main] liquibase.ui                             : Running Changeset: db/changelog/0001-extensions.sql::0001-01-extension-citext::hamza
lumo-e2e-api  | 2026-09-30T16:02:20.630977351Z 2026-09-30T16:02:20.630Z  INFO 1 --- [lumo-api] [           main] liquibase.changelog                      : Custom SQL executed
lumo-e2e-api  | 2026-09-30T16:02:20.632870515Z 2026-09-30T16:02:20.632Z  INFO 1 --- [lumo-api] [           main] liquibase.changelog                      : ChangeSet db/changelog/0001-extensions.sql::0001-01-extension-citext::hamza ran successfully in 18ms
lumo-e2e-api  | 2026-09-30T16:02:20.637783147Z 2026-09-30T16:02:20.637Z  INFO 1 --- [lumo-api] [           main] liquibase.ui                             : Running Changeset: db/changelog/0001-extensions.sql::0001-02-extension-pg-trgm::hamza
lumo-e2e-api  | 2026-09-30T16:02:20.644492661Z 2026-09-30T16:02:20.644Z  INFO 1 --- [lumo-api] [           main] liquibase.changelog                      : Custom SQL executed
lumo-e2e-api  | 2026-09-30T16:02:20.645051611Z 2026-09-30T16:02:20.644Z  INFO 1 --- [lumo-api] [           main] liquibase.changelog                      : ChangeSet db/changelog/0001-extensions.sql::0001-02-extension-pg-trgm::hamza ran successfully in 7ms
lumo-e2e-api  | 2026-09-30T16:02:20.646964766Z 2026-09-30T16:02:20.646Z  INFO 1 --- [lumo-api] [           main] liquibase.ui                             : Running Changeset: db/changelog/0002-users-and-auth.sql::0002-01-create-user::hamza
lumo-e2e-api  | 2026-09-30T16:02:20.652997668Z 2026-09-30T16:02:20.652Z  INFO 1 --- [lumo-api] [           main] liquibase.changelog                      : Custom SQL executed
lumo-e2e-api  | 2026-09-30T16:02:20.653491100Z 2026-09-30T16:02:20.653Z  INFO 1 --- [lumo-api] [           main] liquibase.changelog                      : ChangeSet db/changelog/0002-users-and-auth.sql::0002-01-create-user::hamza ran successfully in 7ms
lumo-e2e-api  | 2026-09-30T16:02:20.655393885Z 2026-09-30T16:02:20.655Z  INFO 1 --- [lumo-api] [           main] liquibase.ui                             : Running Changeset: db/changelog/0002-users-and-auth.sql::0002-02-unique-user-email::hamza
lumo-e2e-api  | 2026-09-30T16:02:20.658090740Z 2026-09-30T16:02:20.657Z  INFO 1 --- [lumo-api] [           main] liquibase.changelog                      : Custom SQL executed
lumo-e2e-api  | 2026-09-30T16:02:20.658661465Z 2026-09-30T16:02:20.658Z  INFO 1 --- [lumo-api] [           main] liquibase.changelog                      : ChangeSet db/changelog/0002-users-and-auth.sql::0002-02-unique-user-email::hamza ran successfully in 3ms
lumo-e2e-api  | 2026-09-30T16:02:20.660392115Z 2026-09-30T16:02:20.660Z  INFO 1 --- [lumo-api] [           main] liquibase.ui                             : Running Changeset: db/changelog/0002-users-and-auth.sql::0002-03-create-oauth-identity::hamza
lumo-e2e-api  | 2026-09-30T16:02:20.665836942Z 2026-09-30T16:02:20.665Z  INFO 1 --- [lumo-api] [           main] liquibase.changelog                      : Custom SQL executed
lumo-e2e-api  | 2026-09-30T16:02:20.666083194Z 2026-09-30T16:02:20.665Z  INFO 1 --- [lumo-api] [           main] liquibase.changelog                      : ChangeSet db/changelog/0002-users-and-auth.sql::0002-03-create-oauth-identity::hamza ran successfully in 5ms
lumo-e2e-api  | 2026-09-30T16:02:20.668081521Z 2026-09-30T16:02:20.667Z  INFO 1 --- [lumo-api] [           main] liquibase.ui                             : Running Changeset: db/changelog/0002-users-and-auth.sql::0002-04-unique-oauth-identity::hamza
lumo-e2e-api  | 2026-09-30T16:02:20.670804527Z 2026-09-30T16:02:20.670Z  INFO 1 --- [lumo-api] [           main] liquibase.changelog                      : Custom SQL executed
lumo-e2e-api  | 2026-09-30T16:02:20.671119150Z 2026-09-30T16:02:20.670Z  INFO 1 --- [lumo-api] [           main] liquibase.changelog                      : ChangeSet db/changelog/0002-users-and-auth.sql::0002-04-unique-oauth-identity::hamza ran successfully in 3ms
lumo-e2e-api  | 2026-09-30T16:02:20.672961243Z 2026-09-30T16:02:20.672Z  INFO 1 --- [lumo-api] [           main] liquibase.ui                             : Running Changeset: db/changelog/0002-users-and-auth.sql::0002-05-index-oauth-identity-user::hamza
lumo-e2e-api  | 2026-09-30T16:02:20.675084448Z 2026-09-30T16:02:20.674Z  INFO 1 --- [lumo-api] [           main] liquibase.changelog                      : Custom SQL executed
lumo-e2e-api  | 2026-09-30T16:02:20.675485033Z 2026-09-30T16:02:20.675Z  INFO 1 --- [lumo-api] [           main] liquibase.changelog                      : ChangeSet db/changelog/0002-users-and-auth.sql::0002-05-index-oauth-identity-user::hamza ran successfully in 3ms
lumo-e2e-api  | 2026-09-30T16:02:20.677125189Z 2026-09-30T16:02:20.676Z  INFO 1 --- [lumo-api] [           main] liquibase.ui                             : Running Changeset: db/changelog/0002-users-and-auth.sql::0002-06-create-user-token::hamza
lumo-e2e-api  | 2026-09-30T16:02:20.681228298Z 2026-09-30T16:02:20.680Z  INFO 1 --- [lumo-api] [           main] liquibase.changelog                      : Custom SQL executed
lumo-e2e-api  | 2026-09-30T16:02:20.682238374Z 2026-09-30T16:02:20.682Z  INFO 1 --- [lumo-api] [           main] liquibase.changelog                      : ChangeSet db/changelog/0002-users-and-auth.sql::0002-06-create-user-token::hamza ran successfully in 4ms
lumo-e2e-api  | 2026-09-30T16:02:20.683815990Z 2026-09-30T16:02:20.683Z  INFO 1 --- [lumo-api] [           main] liquibase.ui                             : Running Changeset: db/changelog/0002-users-and-auth.sql::0002-07-unique-user-token-hash::hamza
lumo-e2e-api  | 2026-09-30T16:02:20.685510424Z 2026-09-30T16:02:20.685Z  INFO 1 --- [lumo-api] [           main] liquibase.changelog                      : Custom SQL executed
lumo-e2e-api  | 2026-09-30T16:02:20.686048118Z 2026-09-30T16:02:20.685Z  INFO 1 --- [lumo-api] [           main] liquibase.changelog                      : ChangeSet db/changelog/0002-users-and-auth.sql::0002-07-unique-user-token-hash::hamza ran successfully in 2ms
lumo-e2e-api  | 2026-09-30T16:02:20.687432869Z 2026-09-30T16:02:20.687Z  INFO 1 --- [lumo-api] [           main] liquibase.ui                             : Running Changeset: db/changelog/0002-users-and-auth.sql::0002-08-index-user-token-user::hamza
lumo-e2e-api  | 2026-09-30T16:02:20.689482697Z 2026-09-30T16:02:20.689Z  INFO 1 --- [lumo-api] [           main] liquibase.changelog                      : Custom SQL executed
lumo-e2e-api  | 2026-09-30T16:02:20.689954384Z 2026-09-30T16:02:20.689Z  INFO 1 --- [lumo-api] [           main] liquibase.changelog                      : ChangeSet db/changelog/0002-users-and-auth.sql::0002-08-index-user-token-user::hamza ran successfully in 2ms
lumo-e2e-api  | 2026-09-30T16:02:20.691477744Z 2026-09-30T16:02:20.691Z  INFO 1 --- [lumo-api] [           main] liquibase.ui                             : Running Changeset: db/changelog/0003-devices-and-tokens.sql::0003-01-create-device::hamza
lumo-e2e-api  | 2026-09-30T16:02:20.695088393Z 2026-09-30T16:02:20.694Z  INFO 1 --- [lumo-api] [           main] liquibase.changelog                      : Custom SQL executed
lumo-e2e-api  | 2026-09-30T16:02:20.695531604Z 2026-09-30T16:02:20.695Z  INFO 1 --- [lumo-api] [           main] liquibase.changelog                      : ChangeSet db/changelog/0003-devices-and-tokens.sql::0003-01-create-device::hamza ran successfully in 4ms
lumo-e2e-api  | 2026-09-30T16:02:20.696948151Z 2026-09-30T16:02:20.696Z  INFO 1 --- [lumo-api] [           main] liquibase.ui                             : Running Changeset: db/changelog/0003-devices-and-tokens.sql::0003-02-index-device-user::hamza
lumo-e2e-api  | 2026-09-30T16:02:20.699111702Z 2026-09-30T16:02:20.698Z  INFO 1 --- [lumo-api] [           main] liquibase.changelog                      : Custom SQL executed
lumo-e2e-api  | 2026-09-30T16:02:20.699518671Z 2026-09-30T16:02:20.699Z  INFO 1 --- [lumo-api] [           main] liquibase.changelog                      : ChangeSet db/changelog/0003-devices-and-tokens.sql::0003-02-index-device-user::hamza ran successfully in 3ms
lumo-e2e-api  | 2026-09-30T16:02:20.700961035Z 2026-09-30T16:02:20.700Z  INFO 1 --- [lumo-api] [           main] liquibase.ui                             : Running Changeset: db/changelog/0003-devices-and-tokens.sql::0003-03-create-refresh-token::hamza
lumo-e2e-api  | 2026-09-30T16:02:20.705367395Z 2026-09-30T16:02:20.704Z  INFO 1 --- [lumo-api] [           main] liquibase.changelog                      : Custom SQL executed
lumo-e2e-api  | 2026-09-30T16:02:20.705782463Z 2026-09-30T16:02:20.705Z  INFO 1 --- [lumo-api] [           main] liquibase.changelog                      : ChangeSet db/changelog/0003-devices-and-tokens.sql::0003-03-create-refresh-token::hamza ran successfully in 5ms
lumo-e2e-api  | 2026-09-30T16:02:20.708713857Z 2026-09-30T16:02:20.708Z  INFO 1 --- [lumo-api] [           main] liquibase.ui                             : Running Changeset: db/changelog/0003-devices-and-tokens.sql::0003-04-unique-refresh-token-hash::hamza
lumo-e2e-api  | 2026-09-30T16:02:20.712864374Z 2026-09-30T16:02:20.712Z  INFO 1 --- [lumo-api] [           main] liquibase.changelog                      : Custom SQL executed
lumo-e2e-api  | 2026-09-30T16:02:20.713295726Z 2026-09-30T16:02:20.713Z  INFO 1 --- [lumo-api] [           main] liquibase.changelog                      : ChangeSet db/changelog/0003-devices-and-tokens.sql::0003-04-unique-refresh-token-hash::hamza ran successfully in 4ms
lumo-e2e-api  | 2026-09-30T16:02:20.714668071Z 2026-09-30T16:02:20.714Z  INFO 1 --- [lumo-api] [           main] liquibase.ui                             : Running Changeset: db/changelog/0003-devices-and-tokens.sql::0003-05-index-refresh-token-device::hamza
lumo-e2e-api  | 2026-09-30T16:02:20.716337635Z 2026-09-30T16:02:20.716Z  INFO 1 --- [lumo-api] [           main] liquibase.changelog                      : Custom SQL executed
lumo-e2e-api  | 2026-09-30T16:02:20.716656983Z 2026-09-30T16:02:20.716Z  INFO 1 --- [lumo-api] [           main] liquibase.changelog                      : ChangeSet db/changelog/0003-devices-and-tokens.sql::0003-05-index-refresh-token-device::hamza ran successfully in 2ms
lumo-e2e-api  | 2026-09-30T16:02:20.718087045Z 2026-09-30T16:02:20.717Z  INFO 1 --- [lumo-api] [           main] liquibase.ui                             : Running Changeset: db/changelog/0003-devices-and-tokens.sql::0003-06-index-refresh-token-user::hamza
lumo-e2e-api  | 2026-09-30T16:02:20.719691267Z 2026-09-30T16:02:20.719Z  INFO 1 --- [lumo-api] [           main] liquibase.changelog                      : Custom SQL executed
lumo-e2e-api  | 2026-09-30T16:02:20.719971262Z 2026-09-30T16:02:20.719Z  INFO 1 --- [lumo-api] [           main] liquibase.changelog                      : ChangeSet db/changelog/0003-devices-and-tokens.sql::0003-06-index-refresh-token-user::hamza ran successfully in 1ms
lumo-e2e-api  | 2026-09-30T16:02:20.721326439Z 2026-09-30T16:02:20.721Z  INFO 1 --- [lumo-api] [           main] liquibase.ui                             : Running Changeset: db/changelog/0003-devices-and-tokens.sql::0003-07-create-device-authorization::hamza
lumo-e2e-api  | 2026-09-30T16:02:20.726622707Z 2026-09-30T16:02:20.726Z  INFO 1 --- [lumo-api] [           main] liquibase.changelog                      : Custom SQL executed
lumo-e2e-api  | 2026-09-30T16:02:20.727012227Z 2026-09-30T16:02:20.726Z  INFO 1 --- [lumo-api] [           main] liquibase.changelog                      : ChangeSet db/changelog/0003-devices-and-tokens.sql::0003-07-create-device-authorization::hamza ran successfully in 5ms
lumo-e2e-api  | 2026-09-30T16:02:20.728799223Z 2026-09-30T16:02:20.728Z  INFO 1 --- [lumo-api] [           main] liquibase.ui                             : Running Changeset: db/changelog/0003-devices-and-tokens.sql::0003-08-unique-device-authorization-code-hash::hamza
lumo-e2e-api  | 2026-09-30T16:02:20.731060080Z 2026-09-30T16:02:20.730Z  INFO 1 --- [lumo-api] [           main] liquibase.changelog                      : Custom SQL executed
lumo-e2e-api  | 2026-09-30T16:02:20.731580655Z 2026-09-30T16:02:20.731Z  INFO 1 --- [lumo-api] [           main] liquibase.changelog                      : ChangeSet db/changelog/0003-devices-and-tokens.sql::0003-08-unique-device-authorization-code-hash::hamza ran successfully in 3ms
lumo-e2e-api  | 2026-09-30T16:02:20.733117890Z 2026-09-30T16:02:20.732Z  INFO 1 --- [lumo-api] [           main] liquibase.ui                             : Running Changeset: db/changelog/0003-devices-and-tokens.sql::0003-09-unique-pending-user-code::hamza
lumo-e2e-api  | 2026-09-30T16:02:20.734932328Z 2026-09-30T16:02:20.734Z  INFO 1 --- [lumo-api] [           main] liquibase.changelog                      : Custom SQL executed
lumo-e2e-api  | 2026-09-30T16:02:20.735301588Z 2026-09-30T16:02:20.735Z  INFO 1 --- [lumo-api] [           main] liquibase.changelog                      : ChangeSet db/changelog/0003-devices-and-tokens.sql::0003-09-unique-pending-user-code::hamza ran successfully in 1ms
lumo-e2e-api  | 2026-09-30T16:02:20.736781097Z 2026-09-30T16:02:20.736Z  INFO 1 --- [lumo-api] [           main] liquibase.ui                             : Running Changeset: db/changelog/0003-devices-and-tokens.sql::0003-10-index-device-authorization-expiry::hamza
lumo-e2e-api  | 2026-09-30T16:02:20.738567914Z 2026-09-30T16:02:20.738Z  INFO 1 --- [lumo-api] [           main] liquibase.changelog                      : Custom SQL executed
lumo-e2e-api  | 2026-09-30T16:02:20.738963084Z 2026-09-30T16:02:20.738Z  INFO 1 --- [lumo-api] [           main] liquibase.changelog                      : ChangeSet db/changelog/0003-devices-and-tokens.sql::0003-10-index-device-authorization-expiry::hamza ran successfully in 2ms
lumo-e2e-api  | 2026-09-30T16:02:20.740848283Z 2026-09-30T16:02:20.740Z  INFO 1 --- [lumo-api] [           main] liquibase.ui                             : Running Changeset: db/changelog/0004-sources.sql::0004-01-create-source::hamza
lumo-e2e-api  | 2026-09-30T16:02:20.747619689Z 2026-09-30T16:02:20.747Z  INFO 1 --- [lumo-api] [           main] liquibase.changelog                      : Custom SQL executed
lumo-e2e-api  | 2026-09-30T16:02:20.747922567Z 2026-09-30T16:02:20.747Z  INFO 1 --- [lumo-api] [           main] liquibase.changelog                      : ChangeSet db/changelog/0004-sources.sql::0004-01-create-source::hamza ran successfully in 7ms
lumo-e2e-api  | 2026-09-30T16:02:20.749433396Z 2026-09-30T16:02:20.749Z  INFO 1 --- [lumo-api] [           main] liquibase.ui                             : Running Changeset: db/changelog/0004-sources.sql::0004-02-index-source-user::hamza
lumo-e2e-api  | 2026-09-30T16:02:20.751160791Z 2026-09-30T16:02:20.750Z  INFO 1 --- [lumo-api] [           main] liquibase.changelog                      : Custom SQL executed
lumo-e2e-api  | 2026-09-30T16:02:20.751470669Z 2026-09-30T16:02:20.751Z  INFO 1 --- [lumo-api] [           main] liquibase.changelog                      : ChangeSet db/changelog/0004-sources.sql::0004-02-index-source-user::hamza ran successfully in 2ms
lumo-e2e-api  | 2026-09-30T16:02:20.752927117Z 2026-09-30T16:02:20.752Z  INFO 1 --- [lumo-api] [           main] liquibase.ui                             : Running Changeset: db/changelog/0004-sources.sql::0004-03-index-source-syncing::hamza
lumo-e2e-api  | 2026-09-30T16:02:20.755205751Z 2026-09-30T16:02:20.754Z  INFO 1 --- [lumo-api] [           main] liquibase.changelog                      : Custom SQL executed
lumo-e2e-api  | 2026-09-30T16:02:20.755485413Z 2026-09-30T16:02:20.755Z  INFO 1 --- [lumo-api] [           main] liquibase.changelog                      : ChangeSet db/changelog/0004-sources.sql::0004-03-index-source-syncing::hamza ran successfully in 3ms
lumo-e2e-api  | 2026-09-30T16:02:20.756881725Z 2026-09-30T16:02:20.756Z  INFO 1 --- [lumo-api] [           main] liquibase.ui                             : Running Changeset: db/changelog/0005-catalog.sql::0005-01-create-category::hamza
lumo-e2e-api  | 2026-09-30T16:02:20.761551881Z 2026-09-30T16:02:20.761Z  INFO 1 --- [lumo-api] [           main] liquibase.changelog                      : Custom SQL executed
lumo-e2e-api  | 2026-09-30T16:02:20.761959812Z 2026-09-30T16:02:20.761Z  INFO 1 --- [lumo-api] [           main] liquibase.changelog                      : ChangeSet db/changelog/0005-catalog.sql::0005-01-create-category::hamza ran successfully in 5ms
lumo-e2e-api  | 2026-09-30T16:02:20.763563193Z 2026-09-30T16:02:20.763Z  INFO 1 --- [lumo-api] [           main] liquibase.ui                             : Running Changeset: db/changelog/0005-catalog.sql::0005-02-index-category-source::hamza
lumo-e2e-api  | 2026-09-30T16:02:20.765486818Z 2026-09-30T16:02:20.765Z  INFO 1 --- [lumo-api] [           main] liquibase.changelog                      : Custom SQL executed
lumo-e2e-api  | 2026-09-30T16:02:20.765844682Z 2026-09-30T16:02:20.765Z  INFO 1 --- [lumo-api] [           main] liquibase.changelog                      : ChangeSet db/changelog/0005-catalog.sql::0005-02-index-category-source::hamza ran successfully in 2ms
lumo-e2e-api  | 2026-09-30T16:02:20.767374517Z 2026-09-30T16:02:20.767Z  INFO 1 --- [lumo-api] [           main] liquibase.ui                             : Running Changeset: db/changelog/0005-catalog.sql::0005-03-unique-category-external-id::hamza
lumo-e2e-api  | 2026-09-30T16:02:20.769215495Z 2026-09-30T16:02:20.768Z  INFO 1 --- [lumo-api] [           main] liquibase.changelog                      : Custom SQL executed
lumo-e2e-api  | 2026-09-30T16:02:20.769578565Z 2026-09-30T16:02:20.769Z  INFO 1 --- [lumo-api] [           main] liquibase.changelog                      : ChangeSet db/changelog/0005-catalog.sql::0005-03-unique-category-external-id::hamza ran successfully in 2ms
lumo-e2e-api  | 2026-09-30T16:02:20.770819952Z 2026-09-30T16:02:20.770Z  INFO 1 --- [lumo-api] [           main] liquibase.ui                             : Running Changeset: db/changelog/0005-catalog.sql::0005-04-create-channel::hamza
lumo-e2e-api  | 2026-09-30T16:02:20.774806085Z 2026-09-30T16:02:20.774Z  INFO 1 --- [lumo-api] [           main] liquibase.changelog                      : Custom SQL executed
lumo-e2e-api  | 2026-09-30T16:02:20.775281763Z 2026-09-30T16:02:20.775Z  INFO 1 --- [lumo-api] [           main] liquibase.changelog                      : ChangeSet db/changelog/0005-catalog.sql::0005-04-create-channel::hamza ran successfully in 4ms
lumo-e2e-api  | 2026-09-30T16:02:20.776684344Z 2026-09-30T16:02:20.776Z  INFO 1 --- [lumo-api] [           main] liquibase.ui                             : Running Changeset: db/changelog/0005-catalog.sql::0005-05-index-channel-listing::hamza
lumo-e2e-api  | 2026-09-30T16:02:20.778256125Z 2026-09-30T16:02:20.778Z  INFO 1 --- [lumo-api] [           main] liquibase.changelog                      : Custom SQL executed
lumo-e2e-api  | 2026-09-30T16:02:20.778526472Z 2026-09-30T16:02:20.778Z  INFO 1 --- [lumo-api] [           main] liquibase.changelog                      : ChangeSet db/changelog/0005-catalog.sql::0005-05-index-channel-listing::hamza ran successfully in 2ms
lumo-e2e-api  | 2026-09-30T16:02:20.779962169Z 2026-09-30T16:02:20.779Z  INFO 1 --- [lumo-api] [           main] liquibase.ui                             : Running Changeset: db/changelog/0005-catalog.sql::0005-06-index-channel-name-trigram::hamza
lumo-e2e-api  | 2026-09-30T16:02:20.781998942Z 2026-09-30T16:02:20.781Z  INFO 1 --- [lumo-api] [           main] liquibase.changelog                      : Custom SQL executed
lumo-e2e-api  | 2026-09-30T16:02:20.782405923Z 2026-09-30T16:02:20.782Z  INFO 1 --- [lumo-api] [           main] liquibase.changelog                      : ChangeSet db/changelog/0005-catalog.sql::0005-06-index-channel-name-trigram::hamza ran successfully in 3ms
lumo-e2e-api  | 2026-09-30T16:02:20.783765628Z 2026-09-30T16:02:20.783Z  INFO 1 --- [lumo-api] [           main] liquibase.ui                             : Running Changeset: db/changelog/0005-catalog.sql::0005-07-unique-channel-external-id::hamza
lumo-e2e-api  | 2026-09-30T16:02:20.785297337Z 2026-09-30T16:02:20.785Z  INFO 1 --- [lumo-api] [           main] liquibase.changelog                      : Custom SQL executed
lumo-e2e-api  | 2026-09-30T16:02:20.785562345Z 2026-09-30T16:02:20.785Z  INFO 1 --- [lumo-api] [           main] liquibase.changelog                      : ChangeSet db/changelog/0005-catalog.sql::0005-07-unique-channel-external-id::hamza ran successfully in 2ms
lumo-e2e-api  | 2026-09-30T16:02:20.787208317Z 2026-09-30T16:02:20.786Z  INFO 1 --- [lumo-api] [           main] liquibase.ui                             : Running Changeset: db/changelog/0006-epg.sql::0006-01-create-epg-programme::hamza
lumo-e2e-api  | 2026-09-30T16:02:20.790045196Z 2026-09-30T16:02:20.789Z  INFO 1 --- [lumo-api] [           main] liquibase.changelog                      : Custom SQL executed
lumo-e2e-api  | 2026-09-30T16:02:20.790429121Z 2026-09-30T16:02:20.790Z  INFO 1 --- [lumo-api] [           main] liquibase.changelog                      : ChangeSet db/changelog/0006-epg.sql::0006-01-create-epg-programme::hamza ran successfully in 3ms
lumo-e2e-api  | 2026-09-30T16:02:20.791721955Z 2026-09-30T16:02:20.791Z  INFO 1 --- [lumo-api] [           main] liquibase.ui                             : Running Changeset: db/changelog/0006-epg.sql::0006-02-unique-epg-programme::hamza
lumo-e2e-api  | 2026-09-30T16:02:20.793583028Z 2026-09-30T16:02:20.793Z  INFO 1 --- [lumo-api] [           main] liquibase.changelog                      : Custom SQL executed
lumo-e2e-api  | 2026-09-30T16:02:20.793900131Z 2026-09-30T16:02:20.793Z  INFO 1 --- [lumo-api] [           main] liquibase.changelog                      : ChangeSet db/changelog/0006-epg.sql::0006-02-unique-epg-programme::hamza ran successfully in 2ms
lumo-e2e-api  | 2026-09-30T16:02:20.795524858Z 2026-09-30T16:02:20.795Z  INFO 1 --- [lumo-api] [           main] liquibase.ui                             : Running Changeset: db/changelog/0006-epg.sql::0006-03-index-epg-retention::hamza
lumo-e2e-api  | 2026-09-30T16:02:20.796813587Z 2026-09-30T16:02:20.796Z  INFO 1 --- [lumo-api] [           main] liquibase.changelog                      : Custom SQL executed
lumo-e2e-api  | 2026-09-30T16:02:20.797158826Z 2026-09-30T16:02:20.796Z  INFO 1 --- [lumo-api] [           main] liquibase.changelog                      : ChangeSet db/changelog/0006-epg.sql::0006-03-index-epg-retention::hamza ran successfully in 1ms
lumo-e2e-api  | 2026-09-30T16:02:20.798456385Z 2026-09-30T16:02:20.798Z  INFO 1 --- [lumo-api] [           main] liquibase.ui                             : Running Changeset: db/changelog/0007-userdata.sql::0007-01-create-favorite-group::hamza
lumo-e2e-api  | 2026-09-30T16:02:20.801603281Z 2026-09-30T16:02:20.801Z  INFO 1 --- [lumo-api] [           main] liquibase.changelog                      : Custom SQL executed
lumo-e2e-api  | 2026-09-30T16:02:20.801897659Z 2026-09-30T16:02:20.801Z  INFO 1 --- [lumo-api] [           main] liquibase.changelog                      : ChangeSet db/changelog/0007-userdata.sql::0007-01-create-favorite-group::hamza ran successfully in 3ms
lumo-e2e-api  | 2026-09-30T16:02:20.803144386Z 2026-09-30T16:02:20.802Z  INFO 1 --- [lumo-api] [           main] liquibase.ui                             : Running Changeset: db/changelog/0007-userdata.sql::0007-02-index-favorite-group-user::hamza
lumo-e2e-api  | 2026-09-30T16:02:20.805141918Z 2026-09-30T16:02:20.804Z  INFO 1 --- [lumo-api] [           main] liquibase.changelog                      : Custom SQL executed
lumo-e2e-api  | 2026-09-30T16:02:20.805472727Z 2026-09-30T16:02:20.805Z  INFO 1 --- [lumo-api] [           main] liquibase.changelog                      : ChangeSet db/changelog/0007-userdata.sql::0007-02-index-favorite-group-user::hamza ran successfully in 2ms
lumo-e2e-api  | 2026-09-30T16:02:20.807584420Z 2026-09-30T16:02:20.807Z  INFO 1 --- [lumo-api] [           main] liquibase.ui                             : Running Changeset: db/changelog/0007-userdata.sql::0007-03-unique-favorite-group-name::hamza
lumo-e2e-api  | 2026-09-30T16:02:20.810018152Z 2026-09-30T16:02:20.809Z  INFO 1 --- [lumo-api] [           main] liquibase.changelog                      : Custom SQL executed
lumo-e2e-api  | 2026-09-30T16:02:20.810391571Z 2026-09-30T16:02:20.810Z  INFO 1 --- [lumo-api] [           main] liquibase.changelog                      : ChangeSet db/changelog/0007-userdata.sql::0007-03-unique-favorite-group-name::hamza ran successfully in 3ms
lumo-e2e-api  | 2026-09-30T16:02:20.811849399Z 2026-09-30T16:02:20.811Z  INFO 1 --- [lumo-api] [           main] liquibase.ui                             : Running Changeset: db/changelog/0007-userdata.sql::0007-04-create-favorite::hamza
lumo-e2e-api  | 2026-09-30T16:02:20.816142821Z 2026-09-30T16:02:20.815Z  INFO 1 --- [lumo-api] [           main] liquibase.changelog                      : Custom SQL executed
lumo-e2e-api  | 2026-09-30T16:02:20.816507730Z 2026-09-30T16:02:20.816Z  INFO 1 --- [lumo-api] [           main] liquibase.changelog                      : ChangeSet db/changelog/0007-userdata.sql::0007-04-create-favorite::hamza ran successfully in 5ms
lumo-e2e-api  | 2026-09-30T16:02:20.817928202Z 2026-09-30T16:02:20.817Z  INFO 1 --- [lumo-api] [           main] liquibase.ui                             : Running Changeset: db/changelog/0007-userdata.sql::0007-05-index-favorite-user::hamza
lumo-e2e-api  | 2026-09-30T16:02:20.820060973Z 2026-09-30T16:02:20.819Z  INFO 1 --- [lumo-api] [           main] liquibase.changelog                      : Custom SQL executed
lumo-e2e-api  | 2026-09-30T16:02:20.820422392Z 2026-09-30T16:02:20.820Z  INFO 1 --- [lumo-api] [           main] liquibase.changelog                      : ChangeSet db/changelog/0007-userdata.sql::0007-05-index-favorite-user::hamza ran successfully in 3ms
lumo-e2e-api  | 2026-09-30T16:02:20.822613879Z 2026-09-30T16:02:20.822Z  INFO 1 --- [lumo-api] [           main] liquibase.ui                             : Running Changeset: db/changelog/0007-userdata.sql::0007-06-unique-favorite-channel::hamza
lumo-e2e-api  | 2026-09-30T16:02:20.824625281Z 2026-09-30T16:02:20.824Z  INFO 1 --- [lumo-api] [           main] liquibase.changelog                      : Custom SQL executed
lumo-e2e-api  | 2026-09-30T16:02:20.825052232Z 2026-09-30T16:02:20.824Z  INFO 1 --- [lumo-api] [           main] liquibase.changelog                      : ChangeSet db/changelog/0007-userdata.sql::0007-06-unique-favorite-channel::hamza ran successfully in 2ms
lumo-e2e-api  | 2026-09-30T16:02:20.826503060Z 2026-09-30T16:02:20.826Z  INFO 1 --- [lumo-api] [           main] liquibase.ui                             : Running Changeset: db/changelog/0007-userdata.sql::0007-07-create-playback-progress::hamza
lumo-e2e-api  | 2026-09-30T16:02:20.830486423Z 2026-09-30T16:02:20.830Z  INFO 1 --- [lumo-api] [           main] liquibase.changelog                      : Custom SQL executed
lumo-e2e-api  | 2026-09-30T16:02:20.830770831Z 2026-09-30T16:02:20.830Z  INFO 1 --- [lumo-api] [           main] liquibase.changelog                      : ChangeSet db/changelog/0007-userdata.sql::0007-07-create-playback-progress::hamza ran successfully in 4ms
lumo-e2e-api  | 2026-09-30T16:02:20.832655760Z 2026-09-30T16:02:20.832Z  INFO 1 --- [lumo-api] [           main] liquibase.ui                             : Running Changeset: db/changelog/0007-userdata.sql::0007-08-unique-playback-progress::hamza
lumo-e2e-api  | 2026-09-30T16:02:20.834135738Z 2026-09-30T16:02:20.833Z  INFO 1 --- [lumo-api] [           main] liquibase.changelog                      : Custom SQL executed
lumo-e2e-api  | 2026-09-30T16:02:20.834408555Z 2026-09-30T16:02:20.834Z  INFO 1 --- [lumo-api] [           main] liquibase.changelog                      : ChangeSet db/changelog/0007-userdata.sql::0007-08-unique-playback-progress::hamza ran successfully in 2ms
lumo-e2e-api  | 2026-09-30T16:02:20.835721959Z 2026-09-30T16:02:20.835Z  INFO 1 --- [lumo-api] [           main] liquibase.ui                             : Running Changeset: db/changelog/0008-entitlements.sql::0008-01-create-entitlement::hamza
lumo-e2e-api  | 2026-09-30T16:02:20.839743694Z 2026-09-30T16:02:20.839Z  INFO 1 --- [lumo-api] [           main] liquibase.changelog                      : Custom SQL executed
lumo-e2e-api  | 2026-09-30T16:02:20.840097498Z 2026-09-30T16:02:20.839Z  INFO 1 --- [lumo-api] [           main] liquibase.changelog                      : ChangeSet db/changelog/0008-entitlements.sql::0008-01-create-entitlement::hamza ran successfully in 4ms
lumo-e2e-api  | 2026-09-30T16:02:20.841551171Z 2026-09-30T16:02:20.841Z  INFO 1 --- [lumo-api] [           main] liquibase.ui                             : Running Changeset: db/changelog/0008-entitlements.sql::0008-02-unique-entitlement-user::hamza
lumo-e2e-api  | 2026-09-30T16:02:20.843403952Z 2026-09-30T16:02:20.843Z  INFO 1 --- [lumo-api] [           main] liquibase.changelog                      : Custom SQL executed
lumo-e2e-api  | 2026-09-30T16:02:20.843719572Z 2026-09-30T16:02:20.843Z  INFO 1 --- [lumo-api] [           main] liquibase.changelog                      : ChangeSet db/changelog/0008-entitlements.sql::0008-02-unique-entitlement-user::hamza ran successfully in 2ms
lumo-e2e-api  | 2026-09-30T16:02:20.844737654Z 2026-09-30T16:02:20.844Z  INFO 1 --- [lumo-api] [           main] liquibase.ui                             : Running Changeset: db/changelog/0008-entitlements.sql::0008-03-index-entitlement-provider-ref::hamza
lumo-e2e-api  | 2026-09-30T16:02:20.846478124Z 2026-09-30T16:02:20.846Z  INFO 1 --- [lumo-api] [           main] liquibase.changelog                      : Custom SQL executed
lumo-e2e-api  | 2026-09-30T16:02:20.846786052Z 2026-09-30T16:02:20.846Z  INFO 1 --- [lumo-api] [           main] liquibase.changelog                      : ChangeSet db/changelog/0008-entitlements.sql::0008-03-index-entitlement-provider-ref::hamza ran successfully in 2ms
lumo-e2e-api  | 2026-09-30T16:02:20.847901311Z 2026-09-30T16:02:20.847Z  INFO 1 --- [lumo-api] [           main] liquibase.ui                             : Running Changeset: db/changelog/0009-source-auto-sync.sql::0009-01-add-source-auto-sync::hamza
lumo-e2e-api  | 2026-09-30T16:02:20.850111988Z 2026-09-30T16:02:20.849Z  INFO 1 --- [lumo-api] [           main] liquibase.changelog                      : Custom SQL executed
lumo-e2e-api  | 2026-09-30T16:02:20.850691113Z 2026-09-30T16:02:20.850Z  INFO 1 --- [lumo-api] [           main] liquibase.changelog                      : ChangeSet db/changelog/0009-source-auto-sync.sql::0009-01-add-source-auto-sync::hamza ran successfully in 3ms
lumo-e2e-api  | 2026-09-30T16:02:20.852006882Z 2026-09-30T16:02:20.851Z  INFO 1 --- [lumo-api] [           main] liquibase.ui                             : Running Changeset: db/changelog/0010-source-sync-diagnostics.sql::0010-01-add-source-sync-step::hamza
lumo-e2e-api  | 2026-09-30T16:02:20.853531727Z 2026-09-30T16:02:20.853Z  INFO 1 --- [lumo-api] [           main] liquibase.changelog                      : Custom SQL executed
lumo-e2e-api  | 2026-09-30T16:02:20.853783184Z 2026-09-30T16:02:20.853Z  INFO 1 --- [lumo-api] [           main] liquibase.changelog                      : ChangeSet db/changelog/0010-source-sync-diagnostics.sql::0010-01-add-source-sync-step::hamza ran successfully in 2ms
lumo-e2e-api  | 2026-09-30T16:02:20.854933524Z 2026-09-30T16:02:20.854Z  INFO 1 --- [lumo-api] [           main] liquibase.ui                             : Running Changeset: db/changelog/0010-source-sync-diagnostics.sql::0010-02-check-source-sync-step::hamza
lumo-e2e-api  | 2026-09-30T16:02:20.856560501Z 2026-09-30T16:02:20.856Z  INFO 1 --- [lumo-api] [           main] liquibase.changelog                      : Custom SQL executed
lumo-e2e-api  | 2026-09-30T16:02:20.856923030Z 2026-09-30T16:02:20.856Z  INFO 1 --- [lumo-api] [           main] liquibase.changelog                      : ChangeSet db/changelog/0010-source-sync-diagnostics.sql::0010-02-check-source-sync-step::hamza ran successfully in 2ms
lumo-e2e-api  | 2026-09-30T16:02:20.858035329Z 2026-09-30T16:02:20.857Z  INFO 1 --- [lumo-api] [           main] liquibase.ui                             : Running Changeset: db/changelog/0010-source-sync-diagnostics.sql::0010-03-add-source-last-error-at::hamza
lumo-e2e-api  | 2026-09-30T16:02:20.859680587Z 2026-09-30T16:02:20.859Z  INFO 1 --- [lumo-api] [           main] liquibase.changelog                      : Custom SQL executed
lumo-e2e-api  | 2026-09-30T16:02:20.859962199Z 2026-09-30T16:02:20.859Z  INFO 1 --- [lumo-api] [           main] liquibase.changelog                      : ChangeSet db/changelog/0010-source-sync-diagnostics.sql::0010-03-add-source-last-error-at::hamza ran successfully in 2ms
lumo-e2e-api  | 2026-09-30T16:02:20.860965465Z 2026-09-30T16:02:20.860Z  INFO 1 --- [lumo-api] [           main] liquibase.ui                             : Running Changeset: db/changelog/0011-channel-number-quality.sql::0011-01-add-channel-number::hamza
lumo-e2e-api  | 2026-09-30T16:02:20.862270119Z 2026-09-30T16:02:20.862Z  INFO 1 --- [lumo-api] [           main] liquibase.changelog                      : Custom SQL executed
lumo-e2e-api  | 2026-09-30T16:02:20.862654329Z 2026-09-30T16:02:20.862Z  INFO 1 --- [lumo-api] [           main] liquibase.changelog                      : ChangeSet db/changelog/0011-channel-number-quality.sql::0011-01-add-channel-number::hamza ran successfully in 2ms
lumo-e2e-api  | 2026-09-30T16:02:20.868596633Z 2026-09-30T16:02:20.868Z  INFO 1 --- [lumo-api] [           main] liquibase.ui                             : Running Changeset: db/changelog/0011-channel-number-quality.sql::0011-02-add-channel-quality::hamza
lumo-e2e-api  | 2026-09-30T16:02:20.871347345Z 2026-09-30T16:02:20.870Z  INFO 1 --- [lumo-api] [           main] liquibase.changelog                      : Custom SQL executed
lumo-e2e-api  | 2026-09-30T16:02:20.871369845Z 2026-09-30T16:02:20.871Z  INFO 1 --- [lumo-api] [           main] liquibase.changelog                      : ChangeSet db/changelog/0011-channel-number-quality.sql::0011-02-add-channel-quality::hamza ran successfully in 3ms
lumo-e2e-api  | 2026-09-30T16:02:20.872560756Z 2026-09-30T16:02:20.872Z  INFO 1 --- [lumo-api] [           main] liquibase.ui                             : Running Changeset: db/changelog/0011-channel-number-quality.sql::0011-03-index-channel-number::hamza
lumo-e2e-api  | 2026-09-30T16:02:20.874495297Z 2026-09-30T16:02:20.874Z  INFO 1 --- [lumo-api] [           main] liquibase.changelog                      : Custom SQL executed
lumo-e2e-api  | 2026-09-30T16:02:20.874812905Z 2026-09-30T16:02:20.874Z  INFO 1 --- [lumo-api] [           main] liquibase.changelog                      : ChangeSet db/changelog/0011-channel-number-quality.sql::0011-03-index-channel-number::hamza ran successfully in 2ms
lumo-e2e-api  | 2026-09-30T16:02:20.875972496Z 2026-09-30T16:02:20.875Z  INFO 1 --- [lumo-api] [           main] liquibase.ui                             : Running Changeset: db/changelog/0012-entitlement-trial-and-customer.sql::0012-01-add-entitlement-trial-ends-at::hamza
lumo-e2e-api  | 2026-09-30T16:02:20.877642920Z 2026-09-30T16:02:20.877Z  INFO 1 --- [lumo-api] [           main] liquibase.changelog                      : Custom SQL executed
lumo-e2e-api  | 2026-09-30T16:02:20.877993199Z 2026-09-30T16:02:20.877Z  INFO 1 --- [lumo-api] [           main] liquibase.changelog                      : ChangeSet db/changelog/0012-entitlement-trial-and-customer.sql::0012-01-add-entitlement-trial-ends-at::hamza ran successfully in 2ms
lumo-e2e-api  | 2026-09-30T16:02:20.879457377Z 2026-09-30T16:02:20.879Z  INFO 1 --- [lumo-api] [           main] liquibase.ui                             : Running Changeset: db/changelog/0012-entitlement-trial-and-customer.sql::0012-02-entitlement-status-trialing::hamza
lumo-e2e-api  | 2026-09-30T16:02:20.881861005Z 2026-09-30T16:02:20.881Z  INFO 1 --- [lumo-api] [           main] liquibase.changelog                      : Custom SQL executed
lumo-e2e-api  | 2026-09-30T16:02:20.882220989Z 2026-09-30T16:02:20.882Z  INFO 1 --- [lumo-api] [           main] liquibase.changelog                      : ChangeSet db/changelog/0012-entitlement-trial-and-customer.sql::0012-02-entitlement-status-trialing::hamza ran successfully in 2ms
lumo-e2e-api  | 2026-09-30T16:02:20.883501277Z 2026-09-30T16:02:20.883Z  INFO 1 --- [lumo-api] [           main] liquibase.ui                             : Running Changeset: db/changelog/0012-entitlement-trial-and-customer.sql::0012-03-add-entitlement-billing-customer-ref::hamza
lumo-e2e-api  | 2026-09-30T16:02:20.885527865Z 2026-09-30T16:02:20.885Z  INFO 1 --- [lumo-api] [           main] liquibase.changelog                      : Custom SQL executed
lumo-e2e-api  | 2026-09-30T16:02:20.885845056Z 2026-09-30T16:02:20.885Z  INFO 1 --- [lumo-api] [           main] liquibase.changelog                      : ChangeSet db/changelog/0012-entitlement-trial-and-customer.sql::0012-03-add-entitlement-billing-customer-ref::hamza ran successfully in 2ms
lumo-e2e-api  | 2026-09-30T16:02:20.887243599Z 2026-09-30T16:02:20.887Z  INFO 1 --- [lumo-api] [           main] liquibase.ui                             : Running Changeset: db/changelog/0013-recent-channels.sql::0013-01-create-recent-channel::hamza
lumo-e2e-api  | 2026-09-30T16:02:20.891897933Z 2026-09-30T16:02:20.891Z  INFO 1 --- [lumo-api] [           main] liquibase.changelog                      : Custom SQL executed
lumo-e2e-api  | 2026-09-30T16:02:20.892357782Z 2026-09-30T16:02:20.892Z  INFO 1 --- [lumo-api] [           main] liquibase.changelog                      : ChangeSet db/changelog/0013-recent-channels.sql::0013-01-create-recent-channel::hamza ran successfully in 5ms
lumo-e2e-api  | 2026-09-30T16:02:20.893881342Z 2026-09-30T16:02:20.893Z  INFO 1 --- [lumo-api] [           main] liquibase.ui                             : Running Changeset: db/changelog/0013-recent-channels.sql::0013-02-unique-recent-channel::hamza
lumo-e2e-api  | 2026-09-30T16:02:20.896067984Z 2026-09-30T16:02:20.895Z  INFO 1 --- [lumo-api] [           main] liquibase.changelog                      : Custom SQL executed
lumo-e2e-api  | 2026-09-30T16:02:20.896379717Z 2026-09-30T16:02:20.896Z  INFO 1 --- [lumo-api] [           main] liquibase.changelog                      : ChangeSet db/changelog/0013-recent-channels.sql::0013-02-unique-recent-channel::hamza ran successfully in 3ms
lumo-e2e-api  | 2026-09-30T16:02:20.897525881Z 2026-09-30T16:02:20.897Z  INFO 1 --- [lumo-api] [           main] liquibase.ui                             : Running Changeset: db/changelog/0013-recent-channels.sql::0013-03-index-recent-channel-order::hamza
lumo-e2e-api  | 2026-09-30T16:02:20.899747109Z 2026-09-30T16:02:20.899Z  INFO 1 --- [lumo-api] [           main] liquibase.changelog                      : Custom SQL executed
lumo-e2e-api  | 2026-09-30T16:02:20.900044862Z 2026-09-30T16:02:20.899Z  INFO 1 --- [lumo-api] [           main] liquibase.changelog                      : ChangeSet db/changelog/0013-recent-channels.sql::0013-03-index-recent-channel-order::hamza ran successfully in 2ms
lumo-e2e-api  | 2026-09-30T16:02:20.901485569Z 2026-09-30T16:02:20.901Z  INFO 1 --- [lumo-api] [           main] liquibase.ui                             : Running Changeset: db/changelog/0014-favorite-group-default.sql::0014-01-add-favorite-group-is-default::hamza
lumo-e2e-api  | 2026-09-30T16:02:20.903282626Z 2026-09-30T16:02:20.903Z  INFO 1 --- [lumo-api] [           main] liquibase.changelog                      : Custom SQL executed
lumo-e2e-api  | 2026-09-30T16:02:20.903570783Z 2026-09-30T16:02:20.903Z  INFO 1 --- [lumo-api] [           main] liquibase.changelog                      : ChangeSet db/changelog/0014-favorite-group-default.sql::0014-01-add-favorite-group-is-default::hamza ran successfully in 2ms
lumo-e2e-api  | 2026-09-30T16:02:20.904883773Z 2026-09-30T16:02:20.904Z  INFO 1 --- [lumo-api] [           main] liquibase.ui                             : Running Changeset: db/changelog/0014-favorite-group-default.sql::0014-02-backfill-favorite-group-is-default::hamza
lumo-e2e-api  | 2026-09-30T16:02:20.907034654Z 2026-09-30T16:02:20.906Z  INFO 1 --- [lumo-api] [           main] liquibase.changelog                      : Custom SQL executed
lumo-e2e-api  | 2026-09-30T16:02:20.907336981Z 2026-09-30T16:02:20.907Z  INFO 1 --- [lumo-api] [           main] liquibase.changelog                      : ChangeSet db/changelog/0014-favorite-group-default.sql::0014-02-backfill-favorite-group-is-default::hamza ran successfully in 3ms
lumo-e2e-api  | 2026-09-30T16:02:20.908541568Z 2026-09-30T16:02:20.908Z  INFO 1 --- [lumo-api] [           main] liquibase.ui                             : Running Changeset: db/changelog/0014-favorite-group-default.sql::0014-03-unique-favorite-group-one-default::hamza
lumo-e2e-api  | 2026-09-30T16:02:20.910246557Z 2026-09-30T16:02:20.910Z  INFO 1 --- [lumo-api] [           main] liquibase.changelog                      : Custom SQL executed
lumo-e2e-api  | 2026-09-30T16:02:20.910561770Z 2026-09-30T16:02:20.910Z  INFO 1 --- [lumo-api] [           main] liquibase.changelog                      : ChangeSet db/changelog/0014-favorite-group-default.sql::0014-03-unique-favorite-group-one-default::hamza ran successfully in 2ms
lumo-e2e-api  | 2026-09-30T16:02:20.911813301Z 2026-09-30T16:02:20.911Z  INFO 1 --- [lumo-api] [           main] liquibase.ui                             : Running Changeset: db/changelog/0015-vod.sql::0015-01-create-vod-item::hamza
lumo-e2e-api  | 2026-09-30T16:02:20.917043324Z 2026-09-30T16:02:20.916Z  INFO 1 --- [lumo-api] [           main] liquibase.changelog                      : Custom SQL executed
lumo-e2e-api  | 2026-09-30T16:02:20.917494215Z 2026-09-30T16:02:20.917Z  INFO 1 --- [lumo-api] [           main] liquibase.changelog                      : ChangeSet db/changelog/0015-vod.sql::0015-01-create-vod-item::hamza ran successfully in 6ms
lumo-e2e-api  | 2026-09-30T16:02:20.919036695Z 2026-09-30T16:02:20.918Z  INFO 1 --- [lumo-api] [           main] liquibase.ui                             : Running Changeset: db/changelog/0015-vod.sql::0015-02-index-vod-item-listing::hamza
lumo-e2e-api  | 2026-09-30T16:02:20.921177371Z 2026-09-30T16:02:20.920Z  INFO 1 --- [lumo-api] [           main] liquibase.changelog                      : Custom SQL executed
lumo-e2e-api  | 2026-09-30T16:02:20.921578861Z 2026-09-30T16:02:20.921Z  INFO 1 --- [lumo-api] [           main] liquibase.changelog                      : ChangeSet db/changelog/0015-vod.sql::0015-02-index-vod-item-listing::hamza ran successfully in 3ms
lumo-e2e-api  | 2026-09-30T16:02:20.922791003Z 2026-09-30T16:02:20.922Z  INFO 1 --- [lumo-api] [           main] liquibase.ui                             : Running Changeset: db/changelog/0015-vod.sql::0015-03-index-vod-item-name-trigram::hamza
lumo-e2e-api  | 2026-09-30T16:02:20.924432025Z 2026-09-30T16:02:20.924Z  INFO 1 --- [lumo-api] [           main] liquibase.changelog                      : Custom SQL executed
lumo-e2e-api  | 2026-09-30T16:02:20.924848056Z 2026-09-30T16:02:20.924Z  INFO 1 --- [lumo-api] [           main] liquibase.changelog                      : ChangeSet db/changelog/0015-vod.sql::0015-03-index-vod-item-name-trigram::hamza ran successfully in 2ms
lumo-e2e-api  | 2026-09-30T16:02:20.926066008Z 2026-09-30T16:02:20.925Z  INFO 1 --- [lumo-api] [           main] liquibase.ui                             : Running Changeset: db/changelog/0015-vod.sql::0015-04-unique-vod-item-external-id::hamza
lumo-e2e-api  | 2026-09-30T16:02:20.928546847Z 2026-09-30T16:02:20.928Z  INFO 1 --- [lumo-api] [           main] liquibase.changelog                      : Custom SQL executed
lumo-e2e-api  | 2026-09-30T16:02:20.928814269Z 2026-09-30T16:02:20.928Z  INFO 1 --- [lumo-api] [           main] liquibase.changelog                      : ChangeSet db/changelog/0015-vod.sql::0015-04-unique-vod-item-external-id::hamza ran successfully in 3ms
lumo-e2e-api  | 2026-09-30T16:02:20.929844136Z 2026-09-30T16:02:20.929Z  INFO 1 --- [lumo-api] [           main] liquibase.ui                             : Running Changeset: db/changelog/0015-vod.sql::0015-05-add-playback-progress-source::hamza
lumo-e2e-api  | 2026-09-30T16:02:20.932093790Z 2026-09-30T16:02:20.931Z  INFO 1 --- [lumo-api] [           main] liquibase.changelog                      : Custom SQL executed
lumo-e2e-api  | 2026-09-30T16:02:20.932320050Z 2026-09-30T16:02:20.932Z  INFO 1 --- [lumo-api] [           main] liquibase.changelog                      : ChangeSet db/changelog/0015-vod.sql::0015-05-add-playback-progress-source::hamza ran successfully in 3ms
lumo-e2e-api  | 2026-09-30T16:02:20.933465495Z 2026-09-30T16:02:20.933Z  INFO 1 --- [lumo-api] [           main] liquibase.ui                             : Running Changeset: db/changelog/0015-vod.sql::0015-06-rekey-playback-progress::hamza
lumo-e2e-api  | 2026-09-30T16:02:20.934748799Z 2026-09-30T16:02:20.934Z  INFO 1 --- [lumo-api] [           main] liquibase.changelog                      : Custom SQL executed
lumo-e2e-api  | 2026-09-30T16:02:20.934997190Z 2026-09-30T16:02:20.934Z  INFO 1 --- [lumo-api] [           main] liquibase.changelog                      : ChangeSet db/changelog/0015-vod.sql::0015-06-rekey-playback-progress::hamza ran successfully in 1ms
lumo-e2e-api  | 2026-09-30T16:02:20.936064148Z 2026-09-30T16:02:20.935Z  INFO 1 --- [lumo-api] [           main] liquibase.ui                             : Running Changeset: db/changelog/0015-vod.sql::0015-07-playback-progress-source-not-null::hamza
lumo-e2e-api  | 2026-09-30T16:02:20.937311473Z 2026-09-30T16:02:20.937Z  INFO 1 --- [lumo-api] [           main] liquibase.changelog                      : Custom SQL executed
lumo-e2e-api  | 2026-09-30T16:02:20.937565249Z 2026-09-30T16:02:20.937Z  INFO 1 --- [lumo-api] [           main] liquibase.changelog                      : ChangeSet db/changelog/0015-vod.sql::0015-07-playback-progress-source-not-null::hamza ran successfully in 2ms
lumo-e2e-api  | 2026-09-30T16:02:20.938803739Z 2026-09-30T16:02:20.938Z  INFO 1 --- [lumo-api] [           main] liquibase.ui                             : Running Changeset: db/changelog/0015-vod.sql::0015-08-unique-playback-progress-with-source::hamza
lumo-e2e-api  | 2026-09-30T16:02:20.941154300Z 2026-09-30T16:02:20.940Z  INFO 1 --- [lumo-api] [           main] liquibase.changelog                      : Custom SQL executed
lumo-e2e-api  | 2026-09-30T16:02:20.941655063Z 2026-09-30T16:02:20.941Z  INFO 1 --- [lumo-api] [           main] liquibase.changelog                      : ChangeSet db/changelog/0015-vod.sql::0015-08-unique-playback-progress-with-source::hamza ran successfully in 3ms
lumo-e2e-api  | 2026-09-30T16:02:20.942772162Z 2026-09-30T16:02:20.942Z  INFO 1 --- [lumo-api] [           main] liquibase.ui                             : Running Changeset: db/changelog/0016-series.sql::0016-01-create-series::hamza
lumo-e2e-api  | 2026-09-30T16:02:20.948010789Z 2026-09-30T16:02:20.947Z  INFO 1 --- [lumo-api] [           main] liquibase.changelog                      : Custom SQL executed
lumo-e2e-api  | 2026-09-30T16:02:20.948544548Z 2026-09-30T16:02:20.948Z  INFO 1 --- [lumo-api] [           main] liquibase.changelog                      : ChangeSet db/changelog/0016-series.sql::0016-01-create-series::hamza ran successfully in 6ms
lumo-e2e-api  | 2026-09-30T16:02:20.950672369Z 2026-09-30T16:02:20.950Z  INFO 1 --- [lumo-api] [           main] liquibase.ui                             : Running Changeset: db/changelog/0016-series.sql::0016-02-create-season::hamza
lumo-e2e-api  | 2026-09-30T16:02:20.955304649Z 2026-09-30T16:02:20.955Z  INFO 1 --- [lumo-api] [           main] liquibase.changelog                      : Custom SQL executed
lumo-e2e-api  | 2026-09-30T16:02:20.955731785Z 2026-09-30T16:02:20.955Z  INFO 1 --- [lumo-api] [           main] liquibase.changelog                      : ChangeSet db/changelog/0016-series.sql::0016-02-create-season::hamza ran successfully in 5ms
lumo-e2e-api  | 2026-09-30T16:02:20.957686636Z 2026-09-30T16:02:20.957Z  INFO 1 --- [lumo-api] [           main] liquibase.ui                             : Running Changeset: db/changelog/0016-series.sql::0016-03-create-episode::hamza
lumo-e2e-api  | 2026-09-30T16:02:20.963334613Z 2026-09-30T16:02:20.962Z  INFO 1 --- [lumo-api] [           main] liquibase.changelog                      : Custom SQL executed
lumo-e2e-api  | 2026-09-30T16:02:20.963921803Z 2026-09-30T16:02:20.963Z  INFO 1 --- [lumo-api] [           main] liquibase.changelog                      : ChangeSet db/changelog/0016-series.sql::0016-03-create-episode::hamza ran successfully in 6ms
lumo-e2e-api  | 2026-09-30T16:02:20.965905580Z 2026-09-30T16:02:20.965Z  INFO 1 --- [lumo-api] [           main] liquibase.ui                             : Running Changeset: db/changelog/0016-series.sql::0016-04-unique-series-external-id::hamza
lumo-e2e-api  | 2026-09-30T16:02:20.969628696Z 2026-09-30T16:02:20.969Z  INFO 1 --- [lumo-api] [           main] liquibase.changelog                      : Custom SQL executed
lumo-e2e-api  | 2026-09-30T16:02:20.969972110Z 2026-09-30T16:02:20.969Z  INFO 1 --- [lumo-api] [           main] liquibase.changelog                      : ChangeSet db/changelog/0016-series.sql::0016-04-unique-series-external-id::hamza ran successfully in 4ms
lumo-e2e-api  | 2026-09-30T16:02:20.971313450Z 2026-09-30T16:02:20.971Z  INFO 1 --- [lumo-api] [           main] liquibase.ui                             : Running Changeset: db/changelog/0016-series.sql::0016-05-index-series-listing::hamza
lumo-e2e-api  | 2026-09-30T16:02:20.973363758Z 2026-09-30T16:02:20.973Z  INFO 1 --- [lumo-api] [           main] liquibase.changelog                      : Custom SQL executed
lumo-e2e-api  | 2026-09-30T16:02:20.973773539Z 2026-09-30T16:02:20.973Z  INFO 1 --- [lumo-api] [           main] liquibase.changelog                      : ChangeSet db/changelog/0016-series.sql::0016-05-index-series-listing::hamza ran successfully in 2ms
lumo-e2e-api  | 2026-09-30T16:02:20.975386981Z 2026-09-30T16:02:20.975Z  INFO 1 --- [lumo-api] [           main] liquibase.ui                             : Running Changeset: db/changelog/0016-series.sql::0016-06-index-series-name-trigram::hamza
lumo-e2e-api  | 2026-09-30T16:02:20.977009078Z 2026-09-30T16:02:20.976Z  INFO 1 --- [lumo-api] [           main] liquibase.changelog                      : Custom SQL executed
lumo-e2e-api  | 2026-09-30T16:02:20.977331867Z 2026-09-30T16:02:20.977Z  INFO 1 --- [lumo-api] [           main] liquibase.changelog                      : ChangeSet db/changelog/0016-series.sql::0016-06-index-series-name-trigram::hamza ran successfully in 2ms
lumo-e2e-api  | 2026-09-30T16:02:20.978669231Z 2026-09-30T16:02:20.978Z  INFO 1 --- [lumo-api] [           main] liquibase.ui                             : Running Changeset: db/changelog/0016-series.sql::0016-07-unique-season-number::hamza
lumo-e2e-api  | 2026-09-30T16:02:20.980586701Z 2026-09-30T16:02:20.980Z  INFO 1 --- [lumo-api] [           main] liquibase.changelog                      : Custom SQL executed
lumo-e2e-api  | 2026-09-30T16:02:20.980894409Z 2026-09-30T16:02:20.980Z  INFO 1 --- [lumo-api] [           main] liquibase.changelog                      : ChangeSet db/changelog/0016-series.sql::0016-07-unique-season-number::hamza ran successfully in 2ms
lumo-e2e-api  | 2026-09-30T16:02:20.982104485Z 2026-09-30T16:02:20.981Z  INFO 1 --- [lumo-api] [           main] liquibase.ui                             : Running Changeset: db/changelog/0016-series.sql::0016-08-unique-episode-external-id::hamza
lumo-e2e-api  | 2026-09-30T16:02:20.983897842Z 2026-09-30T16:02:20.983Z  INFO 1 --- [lumo-api] [           main] liquibase.changelog                      : Custom SQL executed
lumo-e2e-api  | 2026-09-30T16:02:20.984244791Z 2026-09-30T16:02:20.984Z  INFO 1 --- [lumo-api] [           main] liquibase.changelog                      : ChangeSet db/changelog/0016-series.sql::0016-08-unique-episode-external-id::hamza ran successfully in 1ms
lumo-e2e-api  | 2026-09-30T16:02:20.985474908Z 2026-09-30T16:02:20.985Z  INFO 1 --- [lumo-api] [           main] liquibase.ui                             : Running Changeset: db/changelog/0016-series.sql::0016-09-index-episode-tree::hamza
lumo-e2e-api  | 2026-09-30T16:02:20.987057124Z 2026-09-30T16:02:20.986Z  INFO 1 --- [lumo-api] [           main] liquibase.changelog                      : Custom SQL executed
lumo-e2e-api  | 2026-09-30T16:02:20.987427429Z 2026-09-30T16:02:20.987Z  INFO 1 --- [lumo-api] [           main] liquibase.changelog                      : ChangeSet db/changelog/0016-series.sql::0016-09-index-episode-tree::hamza ran successfully in 2ms
lumo-e2e-api  | 2026-09-30T16:02:20.988392859Z 2026-09-30T16:02:20.988Z  INFO 1 --- [lumo-api] [           main] liquibase.ui                             : Running Changeset: db/changelog/0016-series.sql::0016-10-index-episode-source::hamza
lumo-e2e-api  | 2026-09-30T16:02:20.990221341Z 2026-09-30T16:02:20.989Z  INFO 1 --- [lumo-api] [           main] liquibase.changelog                      : Custom SQL executed
lumo-e2e-api  | 2026-09-30T16:02:20.990566730Z 2026-09-30T16:02:20.990Z  INFO 1 --- [lumo-api] [           main] liquibase.changelog                      : ChangeSet db/changelog/0016-series.sql::0016-10-index-episode-source::hamza ran successfully in 2ms
lumo-e2e-api  | 2026-09-30T16:02:20.991760486Z 2026-09-30T16:02:20.991Z  INFO 1 --- [lumo-api] [           main] liquibase.ui                             : Running Changeset: db/changelog/0017-sync-step-values.sql::0017-01-widen-sync-step-check::hamza
lumo-e2e-api  | 2026-09-30T16:02:20.994262381Z 2026-09-30T16:02:20.994Z  INFO 1 --- [lumo-api] [           main] liquibase.changelog                      : Custom SQL executed
lumo-e2e-api  | 2026-09-30T16:02:20.994766509Z 2026-09-30T16:02:20.994Z  INFO 1 --- [lumo-api] [           main] liquibase.changelog                      : ChangeSet db/changelog/0017-sync-step-values.sql::0017-01-widen-sync-step-check::hamza ran successfully in 3ms
lumo-e2e-api  | 2026-09-30T16:02:20.996082444Z 2026-09-30T16:02:20.995Z  INFO 1 --- [lumo-api] [           main] liquibase.ui                             : Running Changeset: db/changelog/0017-sync-step-values.sql::0017-02-clear-errors-from-the-constraint::hamza
lumo-e2e-api  | 2026-09-30T16:02:20.997746957Z 2026-09-30T16:02:20.997Z  INFO 1 --- [lumo-api] [           main] liquibase.changelog                      : Custom SQL executed
lumo-e2e-api  | 2026-09-30T16:02:20.997997418Z 2026-09-30T16:02:20.997Z  INFO 1 --- [lumo-api] [           main] liquibase.changelog                      : ChangeSet db/changelog/0017-sync-step-values.sql::0017-02-clear-errors-from-the-constraint::hamza ran successfully in 1ms
lumo-e2e-api  | 2026-09-30T16:02:20.999256941Z 2026-09-30T16:02:20.999Z  INFO 1 --- [lumo-api] [           main] liquibase.ui                             : Running Changeset: db/changelog/0017-sync-step-values.sql::0017-03-make-the-recovered-sources-reclaimable::hamza
lumo-e2e-api  | 2026-09-30T16:02:21.000514634Z 2026-09-30T16:02:21.000Z  INFO 1 --- [lumo-api] [           main] liquibase.changelog                      : Custom SQL executed
lumo-e2e-api  | 2026-09-30T16:02:21.000767515Z 2026-09-30T16:02:21.000Z  INFO 1 --- [lumo-api] [           main] liquibase.changelog                      : ChangeSet db/changelog/0017-sync-step-values.sql::0017-03-make-the-recovered-sources-reclaimable::hamza ran successfully in 1ms
lumo-e2e-api  | 2026-09-30T16:02:21.001809542Z 2026-09-30T16:02:21.001Z  INFO 1 --- [lumo-api] [           main] liquibase.ui                             : Running Changeset: db/changelog/0018-unstamp-empty-trees.sql::0018-01-unstamp-empty-trees::hamza
lumo-e2e-api  | 2026-09-30T16:02:21.004102192Z 2026-09-30T16:02:21.003Z  INFO 1 --- [lumo-api] [           main] liquibase.changelog                      : Custom SQL executed
lumo-e2e-api  | 2026-09-30T16:02:21.004331488Z 2026-09-30T16:02:21.004Z  INFO 1 --- [lumo-api] [           main] liquibase.changelog                      : ChangeSet db/changelog/0018-unstamp-empty-trees.sql::0018-01-unstamp-empty-trees::hamza ran successfully in 3ms
lumo-e2e-api  | 2026-09-30T16:02:21.005403156Z 2026-09-30T16:02:21.005Z  INFO 1 --- [lumo-api] [           main] liquibase.ui                             : Running Changeset: db/changelog/0019-episode-audio-codec.sql::0019-01-episode-audio-codec::hamza
lumo-e2e-api  | 2026-09-30T16:02:21.007062364Z 2026-09-30T16:02:21.006Z  INFO 1 --- [lumo-api] [           main] liquibase.changelog                      : Custom SQL executed
lumo-e2e-api  | 2026-09-30T16:02:21.007390302Z 2026-09-30T16:02:21.007Z  INFO 1 --- [lumo-api] [           main] liquibase.changelog                      : ChangeSet db/changelog/0019-episode-audio-codec.sql::0019-01-episode-audio-codec::hamza ran successfully in 2ms
lumo-e2e-api  | 2026-09-30T16:02:21.008510071Z 2026-09-30T16:02:21.008Z  INFO 1 --- [lumo-api] [           main] liquibase.ui                             : Running Changeset: db/changelog/0019-episode-audio-codec.sql::0019-02-episode-audio-channels::hamza
lumo-e2e-api  | 2026-09-30T16:02:21.009908228Z 2026-09-30T16:02:21.009Z  INFO 1 --- [lumo-api] [           main] liquibase.changelog                      : Custom SQL executed
lumo-e2e-api  | 2026-09-30T16:02:21.010203930Z 2026-09-30T16:02:21.010Z  INFO 1 --- [lumo-api] [           main] liquibase.changelog                      : ChangeSet db/changelog/0019-episode-audio-codec.sql::0019-02-episode-audio-channels::hamza ran successfully in 1ms
lumo-e2e-api  | 2026-09-30T16:02:21.011262173Z 2026-09-30T16:02:21.011Z  INFO 1 --- [lumo-api] [           main] liquibase.ui                             : Running Changeset: db/changelog/0020-epg-import.sql::0020-01-source-epg-last-success-at::hamza
lumo-e2e-api  | 2026-09-30T16:02:21.012460814Z 2026-09-30T16:02:21.012Z  INFO 1 --- [lumo-api] [           main] liquibase.changelog                      : Custom SQL executed
lumo-e2e-api  | 2026-09-30T16:02:21.012767582Z 2026-09-30T16:02:21.012Z  INFO 1 --- [lumo-api] [           main] liquibase.changelog                      : ChangeSet db/changelog/0020-epg-import.sql::0020-01-source-epg-last-success-at::hamza ran successfully in 1ms
lumo-e2e-api  | 2026-09-30T16:02:21.013728237Z 2026-09-30T16:02:21.013Z  INFO 1 --- [lumo-api] [           main] liquibase.ui                             : Running Changeset: db/changelog/0020-epg-import.sql::0020-02-source-epg-attempt-started-at::hamza
lumo-e2e-api  | 2026-09-30T16:02:21.015531897Z 2026-09-30T16:02:21.015Z  INFO 1 --- [lumo-api] [           main] liquibase.changelog                      : Custom SQL executed
lumo-e2e-api  | 2026-09-30T16:02:21.015547467Z 2026-09-30T16:02:21.015Z  INFO 1 --- [lumo-api] [           main] liquibase.changelog                      : ChangeSet db/changelog/0020-epg-import.sql::0020-02-source-epg-attempt-started-at::hamza ran successfully in 2ms
lumo-e2e-api  | 2026-09-30T16:02:21.016799623Z 2026-09-30T16:02:21.016Z  INFO 1 --- [lumo-api] [           main] liquibase.ui                             : Running Changeset: db/changelog/0020-epg-import.sql::0020-03-source-epg-attempt-finished-at::hamza
lumo-e2e-api  | 2026-09-30T16:02:21.018376339Z 2026-09-30T16:02:21.018Z  INFO 1 --- [lumo-api] [           main] liquibase.changelog                      : Custom SQL executed
lumo-e2e-api  | 2026-09-30T16:02:21.018599835Z 2026-09-30T16:02:21.018Z  INFO 1 --- [lumo-api] [           main] liquibase.changelog                      : ChangeSet db/changelog/0020-epg-import.sql::0020-03-source-epg-attempt-finished-at::hamza ran successfully in 2ms
lumo-e2e-api  | 2026-09-30T16:02:21.019541725Z 2026-09-30T16:02:21.019Z  INFO 1 --- [lumo-api] [           main] liquibase.ui                             : Running Changeset: db/changelog/0020-epg-import.sql::0020-04-source-epg-attempt-status::hamza
lumo-e2e-api  | 2026-09-30T16:02:21.021190062Z 2026-09-30T16:02:21.020Z  INFO 1 --- [lumo-api] [           main] liquibase.changelog                      : Custom SQL executed
lumo-e2e-api  | 2026-09-30T16:02:21.021501141Z 2026-09-30T16:02:21.021Z  INFO 1 --- [lumo-api] [           main] liquibase.changelog                      : ChangeSet db/changelog/0020-epg-import.sql::0020-04-source-epg-attempt-status::hamza ran successfully in 2ms
lumo-e2e-api  | 2026-09-30T16:02:21.022512372Z 2026-09-30T16:02:21.022Z  INFO 1 --- [lumo-api] [           main] liquibase.ui                             : Running Changeset: db/changelog/0020-epg-import.sql::0020-05-check-source-epg-attempt-status::hamza
lumo-e2e-api  | 2026-09-30T16:02:21.024371855Z 2026-09-30T16:02:21.024Z  INFO 1 --- [lumo-api] [           main] liquibase.changelog                      : Custom SQL executed
lumo-e2e-api  | 2026-09-30T16:02:21.024674533Z 2026-09-30T16:02:21.024Z  INFO 1 --- [lumo-api] [           main] liquibase.changelog                      : ChangeSet db/changelog/0020-epg-import.sql::0020-05-check-source-epg-attempt-status::hamza ran successfully in 2ms
lumo-e2e-api  | 2026-09-30T16:02:21.025885290Z 2026-09-30T16:02:21.025Z  INFO 1 --- [lumo-api] [           main] liquibase.ui                             : Running Changeset: db/changelog/0020-epg-import.sql::0020-06-source-epg-attempt-id::hamza
lumo-e2e-api  | 2026-09-30T16:02:21.027272886Z 2026-09-30T16:02:21.027Z  INFO 1 --- [lumo-api] [           main] liquibase.changelog                      : Custom SQL executed
lumo-e2e-api  | 2026-09-30T16:02:21.027536737Z 2026-09-30T16:02:21.027Z  INFO 1 --- [lumo-api] [           main] liquibase.changelog                      : ChangeSet db/changelog/0020-epg-import.sql::0020-06-source-epg-attempt-id::hamza ran successfully in 2ms
lumo-e2e-api  | 2026-09-30T16:02:21.033326253Z 2026-09-30T16:02:21.033Z  INFO 1 --- [lumo-api] [           main] liquibase.util                           : UPDATE SUMMARY
lumo-e2e-api  | 2026-09-30T16:02:21.033350933Z 2026-09-30T16:02:21.033Z  INFO 1 --- [lumo-api] [           main] liquibase.util                           : Run:                         90
lumo-e2e-api  | 2026-09-30T16:02:21.033352774Z 2026-09-30T16:02:21.033Z  INFO 1 --- [lumo-api] [           main] liquibase.util                           : Previously run:               0
lumo-e2e-api  | 2026-09-30T16:02:21.033354564Z 2026-09-30T16:02:21.033Z  INFO 1 --- [lumo-api] [           main] liquibase.util                           : Filtered out:                 0
lumo-e2e-api  | 2026-09-30T16:02:21.033440640Z 2026-09-30T16:02:21.033Z  INFO 1 --- [lumo-api] [           main] liquibase.util                           : -------------------------------
lumo-e2e-api  | 2026-09-30T16:02:21.033448011Z 2026-09-30T16:02:21.033Z  INFO 1 --- [lumo-api] [           main] liquibase.util                           : Total change sets:           90
lumo-e2e-api  | 2026-09-30T16:02:21.033967044Z 2026-09-30T16:02:21.033Z  INFO 1 --- [lumo-api] [           main] liquibase.util                           : Update summary generated
lumo-e2e-api  | 2026-09-30T16:02:21.035791767Z 2026-09-30T16:02:21.035Z  INFO 1 --- [lumo-api] [           main] liquibase.command                        : Update command completed successfully.
lumo-e2e-api  | 2026-09-30T16:02:21.035877559Z 2026-09-30T16:02:21.035Z  INFO 1 --- [lumo-api] [           main] liquibase.ui                             : Liquibase: Update has been successful. Rows affected: 0
lumo-e2e-api  | 2026-09-30T16:02:21.038384719Z 2026-09-30T16:02:21.038Z  INFO 1 --- [lumo-api] [           main] liquibase.lockservice                    : Successfully released change log lock
lumo-e2e-api  | 2026-09-30T16:02:21.039292308Z 2026-09-30T16:02:21.039Z  INFO 1 --- [lumo-api] [           main] liquibase.command                        : Command execution complete
lumo-e2e-api  | 2026-09-30T16:02:21.806273115Z 2026-09-30T16:02:21.805Z  INFO 1 --- [lumo-api] [           main] o.s.b.a.e.web.EndpointLinksResolver      : Exposing 1 endpoint beneath base path '/actuator'
lumo-e2e-api  | 2026-09-30T16:02:21.845416297Z 2026-09-30T16:02:21.845Z  INFO 1 --- [lumo-api] [           main] o.s.boot.tomcat.TomcatWebServer          : Tomcat started on port 8080 (http) with context path '/'
lumo-e2e-api  | 2026-09-30T16:02:21.855945186Z 2026-09-30T16:02:21.855Z  INFO 1 --- [lumo-api] [           main] tv.lumo.api.LumoApiApplication           : Started LumoApiApplication in 3.889 seconds (process running for 4.162)
lumo-e2e-api  | 2026-09-30T16:02:22.821254283Z 2026-09-30T16:02:22.820Z  INFO 1 --- [lumo-api] [omcat-handler-0] o.a.c.c.C.[Tomcat].[localhost].[/]       : Initializing Spring DispatcherServlet 'dispatcherServlet'
lumo-e2e-api  | 2026-09-30T16:02:22.821313614Z 2026-09-30T16:02:22.821Z  INFO 1 --- [lumo-api] [omcat-handler-0] o.s.web.servlet.DispatcherServlet        : Initializing Servlet 'dispatcherServlet'
lumo-e2e-api  | 2026-09-30T16:02:22.821640603Z 2026-09-30T16:02:22.821Z DEBUG 1 --- [lumo-api] [omcat-handler-0] o.s.web.servlet.DispatcherServlet        : Detected StandardServletMultipartResolver
lumo-e2e-api  | 2026-09-30T16:02:22.821811967Z 2026-09-30T16:02:22.821Z DEBUG 1 --- [lumo-api] [omcat-handler-0] o.s.web.servlet.DispatcherServlet        : Detected AcceptHeaderLocaleResolver
lumo-e2e-api  | 2026-09-30T16:02:22.822979458Z 2026-09-30T16:02:22.822Z DEBUG 1 --- [lumo-api] [omcat-handler-0] o.s.web.servlet.DispatcherServlet        : Detected org.springframework.web.servlet.view.DefaultRequestToViewNameTranslator@578c99ac
lumo-e2e-api  | 2026-09-30T16:02:22.823154977Z 2026-09-30T16:02:22.822Z DEBUG 1 --- [lumo-api] [omcat-handler-0] o.s.web.servlet.DispatcherServlet        : Detected org.springframework.web.servlet.support.SessionFlashMapManager@5b72b13a
lumo-e2e-api  | 2026-09-30T16:02:22.823649453Z 2026-09-30T16:02:22.823Z DEBUG 1 --- [lumo-api] [omcat-handler-0] o.s.web.servlet.DispatcherServlet        : enableLoggingRequestDetails='false': request parameters and headers will be masked to prevent unsafe logging of potentially sensitive data
lumo-e2e-api  | 2026-09-30T16:02:22.823864661Z 2026-09-30T16:02:22.823Z  INFO 1 --- [lumo-api] [omcat-handler-0] o.s.web.servlet.DispatcherServlet        : Completed initialization in 2 ms
lumo-e2e-api  | 2026-09-30T16:02:22.839799014Z 2026-09-30T16:02:22.839Z DEBUG 1 --- [lumo-api] [omcat-handler-0] o.s.web.servlet.DispatcherServlet        : GET "/actuator/health", parameters={}
lumo-e2e-api  | 2026-09-30T16:02:22.899706682Z 2026-09-30T16:02:22.899Z DEBUG 1 --- [lumo-api] [omcat-handler-0] o.s.web.servlet.DispatcherServlet        : Completed 200 OK
lumo-e2e-api  | 2026-09-30T16:02:24.424907317Z 2026-09-30T16:02:24.424Z DEBUG 1 --- [lumo-api] [omcat-handler-1] o.s.web.servlet.DispatcherServlet        : POST "/v1/auth/register", parameters={}
lumo-e2e-api  | 2026-09-30T16:02:24.664468985Z 2026-09-30T16:02:24.663Z  WARN 1 --- [lumo-api] [omcat-handler-1] tv.lumo.api.auth.AccountMailer           : Failed to send a email verification email: MailSendException
lumo-e2e-api  | 2026-09-30T16:02:24.736654932Z 2026-09-30T16:02:24.736Z DEBUG 1 --- [lumo-api] [omcat-handler-1] o.s.web.servlet.DispatcherServlet        : Completed 201 CREATED
lumo-e2e-api  | 2026-09-30T16:02:24.791613287Z 2026-09-30T16:02:24.791Z DEBUG 1 --- [lumo-api] [omcat-handler-2] o.s.web.servlet.DispatcherServlet        : GET "/v1/me", parameters={}
lumo-e2e-api  | 2026-09-30T16:02:24.791822437Z 2026-09-30T16:02:24.791Z DEBUG 1 --- [lumo-api] [omcat-handler-3] o.s.web.servlet.DispatcherServlet        : GET "/v1/sources", parameters={}
lumo-e2e-api  | 2026-09-30T16:02:24.807734325Z 2026-09-30T16:02:24.807Z DEBUG 1 --- [lumo-api] [omcat-handler-2] o.s.web.servlet.DispatcherServlet        : Completed 200 OK
lumo-e2e-api  | 2026-09-30T16:02:24.808350841Z 2026-09-30T16:02:24.808Z DEBUG 1 --- [lumo-api] [omcat-handler-3] o.s.web.servlet.DispatcherServlet        : Completed 200 OK
lumo-e2e-api  | 2026-09-30T16:02:25.625221832Z 2026-09-30T16:02:25.624Z DEBUG 1 --- [lumo-api] [omcat-handler-4] o.s.web.servlet.DispatcherServlet        : POST "/v1/auth/register", parameters={}
lumo-e2e-api  | 2026-09-30T16:02:25.769713776Z 2026-09-30T16:02:25.769Z  WARN 1 --- [lumo-api] [omcat-handler-4] tv.lumo.api.auth.AccountMailer           : Failed to send a email verification email: MailSendException
lumo-e2e-api  | 2026-09-30T16:02:25.774009813Z 2026-09-30T16:02:25.773Z DEBUG 1 --- [lumo-api] [omcat-handler-4] o.s.web.servlet.DispatcherServlet        : Completed 201 CREATED
lumo-e2e-api  | 2026-09-30T16:02:25.810738337Z 2026-09-30T16:02:25.810Z DEBUG 1 --- [lumo-api] [omcat-handler-5] o.s.web.servlet.DispatcherServlet        : GET "/v1/me", parameters={}
lumo-e2e-api  | 2026-09-30T16:02:25.810771508Z 2026-09-30T16:02:25.810Z DEBUG 1 --- [lumo-api] [omcat-handler-6] o.s.web.servlet.DispatcherServlet        : GET "/v1/sources", parameters={}
lumo-e2e-api  | 2026-09-30T16:02:25.813494879Z 2026-09-30T16:02:25.813Z DEBUG 1 --- [lumo-api] [omcat-handler-5] o.s.web.servlet.DispatcherServlet        : Completed 200 OK
lumo-e2e-api  | 2026-09-30T16:02:25.816247630Z 2026-09-30T16:02:25.815Z DEBUG 1 --- [lumo-api] [omcat-handler-6] o.s.web.servlet.DispatcherServlet        : Completed 200 OK
lumo-e2e-api  | 2026-09-30T16:02:26.217974291Z 2026-09-30T16:02:26.217Z DEBUG 1 --- [lumo-api] [omcat-handler-7] o.s.web.servlet.DispatcherServlet        : POST "/v1/auth/register", parameters={}
lumo-e2e-api  | 2026-09-30T16:02:26.281062167Z 2026-09-30T16:02:26.280Z  WARN 1 --- [lumo-api] [omcat-handler-7] tv.lumo.api.auth.AccountMailer           : Failed to send a email verification email: MailSendException
lumo-e2e-api  | 2026-09-30T16:02:26.284468063Z 2026-09-30T16:02:26.284Z DEBUG 1 --- [lumo-api] [omcat-handler-7] o.s.web.servlet.DispatcherServlet        : Completed 201 CREATED
lumo-e2e-api  | 2026-09-30T16:02:26.295101224Z 2026-09-30T16:02:26.294Z DEBUG 1 --- [lumo-api] [omcat-handler-9] o.s.web.servlet.DispatcherServlet        : GET "/v1/sources", parameters={}
lumo-e2e-api  | 2026-09-30T16:02:26.295131945Z 2026-09-30T16:02:26.294Z DEBUG 1 --- [lumo-api] [omcat-handler-8] o.s.web.servlet.DispatcherServlet        : GET "/v1/me", parameters={}
lumo-e2e-api  | 2026-09-30T16:02:26.297654465Z 2026-09-30T16:02:26.297Z DEBUG 1 --- [lumo-api] [omcat-handler-9] o.s.web.servlet.DispatcherServlet        : Completed 200 OK
lumo-e2e-api  | 2026-09-30T16:02:26.297738017Z 2026-09-30T16:02:26.297Z DEBUG 1 --- [lumo-api] [omcat-handler-8] o.s.web.servlet.DispatcherServlet        : Completed 200 OK
lumo-e2e-api  | 2026-09-30T16:02:26.583691800Z 2026-09-30T16:02:26.583Z DEBUG 1 --- [lumo-api] [mcat-handler-10] o.s.web.servlet.DispatcherServlet        : POST "/v1/auth/register", parameters={}
lumo-e2e-api  | 2026-09-30T16:02:26.656410763Z 2026-09-30T16:02:26.656Z  WARN 1 --- [lumo-api] [mcat-handler-10] tv.lumo.api.auth.AccountMailer           : Failed to send a email verification email: MailSendException
lumo-e2e-api  | 2026-09-30T16:02:26.659338674Z 2026-09-30T16:02:26.659Z DEBUG 1 --- [lumo-api] [mcat-handler-10] o.s.web.servlet.DispatcherServlet        : Completed 201 CREATED
lumo-e2e-api  | 2026-09-30T16:02:26.670259395Z 2026-09-30T16:02:26.669Z DEBUG 1 --- [lumo-api] [mcat-handler-11] o.s.web.servlet.DispatcherServlet        : GET "/v1/me", parameters={}
lumo-e2e-api  | 2026-09-30T16:02:26.670292186Z 2026-09-30T16:02:26.669Z DEBUG 1 --- [lumo-api] [mcat-handler-12] o.s.web.servlet.DispatcherServlet        : GET "/v1/sources", parameters={}
lumo-e2e-api  | 2026-09-30T16:02:26.672710981Z 2026-09-30T16:02:26.672Z DEBUG 1 --- [lumo-api] [mcat-handler-11] o.s.web.servlet.DispatcherServlet        : Completed 200 OK
lumo-e2e-api  | 2026-09-30T16:02:26.672770780Z 2026-09-30T16:02:26.672Z DEBUG 1 --- [lumo-api] [mcat-handler-12] o.s.web.servlet.DispatcherServlet        : Completed 200 OK
lumo-e2e-api  | 2026-09-30T16:02:27.034499604Z 2026-09-30T16:02:27.034Z DEBUG 1 --- [lumo-api] [mcat-handler-13] o.s.web.servlet.DispatcherServlet        : POST "/v1/auth/register", parameters={}
lumo-e2e-api  | 2026-09-30T16:02:27.104786397Z 2026-09-30T16:02:27.104Z  WARN 1 --- [lumo-api] [mcat-handler-13] tv.lumo.api.auth.AccountMailer           : Failed to send a email verification email: MailSendException
lumo-e2e-api  | 2026-09-30T16:02:27.107844546Z 2026-09-30T16:02:27.107Z DEBUG 1 --- [lumo-api] [mcat-handler-13] o.s.web.servlet.DispatcherServlet        : Completed 201 CREATED
lumo-e2e-api  | 2026-09-30T16:02:27.119399626Z 2026-09-30T16:02:27.119Z DEBUG 1 --- [lumo-api] [mcat-handler-15] o.s.web.servlet.DispatcherServlet        : GET "/v1/sources", parameters={}
lumo-e2e-api  | 2026-09-30T16:02:27.119458558Z 2026-09-30T16:02:27.119Z DEBUG 1 --- [lumo-api] [mcat-handler-14] o.s.web.servlet.DispatcherServlet        : GET "/v1/me", parameters={}
lumo-e2e-api  | 2026-09-30T16:02:27.122009124Z 2026-09-30T16:02:27.121Z DEBUG 1 --- [lumo-api] [mcat-handler-14] o.s.web.servlet.DispatcherServlet        : Completed 200 OK
lumo-e2e-api  | 2026-09-30T16:02:27.122028964Z 2026-09-30T16:02:27.121Z DEBUG 1 --- [lumo-api] [mcat-handler-15] o.s.web.servlet.DispatcherServlet        : Completed 200 OK
lumo-e2e-api  | 2026-09-30T16:02:27.453447107Z 2026-09-30T16:02:27.453Z DEBUG 1 --- [lumo-api] [mcat-handler-16] o.s.web.servlet.DispatcherServlet        : POST "/v1/auth/register", parameters={}
lumo-e2e-api  | 2026-09-30T16:02:27.543635301Z 2026-09-30T16:02:27.543Z  WARN 1 --- [lumo-api] [mcat-handler-16] tv.lumo.api.auth.AccountMailer           : Failed to send a email verification email: MailSendException
lumo-e2e-api  | 2026-09-30T16:02:27.547161923Z 2026-09-30T16:02:27.546Z DEBUG 1 --- [lumo-api] [mcat-handler-16] o.s.web.servlet.DispatcherServlet        : Completed 201 CREATED
lumo-e2e-api  | 2026-09-30T16:02:27.561659000Z 2026-09-30T16:02:27.561Z DEBUG 1 --- [lumo-api] [mcat-handler-17] o.s.web.servlet.DispatcherServlet        : GET "/v1/me", parameters={}
lumo-e2e-api  | 2026-09-30T16:02:27.561685530Z 2026-09-30T16:02:27.561Z DEBUG 1 --- [lumo-api] [mcat-handler-18] o.s.web.servlet.DispatcherServlet        : GET "/v1/sources", parameters={}
lumo-e2e-api  | 2026-09-30T16:02:27.563986830Z 2026-09-30T16:02:27.563Z DEBUG 1 --- [lumo-api] [mcat-handler-18] o.s.web.servlet.DispatcherServlet        : Completed 200 OK
lumo-e2e-api  | 2026-09-30T16:02:27.564010791Z 2026-09-30T16:02:27.563Z DEBUG 1 --- [lumo-api] [mcat-handler-17] o.s.web.servlet.DispatcherServlet        : Completed 200 OK
lumo-e2e-api  | 2026-09-30T16:02:27.848888994Z 2026-09-30T16:02:27.848Z DEBUG 1 --- [lumo-api] [mcat-handler-19] o.s.web.servlet.DispatcherServlet        : POST "/v1/auth/register", parameters={}
lumo-e2e-api  | 2026-09-30T16:02:27.915659352Z 2026-09-30T16:02:27.915Z  WARN 1 --- [lumo-api] [mcat-handler-19] tv.lumo.api.auth.AccountMailer           : Failed to send a email verification email: MailSendException
lumo-e2e-api  | 2026-09-30T16:02:27.917929848Z 2026-09-30T16:02:27.917Z DEBUG 1 --- [lumo-api] [mcat-handler-19] o.s.web.servlet.DispatcherServlet        : Completed 201 CREATED
lumo-e2e-api  | 2026-09-30T16:02:27.927733192Z 2026-09-30T16:02:27.927Z DEBUG 1 --- [lumo-api] [mcat-handler-20] o.s.web.servlet.DispatcherServlet        : GET "/v1/me", parameters={}
lumo-e2e-api  | 2026-09-30T16:02:27.927762483Z 2026-09-30T16:02:27.927Z DEBUG 1 --- [lumo-api] [mcat-handler-21] o.s.web.servlet.DispatcherServlet        : GET "/v1/sources", parameters={}
lumo-e2e-api  | 2026-09-30T16:02:27.929750745Z 2026-09-30T16:02:27.929Z DEBUG 1 --- [lumo-api] [mcat-handler-21] o.s.web.servlet.DispatcherServlet        : Completed 200 OK
lumo-e2e-api  | 2026-09-30T16:02:27.929765395Z 2026-09-30T16:02:27.929Z DEBUG 1 --- [lumo-api] [mcat-handler-20] o.s.web.servlet.DispatcherServlet        : Completed 200 OK
lumo-e2e-api  | 2026-09-30T16:02:28.216301215Z 2026-09-30T16:02:28.215Z DEBUG 1 --- [lumo-api] [mcat-handler-22] o.s.web.servlet.DispatcherServlet        : POST "/v1/auth/register", parameters={}
lumo-e2e-api  | 2026-09-30T16:02:28.273865102Z 2026-09-30T16:02:28.273Z  WARN 1 --- [lumo-api] [mcat-handler-22] tv.lumo.api.auth.AccountMailer           : Failed to send a email verification email: MailSendException
lumo-e2e-api  | 2026-09-30T16:02:28.276383995Z 2026-09-30T16:02:28.276Z DEBUG 1 --- [lumo-api] [mcat-handler-22] o.s.web.servlet.DispatcherServlet        : Completed 201 CREATED
lumo-e2e-api  | 2026-09-30T16:02:28.284912811Z 2026-09-30T16:02:28.284Z DEBUG 1 --- [lumo-api] [mcat-handler-23] o.s.web.servlet.DispatcherServlet        : GET "/v1/me", parameters={}
lumo-e2e-api  | 2026-09-30T16:02:28.284939362Z 2026-09-30T16:02:28.284Z DEBUG 1 --- [lumo-api] [mcat-handler-24] o.s.web.servlet.DispatcherServlet        : GET "/v1/sources", parameters={}
lumo-e2e-api  | 2026-09-30T16:02:28.287094943Z 2026-09-30T16:02:28.286Z DEBUG 1 --- [lumo-api] [mcat-handler-23] o.s.web.servlet.DispatcherServlet        : Completed 200 OK
lumo-e2e-api  | 2026-09-30T16:02:28.287121514Z 2026-09-30T16:02:28.286Z DEBUG 1 --- [lumo-api] [mcat-handler-24] o.s.web.servlet.DispatcherServlet        : Completed 200 OK
lumo-e2e-api  | 2026-09-30T16:02:28.515803276Z 2026-09-30T16:02:28.515Z DEBUG 1 --- [lumo-api] [mcat-handler-25] o.s.web.servlet.DispatcherServlet        : POST "/v1/auth/register", parameters={}
lumo-e2e-api  | 2026-09-30T16:02:28.577670066Z 2026-09-30T16:02:28.577Z  WARN 1 --- [lumo-api] [mcat-handler-25] tv.lumo.api.auth.AccountMailer           : Failed to send a email verification email: MailSendException
lumo-e2e-api  | 2026-09-30T16:02:28.580210018Z 2026-09-30T16:02:28.579Z DEBUG 1 --- [lumo-api] [mcat-handler-25] o.s.web.servlet.DispatcherServlet        : Completed 201 CREATED
lumo-e2e-api  | 2026-09-30T16:02:28.589525199Z 2026-09-30T16:02:28.589Z DEBUG 1 --- [lumo-api] [mcat-handler-26] o.s.web.servlet.DispatcherServlet        : GET "/v1/me", parameters={}
lumo-e2e-api  | 2026-09-30T16:02:28.589557270Z 2026-09-30T16:02:28.589Z DEBUG 1 --- [lumo-api] [mcat-handler-27] o.s.web.servlet.DispatcherServlet        : GET "/v1/sources", parameters={}
lumo-e2e-api  | 2026-09-30T16:02:28.591313782Z 2026-09-30T16:02:28.591Z DEBUG 1 --- [lumo-api] [mcat-handler-27] o.s.web.servlet.DispatcherServlet        : Completed 200 OK
lumo-e2e-api  | 2026-09-30T16:02:28.591340983Z 2026-09-30T16:02:28.591Z DEBUG 1 --- [lumo-api] [mcat-handler-26] o.s.web.servlet.DispatcherServlet        : Completed 200 OK
lumo-e2e-api  | 2026-09-30T16:02:28.883160621Z 2026-09-30T16:02:28.882Z DEBUG 1 --- [lumo-api] [mcat-handler-28] o.s.web.servlet.DispatcherServlet        : POST "/v1/auth/register", parameters={}
lumo-e2e-api  | 2026-09-30T16:02:28.942708205Z 2026-09-30T16:02:28.942Z  WARN 1 --- [lumo-api] [mcat-handler-28] tv.lumo.api.auth.AccountMailer           : Failed to send a email verification email: MailSendException
lumo-e2e-api  | 2026-09-30T16:02:28.945081250Z 2026-09-30T16:02:28.944Z DEBUG 1 --- [lumo-api] [mcat-handler-28] o.s.web.servlet.DispatcherServlet        : Completed 201 CREATED
lumo-e2e-api  | 2026-09-30T16:02:28.954572243Z 2026-09-30T16:02:28.953Z DEBUG 1 --- [lumo-api] [mcat-handler-30] o.s.web.servlet.DispatcherServlet        : GET "/v1/sources", parameters={}
lumo-e2e-api  | 2026-09-30T16:02:28.954605604Z 2026-09-30T16:02:28.954Z DEBUG 1 --- [lumo-api] [mcat-handler-29] o.s.web.servlet.DispatcherServlet        : GET "/v1/me", parameters={}
lumo-e2e-api  | 2026-09-30T16:02:28.956489289Z 2026-09-30T16:02:28.956Z DEBUG 1 --- [lumo-api] [mcat-handler-29] o.s.web.servlet.DispatcherServlet        : Completed 200 OK
lumo-e2e-api  | 2026-09-30T16:02:28.956508040Z 2026-09-30T16:02:28.956Z DEBUG 1 --- [lumo-api] [mcat-handler-30] o.s.web.servlet.DispatcherServlet        : Completed 200 OK
lumo-e2e-api  | 2026-09-30T16:02:29.892607122Z 2026-09-30T16:02:29.892Z DEBUG 1 --- [lumo-api] [mcat-handler-31] o.s.web.servlet.DispatcherServlet        : GET "/v1/me", parameters={}
lumo-e2e-api  | 2026-09-30T16:02:29.892655614Z 2026-09-30T16:02:29.892Z DEBUG 1 --- [lumo-api] [mcat-handler-32] o.s.web.servlet.DispatcherServlet        : GET "/v1/sources", parameters={}
lumo-e2e-api  | 2026-09-30T16:02:29.895607046Z 2026-09-30T16:02:29.895Z DEBUG 1 --- [lumo-api] [mcat-handler-31] o.s.web.servlet.DispatcherServlet        : Completed 200 OK
lumo-e2e-api  | 2026-09-30T16:02:29.895636746Z 2026-09-30T16:02:29.895Z DEBUG 1 --- [lumo-api] [mcat-handler-32] o.s.web.servlet.DispatcherServlet        : Completed 200 OK
lumo-e2e-api  | 2026-09-30T16:02:29.917652670Z 2026-09-30T16:02:29.917Z DEBUG 1 --- [lumo-api] [mcat-handler-33] o.s.web.servlet.DispatcherServlet        : GET "/v1/me", parameters={}
lumo-e2e-api  | 2026-09-30T16:02:29.917685281Z 2026-09-30T16:02:29.917Z DEBUG 1 --- [lumo-api] [mcat-handler-34] o.s.web.servlet.DispatcherServlet        : GET "/v1/sources", parameters={}
lumo-e2e-api  | 2026-09-30T16:02:29.920036998Z 2026-09-30T16:02:29.919Z DEBUG 1 --- [lumo-api] [mcat-handler-34] o.s.web.servlet.DispatcherServlet        : Completed 200 OK
lumo-e2e-api  | 2026-09-30T16:02:29.920067669Z 2026-09-30T16:02:29.919Z DEBUG 1 --- [lumo-api] [mcat-handler-33] o.s.web.servlet.DispatcherServlet        : Completed 200 OK
lumo-e2e-api  | 2026-09-30T16:02:29.933443913Z 2026-09-30T16:02:29.933Z DEBUG 1 --- [lumo-api] [mcat-handler-36] o.s.web.servlet.DispatcherServlet        : GET "/v1/me", parameters={}
lumo-e2e-api  | 2026-09-30T16:02:29.933474454Z 2026-09-30T16:02:29.933Z DEBUG 1 --- [lumo-api] [mcat-handler-35] o.s.web.servlet.DispatcherServlet        : GET "/v1/me/devices", parameters={}
lumo-e2e-api  | 2026-09-30T16:02:29.933476354Z 2026-09-30T16:02:29.933Z DEBUG 1 --- [lumo-api] [mcat-handler-37] o.s.web.servlet.DispatcherServlet        : GET "/v1/sources", parameters={}
lumo-e2e-api  | 2026-09-30T16:02:29.935575620Z 2026-09-30T16:02:29.935Z DEBUG 1 --- [lumo-api] [mcat-handler-36] o.s.web.servlet.DispatcherServlet        : Completed 200 OK
lumo-e2e-api  | 2026-09-30T16:02:29.936533783Z 2026-09-30T16:02:29.936Z DEBUG 1 --- [lumo-api] [mcat-handler-37] o.s.web.servlet.DispatcherServlet        : Completed 200 OK
lumo-e2e-api  | 2026-09-30T16:02:29.945472700Z 2026-09-30T16:02:29.945Z DEBUG 1 --- [lumo-api] [mcat-handler-35] o.s.web.servlet.DispatcherServlet        : Completed 200 OK
lumo-e2e-api  | 2026-09-30T16:02:29.947473343Z 2026-09-30T16:02:29.947Z DEBUG 1 --- [lumo-api] [mcat-handler-39] o.s.web.servlet.DispatcherServlet        : GET "/v1/me/devices", parameters={}
lumo-e2e-api  | 2026-09-30T16:02:29.947516179Z 2026-09-30T16:02:29.947Z DEBUG 1 --- [lumo-api] [mcat-handler-38] o.s.web.servlet.DispatcherServlet        : GET "/v1/me/entitlement", parameters={}
lumo-e2e-api  | 2026-09-30T16:02:29.950329192Z 2026-09-30T16:02:29.950Z DEBUG 1 --- [lumo-api] [mcat-handler-39] o.s.web.servlet.DispatcherServlet        : Completed 200 OK
lumo-e2e-api  | 2026-09-30T16:02:29.963232191Z 2026-09-30T16:02:29.962Z DEBUG 1 --- [lumo-api] [mcat-handler-38] o.s.web.servlet.DispatcherServlet        : Completed 200 OK
lumo-e2e-api  | 2026-09-30T16:02:29.977749287Z 2026-09-30T16:02:29.977Z DEBUG 1 --- [lumo-api] [mcat-handler-40] o.s.web.servlet.DispatcherServlet        : GET "/v1/me", parameters={}
lumo-e2e-api  | 2026-09-30T16:02:29.977775818Z 2026-09-30T16:02:29.977Z DEBUG 1 --- [lumo-api] [mcat-handler-41] o.s.web.servlet.DispatcherServlet        : GET "/v1/sources", parameters={}
lumo-e2e-api  | 2026-09-30T16:02:29.980014903Z 2026-09-30T16:02:29.979Z DEBUG 1 --- [lumo-api] [mcat-handler-41] o.s.web.servlet.DispatcherServlet        : Completed 200 OK
lumo-e2e-api  | 2026-09-30T16:02:29.980050774Z 2026-09-30T16:02:29.979Z DEBUG 1 --- [lumo-api] [mcat-handler-40] o.s.web.servlet.DispatcherServlet        : Completed 200 OK
lumo-e2e-api  | 2026-09-30T16:02:30.212619165Z 2026-09-30T16:02:30.212Z DEBUG 1 --- [lumo-api] [mcat-handler-42] o.s.web.servlet.DispatcherServlet        : GET "/v1/sources", parameters={}
lumo-e2e-api  | 2026-09-30T16:02:30.215430482Z 2026-09-30T16:02:30.215Z DEBUG 1 --- [lumo-api] [mcat-handler-42] o.s.web.servlet.DispatcherServlet        : Completed 200 OK
lumo-e2e-api  | 2026-09-30T16:02:30.223624770Z 2026-09-30T16:02:30.223Z DEBUG 1 --- [lumo-api] [mcat-handler-43] o.s.web.servlet.DispatcherServlet        : POST "/v1/sources", parameters={}
lumo-e2e-api  | 2026-09-30T16:02:30.223737183Z 2026-09-30T16:02:30.223Z DEBUG 1 --- [lumo-api] [mcat-handler-44] o.s.web.servlet.DispatcherServlet        : POST "/v1/auth/device/approve", parameters={}
lumo-e2e-api  | 2026-09-30T16:02:30.246385991Z 2026-09-30T16:02:30.245Z DEBUG 1 --- [lumo-api] [mcat-handler-45] o.s.web.servlet.DispatcherServlet        : GET "/v1/sources", parameters={}
lumo-e2e-api  | 2026-09-30T16:02:30.248817681Z 2026-09-30T16:02:30.248Z DEBUG 1 --- [lumo-api] [mcat-handler-45] o.s.web.servlet.DispatcherServlet        : Completed 200 OK
lumo-e2e-api  | 2026-09-30T16:02:30.253591746Z 2026-09-30T16:02:30.253Z DEBUG 1 --- [lumo-api] [mcat-handler-46] o.s.web.servlet.DispatcherServlet        : POST "/v1/sources", parameters={}
lumo-e2e-api  | 2026-09-30T16:02:30.265530461Z 2026-09-30T16:02:30.265Z DEBUG 1 --- [lumo-api] [mcat-handler-48] o.s.web.servlet.DispatcherServlet        : GET "/v1/sources", parameters={}
lumo-e2e-api  | 2026-09-30T16:02:30.265564622Z 2026-09-30T16:02:30.265Z DEBUG 1 --- [lumo-api] [mcat-handler-47] o.s.web.servlet.DispatcherServlet        : GET "/v1/me", parameters={}
lumo-e2e-api  | 2026-09-30T16:02:30.267510579Z 2026-09-30T16:02:30.267Z DEBUG 1 --- [lumo-api] [mcat-handler-47] o.s.web.servlet.DispatcherServlet        : Completed 200 OK
lumo-e2e-api  | 2026-09-30T16:02:30.267849482Z 2026-09-30T16:02:30.267Z DEBUG 1 --- [lumo-api] [mcat-handler-48] o.s.web.servlet.DispatcherServlet        : Completed 200 OK
lumo-e2e-api  | 2026-09-30T16:02:30.271154522Z 2026-09-30T16:02:30.270Z DEBUG 1 --- [lumo-api] [mcat-handler-44] t.l.a.s.error.GlobalExceptionHandler     : API error DEVICE_CODE_NOT_FOUND on POST /v1/auth/device/approve
lumo-e2e-api  | 2026-09-30T16:02:30.280196269Z 2026-09-30T16:02:30.279Z  INFO 1 --- [lumo-api] [    virtual-126] tv.lumo.api.ingest.IngestionService      : Ingesting source 04c97763-5c2e-4f61-a73e-016fd3ec4c9f (M3U_URL)
lumo-e2e-api  | 2026-09-30T16:02:30.280223610Z 2026-09-30T16:02:30.279Z DEBUG 1 --- [lumo-api] [mcat-handler-50] o.s.web.servlet.DispatcherServlet        : GET "/v1/sources", parameters={}
lumo-e2e-api  | 2026-09-30T16:02:30.280392881Z 2026-09-30T16:02:30.279Z DEBUG 1 --- [lumo-api] [mcat-handler-49] o.s.web.servlet.DispatcherServlet        : GET "/v1/me", parameters={}
lumo-e2e-api  | 2026-09-30T16:02:30.281450590Z 2026-09-30T16:02:30.281Z DEBUG 1 --- [lumo-api] [mcat-handler-44] o.s.web.servlet.DispatcherServlet        : Completed 404 NOT_FOUND
lumo-e2e-api  | 2026-09-30T16:02:30.281807460Z 2026-09-30T16:02:30.281Z DEBUG 1 --- [lumo-api] [mcat-handler-49] o.s.web.servlet.DispatcherServlet        : Completed 200 OK
lumo-e2e-api  | 2026-09-30T16:02:30.281816581Z 2026-09-30T16:02:30.281Z DEBUG 1 --- [lumo-api] [mcat-handler-50] o.s.web.servlet.DispatcherServlet        : Completed 200 OK
lumo-e2e-api  | 2026-09-30T16:02:30.283455590Z 2026-09-30T16:02:30.283Z DEBUG 1 --- [lumo-api] [mcat-handler-43] o.s.web.servlet.DispatcherServlet        : Completed 202 ACCEPTED
lumo-e2e-api  | 2026-09-30T16:02:30.291724700Z 2026-09-30T16:02:30.291Z DEBUG 1 --- [lumo-api] [mcat-handler-51] o.s.web.servlet.DispatcherServlet        : GET "/v1/sources", parameters={}
lumo-e2e-api  | 2026-09-30T16:02:30.291754251Z 2026-09-30T16:02:30.291Z DEBUG 1 --- [lumo-api] [mcat-handler-52] o.s.web.servlet.DispatcherServlet        : GET "/v1/me", parameters={}
lumo-e2e-api  | 2026-09-30T16:02:30.293573731Z 2026-09-30T16:02:30.293Z DEBUG 1 --- [lumo-api] [mcat-handler-51] o.s.web.servlet.DispatcherServlet        : Completed 200 OK
lumo-e2e-api  | 2026-09-30T16:02:30.293590491Z 2026-09-30T16:02:30.293Z DEBUG 1 --- [lumo-api] [mcat-handler-52] o.s.web.servlet.DispatcherServlet        : Completed 200 OK
lumo-e2e-api  | 2026-09-30T16:02:30.300255812Z 2026-09-30T16:02:30.299Z  INFO 1 --- [lumo-api] [    virtual-134] tv.lumo.api.ingest.IngestionService      : Ingesting source 20c73bc1-31a1-48f4-aa46-4da889a90a72 (M3U_URL)
lumo-e2e-api  | 2026-09-30T16:02:30.301424670Z 2026-09-30T16:02:30.301Z DEBUG 1 --- [lumo-api] [mcat-handler-46] o.s.web.servlet.DispatcherServlet        : Completed 202 ACCEPTED
lumo-e2e-api  | 2026-09-30T16:02:30.325376882Z 2026-09-30T16:02:30.325Z DEBUG 1 --- [lumo-api] [mcat-handler-53] o.s.web.servlet.DispatcherServlet        : GET "/v1/me", parameters={}
lumo-e2e-api  | 2026-09-30T16:02:30.325407822Z 2026-09-30T16:02:30.325Z DEBUG 1 --- [lumo-api] [mcat-handler-55] o.s.web.servlet.DispatcherServlet        : GET "/v1/sources/04c97763-5c2e-4f61-a73e-016fd3ec4c9f", parameters={}
lumo-e2e-api  | 2026-09-30T16:02:30.325648433Z 2026-09-30T16:02:30.325Z DEBUG 1 --- [lumo-api] [mcat-handler-54] o.s.web.servlet.DispatcherServlet        : GET "/v1/sources", parameters={}
lumo-e2e-api  | 2026-09-30T16:02:30.327486803Z 2026-09-30T16:02:30.327Z DEBUG 1 --- [lumo-api] [mcat-handler-54] o.s.web.servlet.DispatcherServlet        : Completed 200 OK
lumo-e2e-api  | 2026-09-30T16:02:30.327509303Z 2026-09-30T16:02:30.327Z DEBUG 1 --- [lumo-api] [mcat-handler-53] o.s.web.servlet.DispatcherServlet        : Completed 200 OK
lumo-e2e-api  | 2026-09-30T16:02:30.328174349Z 2026-09-30T16:02:30.327Z DEBUG 1 --- [lumo-api] [mcat-handler-55] o.s.web.servlet.DispatcherServlet        : Completed 200 OK
lumo-e2e-api  | 2026-09-30T16:02:30.353110864Z 2026-09-30T16:02:30.352Z  INFO 1 --- [lumo-api] [    virtual-126] tv.lumo.api.ingest.IngestionService      : Source 04c97763-5c2e-4f61-a73e-016fd3ec4c9f: ingested 5 channel(s) and 0 film(s) from playlist
lumo-e2e-api  | 2026-09-30T16:02:30.353150025Z 2026-09-30T16:02:30.352Z  INFO 1 --- [lumo-api] [    virtual-134] tv.lumo.api.ingest.IngestionService      : Source 20c73bc1-31a1-48f4-aa46-4da889a90a72: ingested 5 channel(s) and 0 film(s) from playlist
lumo-e2e-api  | 2026-09-30T16:02:30.355467561Z 2026-09-30T16:02:30.355Z  INFO 1 --- [lumo-api] [    virtual-134] tv.lumo.api.ingest.IngestionService      : Source 20c73bc1-31a1-48f4-aa46-4da889a90a72 is READY
lumo-e2e-api  | 2026-09-30T16:02:30.355499072Z 2026-09-30T16:02:30.355Z  INFO 1 --- [lumo-api] [    virtual-126] tv.lumo.api.ingest.IngestionService      : Source 04c97763-5c2e-4f61-a73e-016fd3ec4c9f is READY
lumo-e2e-api  | 2026-09-30T16:02:30.368202273Z 2026-09-30T16:02:30.367Z DEBUG 1 --- [lumo-api] [mcat-handler-56] o.s.web.servlet.DispatcherServlet        : GET "/v1/me", parameters={}
lumo-e2e-api  | 2026-09-30T16:02:30.368232994Z 2026-09-30T16:02:30.368Z DEBUG 1 --- [lumo-api] [mcat-handler-58] o.s.web.servlet.DispatcherServlet        : GET "/v1/sources/20c73bc1-31a1-48f4-aa46-4da889a90a72", parameters={}
lumo-e2e-api  | 2026-09-30T16:02:30.368981669Z 2026-09-30T16:02:30.368Z DEBUG 1 --- [lumo-api] [mcat-handler-57] o.s.web.servlet.DispatcherServlet        : GET "/v1/sources", parameters={}
lumo-e2e-api  | 2026-09-30T16:02:30.370313901Z 2026-09-30T16:02:30.370Z DEBUG 1 --- [lumo-api] [mcat-handler-56] o.s.web.servlet.DispatcherServlet        : Completed 200 OK
lumo-e2e-api  | 2026-09-30T16:02:30.371899999Z 2026-09-30T16:02:30.371Z DEBUG 1 --- [lumo-api] [mcat-handler-58] o.s.web.servlet.DispatcherServlet        : Completed 200 OK
lumo-e2e-api  | 2026-09-30T16:02:30.373172380Z 2026-09-30T16:02:30.372Z DEBUG 1 --- [lumo-api] [mcat-handler-57] o.s.web.servlet.DispatcherServlet        : Completed 200 OK
lumo-e2e-api  | 2026-09-30T16:02:30.385578591Z 2026-09-30T16:02:30.385Z DEBUG 1 --- [lumo-api] [mcat-handler-59] o.s.web.servlet.DispatcherServlet        : GET "/v1/sources/20c73bc1-31a1-48f4-aa46-4da889a90a72/vod?page=0&size=1", parameters={masked}
lumo-e2e-api  | 2026-09-30T16:02:30.421069382Z 2026-09-30T16:02:30.420Z  WARN 1 --- [lumo-api] [mcat-handler-59] o.h.v.i.m.a.CascadingMetaDataBuilder     : HV000271: Using `@Valid` on a container (java.util.List) is deprecated. You should apply the annotation on the type argument(s). Affected element: CatalogApi#resolveEpisodes(UUID, List, Integer, Integer)
lumo-e2e-api  | 2026-09-30T16:02:30.424978466Z 2026-09-30T16:02:30.424Z  WARN 1 --- [lumo-api] [mcat-handler-59] o.h.v.i.m.a.CascadingMetaDataBuilder     : HV000271: Using `@Valid` on a container (java.util.List) is deprecated. You should apply the annotation on the type argument(s). Affected element: CatalogApi#listChannels(UUID, UUID, String, List, Integer, Integer)
lumo-e2e-api  | 2026-09-30T16:02:30.425583931Z 2026-09-30T16:02:30.425Z  WARN 1 --- [lumo-api] [mcat-handler-59] o.h.v.i.m.a.CascadingMetaDataBuilder     : HV000271: Using `@Valid` on a container (java.util.List) is deprecated. You should apply the annotation on the type argument(s). Affected element: CatalogApi#listVod(UUID, UUID, String, List, Integer, Integer)
lumo-e2e-api  | 2026-09-30T16:02:30.426493753Z 2026-09-30T16:02:30.426Z  WARN 1 --- [lumo-api] [mcat-handler-59] o.h.v.i.m.a.CascadingMetaDataBuilder     : HV000271: Using `@Valid` on a container (java.util.List) is deprecated. You should apply the annotation on the type argument(s). Affected element: CatalogApi#getSourceEpg(UUID, List, OffsetDateTime, OffsetDateTime)
lumo-e2e-api  | 2026-09-30T16:02:30.426960514Z 2026-09-30T16:02:30.426Z  WARN 1 --- [lumo-api] [mcat-handler-59] o.h.v.i.m.a.CascadingMetaDataBuilder     : HV000271: Using `@Valid` on a container (java.util.List) is deprecated. You should apply the annotation on the type argument(s). Affected element: CatalogApi#listSeries(UUID, UUID, String, List, Integer, Integer)
lumo-e2e-api  | 2026-09-30T16:02:30.453494098Z 2026-09-30T16:02:30.453Z DEBUG 1 --- [lumo-api] [mcat-handler-59] o.s.web.servlet.DispatcherServlet        : Completed 200 OK
lumo-e2e-api  | 2026-09-30T16:02:30.548369623Z 2026-09-30T16:02:30.548Z DEBUG 1 --- [lumo-api] [mcat-handler-61] o.s.web.servlet.DispatcherServlet        : GET "/v1/sources", parameters={}
lumo-e2e-api  | 2026-09-30T16:02:30.548400953Z 2026-09-30T16:02:30.548Z DEBUG 1 --- [lumo-api] [mcat-handler-60] o.s.web.servlet.DispatcherServlet        : GET "/v1/me", parameters={}
lumo-e2e-api  | 2026-09-30T16:02:30.550471738Z 2026-09-30T16:02:30.550Z DEBUG 1 --- [lumo-api] [mcat-handler-61] o.s.web.servlet.DispatcherServlet        : Completed 200 OK
lumo-e2e-api  | 2026-09-30T16:02:30.550501099Z 2026-09-30T16:02:30.550Z DEBUG 1 --- [lumo-api] [mcat-handler-60] o.s.web.servlet.DispatcherServlet        : Completed 200 OK
lumo-e2e-api  | 2026-09-30T16:02:30.577002872Z 2026-09-30T16:02:30.576Z DEBUG 1 --- [lumo-api] [mcat-handler-63] o.s.web.servlet.DispatcherServlet        : GET "/v1/sources", parameters={}
lumo-e2e-api  | 2026-09-30T16:02:30.577033312Z 2026-09-30T16:02:30.576Z DEBUG 1 --- [lumo-api] [mcat-handler-65] o.s.web.servlet.DispatcherServlet        : GET "/v1/me/devices", parameters={}
lumo-e2e-api  | 2026-09-30T16:02:30.577035302Z 2026-09-30T16:02:30.576Z DEBUG 1 --- [lumo-api] [mcat-handler-62] o.s.web.servlet.DispatcherServlet        : GET "/v1/me", parameters={}
lumo-e2e-api  | 2026-09-30T16:02:30.577036842Z 2026-09-30T16:02:30.576Z DEBUG 1 --- [lumo-api] [mcat-handler-64] o.s.web.servlet.DispatcherServlet        : GET "/v1/me/entitlement", parameters={}
lumo-e2e-api  | 2026-09-30T16:02:30.578905362Z 2026-09-30T16:02:30.578Z DEBUG 1 --- [lumo-api] [mcat-handler-62] o.s.web.servlet.DispatcherServlet        : Completed 200 OK
lumo-e2e-api  | 2026-09-30T16:02:30.581277790Z 2026-09-30T16:02:30.581Z DEBUG 1 --- [lumo-api] [mcat-handler-64] o.s.web.servlet.DispatcherServlet        : Completed 200 OK
lumo-e2e-api  | 2026-09-30T16:02:30.581806553Z 2026-09-30T16:02:30.581Z DEBUG 1 --- [lumo-api] [mcat-handler-63] o.s.web.servlet.DispatcherServlet        : Completed 200 OK
lumo-e2e-api  | 2026-09-30T16:02:30.582250438Z 2026-09-30T16:02:30.581Z DEBUG 1 --- [lumo-api] [mcat-handler-65] o.s.web.servlet.DispatcherServlet        : Completed 200 OK
lumo-e2e-api  | 2026-09-30T16:02:30.591307904Z 2026-09-30T16:02:30.590Z DEBUG 1 --- [lumo-api] [mcat-handler-68] o.s.web.servlet.DispatcherServlet        : GET "/v1/sources", parameters={}
lumo-e2e-api  | 2026-09-30T16:02:30.591340134Z 2026-09-30T16:02:30.590Z DEBUG 1 --- [lumo-api] [mcat-handler-67] o.s.web.servlet.DispatcherServlet        : GET "/v1/sources", parameters={}
lumo-e2e-api  | 2026-09-30T16:02:30.592155252Z 2026-09-30T16:02:30.591Z DEBUG 1 --- [lumo-api] [mcat-handler-66] o.s.web.servlet.DispatcherServlet        : GET "/v1/sources/20c73bc1-31a1-48f4-aa46-4da889a90a72/vod?page=0&size=1", parameters={masked}
lumo-e2e-api  | 2026-09-30T16:02:30.592802107Z 2026-09-30T16:02:30.592Z DEBUG 1 --- [lumo-api] [mcat-handler-69] o.s.web.servlet.DispatcherServlet        : GET "/v1/sources", parameters={}
lumo-e2e-api  | 2026-09-30T16:02:30.593008860Z 2026-09-30T16:02:30.592Z DEBUG 1 --- [lumo-api] [mcat-handler-68] o.s.web.servlet.DispatcherServlet        : Completed 200 OK
lumo-e2e-api  | 2026-09-30T16:02:30.593019830Z 2026-09-30T16:02:30.592Z DEBUG 1 --- [lumo-api] [mcat-handler-67] o.s.web.servlet.DispatcherServlet        : Completed 200 OK
lumo-e2e-api  | 2026-09-30T16:02:30.593908686Z 2026-09-30T16:02:30.593Z DEBUG 1 --- [lumo-api] [mcat-handler-69] o.s.web.servlet.DispatcherServlet        : Completed 200 OK
lumo-e2e-api  | 2026-09-30T16:02:30.597206531Z 2026-09-30T16:02:30.596Z DEBUG 1 --- [lumo-api] [mcat-handler-70] o.s.web.servlet.DispatcherServlet        : POST "/v1/sources", parameters={}
lumo-e2e-api  | 2026-09-30T16:02:30.597403495Z 2026-09-30T16:02:30.597Z DEBUG 1 --- [lumo-api] [mcat-handler-71] o.s.web.servlet.DispatcherServlet        : POST "/v1/sources", parameters={}
lumo-e2e-api  | 2026-09-30T16:02:30.598837830Z 2026-09-30T16:02:30.598Z DEBUG 1 --- [lumo-api] [mcat-handler-72] o.s.web.servlet.DispatcherServlet        : POST "/v1/sources", parameters={}
lumo-e2e-api  | 2026-09-30T16:02:30.599043898Z 2026-09-30T16:02:30.598Z DEBUG 1 --- [lumo-api] [mcat-handler-66] o.s.web.servlet.DispatcherServlet        : Completed 200 OK
lumo-e2e-api  | 2026-09-30T16:02:30.643410331Z 2026-09-30T16:02:30.643Z  INFO 1 --- [lumo-api] [    virtual-160] tv.lumo.api.ingest.IngestionService      : Ingesting source 9fda5172-414c-4afb-a635-f90ea5939657 (M3U_URL)
lumo-e2e-api  | 2026-09-30T16:02:30.644090701Z 2026-09-30T16:02:30.643Z DEBUG 1 --- [lumo-api] [mcat-handler-72] o.s.web.servlet.DispatcherServlet        : Completed 202 ACCEPTED
lumo-e2e-api  | 2026-09-30T16:02:30.644103371Z 2026-09-30T16:02:30.643Z  INFO 1 --- [lumo-api] [    virtual-162] tv.lumo.api.ingest.IngestionService      : Ingesting source 90ea8903-a69d-49cc-8647-2d112b4c8567 (M3U_URL)
lumo-e2e-api  | 2026-09-30T16:02:30.644356727Z 2026-09-30T16:02:30.644Z  INFO 1 --- [lumo-api] [    virtual-161] tv.lumo.api.ingest.IngestionService      : Ingesting source d5a51467-7a60-4d16-b1fa-0daf2205ff36 (M3U_URL)
lumo-e2e-api  | 2026-09-30T16:02:30.644812421Z 2026-09-30T16:02:30.644Z DEBUG 1 --- [lumo-api] [mcat-handler-70] o.s.web.servlet.DispatcherServlet        : Completed 202 ACCEPTED
lumo-e2e-api  | 2026-09-30T16:02:30.645687622Z 2026-09-30T16:02:30.645Z DEBUG 1 --- [lumo-api] [mcat-handler-71] o.s.web.servlet.DispatcherServlet        : Completed 202 ACCEPTED
lumo-e2e-api  | 2026-09-30T16:02:30.649635243Z 2026-09-30T16:02:30.649Z  INFO 1 --- [lumo-api] [    virtual-162] tv.lumo.api.ingest.IngestionService      : Source 90ea8903-a69d-49cc-8647-2d112b4c8567: ingested 5 channel(s) and 0 film(s) from playlist
lumo-e2e-api  | 2026-09-30T16:02:30.649661713Z 2026-09-30T16:02:30.649Z  INFO 1 --- [lumo-api] [    virtual-160] tv.lumo.api.ingest.IngestionService      : Source 9fda5172-414c-4afb-a635-f90ea5939657: ingested 5 channel(s) and 0 film(s) from playlist
lumo-e2e-api  | 2026-09-30T16:02:30.656775359Z 2026-09-30T16:02:30.656Z  INFO 1 --- [lumo-api] [    virtual-161] tv.lumo.api.ingest.IngestionService      : Source d5a51467-7a60-4d16-b1fa-0daf2205ff36: ingested 5 channel(s) and 0 film(s) from playlist
lumo-e2e-api  | 2026-09-30T16:02:30.669106639Z 2026-09-30T16:02:30.668Z DEBUG 1 --- [lumo-api] [mcat-handler-74] o.s.web.servlet.DispatcherServlet        : GET "/v1/sources", parameters={}
lumo-e2e-api  | 2026-09-30T16:02:30.669137660Z 2026-09-30T16:02:30.668Z DEBUG 1 --- [lumo-api] [mcat-handler-73] o.s.web.servlet.DispatcherServlet        : GET "/v1/me", parameters={}
lumo-e2e-api  | 2026-09-30T16:02:30.670948214Z 2026-09-30T16:02:30.670Z DEBUG 1 --- [lumo-api] [mcat-handler-73] o.s.web.servlet.DispatcherServlet        : Completed 200 OK
lumo-e2e-api  | 2026-09-30T16:02:30.671498252Z 2026-09-30T16:02:30.670Z DEBUG 1 --- [lumo-api] [mcat-handler-74] o.s.web.servlet.DispatcherServlet        : Completed 200 OK
lumo-e2e-api  | 2026-09-30T16:02:30.672509290Z 2026-09-30T16:02:30.672Z DEBUG 1 --- [lumo-api] [mcat-handler-75] o.s.web.servlet.DispatcherServlet        : GET "/v1/sources/9fda5172-414c-4afb-a635-f90ea5939657", parameters={}
lumo-e2e-api  | 2026-09-30T16:02:30.674315584Z 2026-09-30T16:02:30.674Z DEBUG 1 --- [lumo-api] [mcat-handler-75] o.s.web.servlet.DispatcherServlet        : Completed 200 OK
lumo-e2e-api  | 2026-09-30T16:02:30.674516346Z 2026-09-30T16:02:30.674Z DEBUG 1 --- [lumo-api] [mcat-handler-76] o.s.web.servlet.DispatcherServlet        : GET "/v1/me", parameters={}
lumo-e2e-api  | 2026-09-30T16:02:30.674711191Z 2026-09-30T16:02:30.674Z DEBUG 1 --- [lumo-api] [mcat-handler-77] o.s.web.servlet.DispatcherServlet        : GET "/v1/sources", parameters={}
lumo-e2e-api  | 2026-09-30T16:02:30.678257977Z 2026-09-30T16:02:30.675Z DEBUG 1 --- [lumo-api] [mcat-handler-78] o.s.web.servlet.DispatcherServlet        : GET "/v1/sources/90ea8903-a69d-49cc-8647-2d112b4c8567", parameters={}
lumo-e2e-api  | 2026-09-30T16:02:30.678289527Z 2026-09-30T16:02:30.675Z DEBUG 1 --- [lumo-api] [mcat-handler-77] o.s.web.servlet.DispatcherServlet        : Completed 200 OK
lumo-e2e-api  | 2026-09-30T16:02:30.678305158Z 2026-09-30T16:02:30.675Z DEBUG 1 --- [lumo-api] [mcat-handler-76] o.s.web.servlet.DispatcherServlet        : Completed 200 OK
lumo-e2e-api  | 2026-09-30T16:02:30.678306588Z 2026-09-30T16:02:30.676Z DEBUG 1 --- [lumo-api] [mcat-handler-78] o.s.web.servlet.DispatcherServlet        : Completed 200 OK
lumo-e2e-api  | 2026-09-30T16:02:30.678307758Z 2026-09-30T16:02:30.677Z DEBUG 1 --- [lumo-api] [mcat-handler-79] o.s.web.servlet.DispatcherServlet        : GET "/v1/me", parameters={}
lumo-e2e-api  | 2026-09-30T16:02:30.680112421Z 2026-09-30T16:02:30.679Z DEBUG 1 --- [lumo-api] [mcat-handler-79] o.s.web.servlet.DispatcherServlet        : Completed 200 OK
lumo-e2e-api  | 2026-09-30T16:02:30.694282380Z 2026-09-30T16:02:30.693Z DEBUG 1 --- [lumo-api] [mcat-handler-80] o.s.web.servlet.DispatcherServlet        : GET "/v1/sources/d5a51467-7a60-4d16-b1fa-0daf2205ff36", parameters={}
lumo-e2e-api  | 2026-09-30T16:02:30.696901238Z 2026-09-30T16:02:30.696Z DEBUG 1 --- [lumo-api] [mcat-handler-80] o.s.web.servlet.DispatcherServlet        : Completed 200 OK
lumo-e2e-api  | 2026-09-30T16:02:30.708691514Z 2026-09-30T16:02:30.708Z DEBUG 1 --- [lumo-api] [mcat-handler-81] o.s.web.servlet.DispatcherServlet        : GET "/v1/sources", parameters={}
lumo-e2e-api  | 2026-09-30T16:02:30.710893777Z 2026-09-30T16:02:30.710Z DEBUG 1 --- [lumo-api] [mcat-handler-81] o.s.web.servlet.DispatcherServlet        : Completed 200 OK
lumo-e2e-api  | 2026-09-30T16:02:30.710922758Z 2026-09-30T16:02:30.710Z DEBUG 1 --- [lumo-api] [    virtual-160] t.l.api.ingest.xmltv.XmltvStreamParser   : Parsed 191 programme(s) inside the retention window
lumo-e2e-api  | 2026-09-30T16:02:30.716772100Z 2026-09-30T16:02:30.716Z DEBUG 1 --- [lumo-api] [    virtual-161] t.l.api.ingest.xmltv.XmltvStreamParser   : Parsed 191 programme(s) inside the retention window
lumo-e2e-api  | 2026-09-30T16:02:30.738073918Z 2026-09-30T16:02:30.737Z  INFO 1 --- [lumo-api] [    virtual-160] tv.lumo.api.ingest.IngestionService      : Source 9fda5172-414c-4afb-a635-f90ea5939657 is READY
lumo-e2e-api  | 2026-09-30T16:02:30.746718908Z 2026-09-30T16:02:30.746Z  INFO 1 --- [lumo-api] [    virtual-161] tv.lumo.api.ingest.IngestionService      : Source d5a51467-7a60-4d16-b1fa-0daf2205ff36 is READY
lumo-e2e-api  | 2026-09-30T16:02:30.775581408Z 2026-09-30T16:02:30.775Z DEBUG 1 --- [lumo-api] [    virtual-162] t.l.api.ingest.xmltv.XmltvStreamParser   : Parsed 572 programme(s) inside the retention window
lumo-e2e-api  | 2026-09-30T16:02:30.782813418Z 2026-09-30T16:02:30.782Z  INFO 1 --- [lumo-api] [    virtual-162] tv.lumo.api.ingest.IngestionService      : Source 90ea8903-a69d-49cc-8647-2d112b4c8567 is READY
lumo-e2e-api  | 2026-09-30T16:02:30.784532115Z 2026-09-30T16:02:30.784Z DEBUG 1 --- [lumo-api] [mcat-handler-82] o.s.web.servlet.DispatcherServlet        : GET "/v1/me", parameters={}
lumo-e2e-api  | 2026-09-30T16:02:30.784548065Z 2026-09-30T16:02:30.784Z DEBUG 1 --- [lumo-api] [mcat-handler-84] o.s.web.servlet.DispatcherServlet        : GET "/v1/sources/20c73bc1-31a1-48f4-aa46-4da889a90a72", parameters={}
lumo-e2e-api  | 2026-09-30T16:02:30.784679118Z 2026-09-30T16:02:30.784Z DEBUG 1 --- [lumo-api] [mcat-handler-83] o.s.web.servlet.DispatcherServlet        : GET "/v1/sources", parameters={}
lumo-e2e-api  | 2026-09-30T16:02:30.786903273Z 2026-09-30T16:02:30.786Z DEBUG 1 --- [lumo-api] [mcat-handler-82] o.s.web.servlet.DispatcherServlet        : Completed 200 OK
lumo-e2e-api  | 2026-09-30T16:02:30.789585957Z 2026-09-30T16:02:30.789Z DEBUG 1 --- [lumo-api] [mcat-handler-83] o.s.web.servlet.DispatcherServlet        : Completed 200 OK
lumo-e2e-api  | 2026-09-30T16:02:30.790138691Z 2026-09-30T16:02:30.789Z DEBUG 1 --- [lumo-api] [mcat-handler-84] o.s.web.servlet.DispatcherServlet        : Completed 200 OK
lumo-e2e-api  | 2026-09-30T16:02:30.790582936Z 2026-09-30T16:02:30.790Z DEBUG 1 --- [lumo-api] [mcat-handler-85] o.s.web.servlet.DispatcherServlet        : GET "/v1/sources", parameters={}
lumo-e2e-api  | 2026-09-30T16:02:30.792477142Z 2026-09-30T16:02:30.791Z DEBUG 1 --- [lumo-api] [mcat-handler-85] o.s.web.servlet.DispatcherServlet        : Completed 200 OK
lumo-e2e-api  | 2026-09-30T16:02:30.794212209Z 2026-09-30T16:02:30.793Z DEBUG 1 --- [lumo-api] [mcat-handler-86] o.s.web.servlet.DispatcherServlet        : GET "/v1/sources/20c73bc1-31a1-48f4-aa46-4da889a90a72/vod?page=0&size=1", parameters={masked}
lumo-e2e-api  | 2026-09-30T16:02:30.795943550Z 2026-09-30T16:02:30.795Z DEBUG 1 --- [lumo-api] [mcat-handler-87] o.s.web.servlet.DispatcherServlet        : POST "/v1/sources", parameters={}
lumo-e2e-api  | 2026-09-30T16:02:30.798835600Z 2026-09-30T16:02:30.798Z DEBUG 1 --- [lumo-api] [mcat-handler-86] o.s.web.servlet.DispatcherServlet        : Completed 200 OK
lumo-e2e-api  | 2026-09-30T16:02:30.839196965Z 2026-09-30T16:02:30.838Z  INFO 1 --- [lumo-api] [    virtual-178] tv.lumo.api.ingest.IngestionService      : Ingesting source 87a5ecb8-18c5-4ffb-9e0a-c6b309b79e54 (M3U_URL)
lumo-e2e-api  | 2026-09-30T16:02:30.839880322Z 2026-09-30T16:02:30.839Z DEBUG 1 --- [lumo-api] [mcat-handler-87] o.s.web.servlet.DispatcherServlet        : Completed 202 ACCEPTED
lumo-e2e-api  | 2026-09-30T16:02:30.844717574Z 2026-09-30T16:02:30.844Z  INFO 1 --- [lumo-api] [    virtual-178] tv.lumo.api.ingest.IngestionService      : Source 87a5ecb8-18c5-4ffb-9e0a-c6b309b79e54: ingested 5 channel(s) and 0 film(s) from playlist
lumo-e2e-api  | 2026-09-30T16:02:30.849645383Z 2026-09-30T16:02:30.849Z DEBUG 1 --- [lumo-api] [mcat-handler-89] o.s.web.servlet.DispatcherServlet        : GET "/v1/sources", parameters={}
lumo-e2e-api  | 2026-09-30T16:02:30.849673644Z 2026-09-30T16:02:30.849Z DEBUG 1 --- [lumo-api] [mcat-handler-88] o.s.web.servlet.DispatcherServlet        : GET "/v1/me", parameters={}
lumo-e2e-api  | 2026-09-30T16:02:30.849713435Z 2026-09-30T16:02:30.849Z DEBUG 1 --- [lumo-api] [mcat-handler-90] o.s.web.servlet.DispatcherServlet        : GET "/v1/sources/87a5ecb8-18c5-4ffb-9e0a-c6b309b79e54", parameters={}
lumo-e2e-api  | 2026-09-30T16:02:30.851787314Z 2026-09-30T16:02:30.851Z DEBUG 1 --- [lumo-api] [mcat-handler-88] o.s.web.servlet.DispatcherServlet        : Completed 200 OK
lumo-e2e-api  | 2026-09-30T16:02:30.851809345Z 2026-09-30T16:02:30.851Z DEBUG 1 --- [lumo-api] [mcat-handler-89] o.s.web.servlet.DispatcherServlet        : Completed 200 OK
lumo-e2e-api  | 2026-09-30T16:02:30.851811165Z 2026-09-30T16:02:30.851Z DEBUG 1 --- [lumo-api] [mcat-handler-90] o.s.web.servlet.DispatcherServlet        : Completed 200 OK
lumo-e2e-api  | 2026-09-30T16:02:30.855799177Z 2026-09-30T16:02:30.855Z DEBUG 1 --- [lumo-api] [    virtual-178] t.l.api.ingest.xmltv.XmltvStreamParser   : Parsed 191 programme(s) inside the retention window
lumo-e2e-api  | 2026-09-30T16:02:30.867687726Z 2026-09-30T16:02:30.867Z  INFO 1 --- [lumo-api] [    virtual-178] tv.lumo.api.ingest.IngestionService      : Source 87a5ecb8-18c5-4ffb-9e0a-c6b309b79e54 is READY
lumo-e2e-api  | 2026-09-30T16:02:30.884961705Z 2026-09-30T16:02:30.883Z DEBUG 1 --- [lumo-api] [mcat-handler-91] o.s.web.servlet.DispatcherServlet        : GET "/v1/me", parameters={}
lumo-e2e-api  | 2026-09-30T16:02:30.884993016Z 2026-09-30T16:02:30.883Z DEBUG 1 --- [lumo-api] [mcat-handler-93] o.s.web.servlet.DispatcherServlet        : GET "/v1/sources/20c73bc1-31a1-48f4-aa46-4da889a90a72/categories?contentType=LIVE", parameters={masked}
lumo-e2e-api  | 2026-09-30T16:02:30.885008176Z 2026-09-30T16:02:30.883Z DEBUG 1 --- [lumo-api] [mcat-handler-92] o.s.web.servlet.DispatcherServlet        : GET "/v1/sources", parameters={}
lumo-e2e-api  | 2026-09-30T16:02:30.885009726Z 2026-09-30T16:02:30.883Z DEBUG 1 --- [lumo-api] [mcat-handler-94] o.s.web.servlet.DispatcherServlet        : GET "/v1/sources/20c73bc1-31a1-48f4-aa46-4da889a90a72/channels?page=0&size=50", parameters={masked}
lumo-e2e-api  | 2026-09-30T16:02:30.885011396Z 2026-09-30T16:02:30.884Z DEBUG 1 --- [lumo-api] [mcat-handler-96] o.s.web.servlet.DispatcherServlet        : GET "/v1/me/favorites", parameters={}
lumo-e2e-api  | 2026-09-30T16:02:30.885012806Z 2026-09-30T16:02:30.884Z DEBUG 1 --- [lumo-api] [mcat-handler-97] o.s.web.servlet.DispatcherServlet        : GET "/v1/me/recent-channels?limit=12", parameters={masked}
lumo-e2e-api  | 2026-09-30T16:02:30.885014196Z 2026-09-30T16:02:30.884Z DEBUG 1 --- [lumo-api] [mcat-handler-98] o.s.web.servlet.DispatcherServlet        : GET "/v1/me/favorite-groups", parameters={}
lumo-e2e-api  | 2026-09-30T16:02:30.885015376Z 2026-09-30T16:02:30.883Z DEBUG 1 --- [lumo-api] [mcat-handler-95] o.s.web.servlet.DispatcherServlet        : GET "/v1/sources/20c73bc1-31a1-48f4-aa46-4da889a90a72", parameters={}
lumo-e2e-api  | 2026-09-30T16:02:30.885936664Z 2026-09-30T16:02:30.885Z DEBUG 1 --- [lumo-api] [mcat-handler-91] o.s.web.servlet.DispatcherServlet        : Completed 200 OK
lumo-e2e-api  | 2026-09-30T16:02:30.887391874Z 2026-09-30T16:02:30.887Z DEBUG 1 --- [lumo-api] [mcat-handler-95] o.s.web.servlet.DispatcherServlet        : Completed 200 OK
lumo-e2e-api  | 2026-09-30T16:02:30.888486535Z 2026-09-30T16:02:30.888Z DEBUG 1 --- [lumo-api] [mcat-handler-92] o.s.web.servlet.DispatcherServlet        : Completed 200 OK
lumo-e2e-api  | 2026-09-30T16:02:30.895383337Z 2026-09-30T16:02:30.893Z DEBUG 1 --- [lumo-api] [mcat-handler-98] o.s.web.servlet.DispatcherServlet        : Completed 200 OK
lumo-e2e-api  | 2026-09-30T16:02:30.895414817Z 2026-09-30T16:02:30.893Z DEBUG 1 --- [lumo-api] [mcat-handler-97] o.s.web.servlet.DispatcherServlet        : Completed 200 OK
lumo-e2e-api  | 2026-09-30T16:02:30.895416857Z 2026-09-30T16:02:30.894Z DEBUG 1 --- [lumo-api] [mcat-handler-93] o.s.web.servlet.DispatcherServlet        : Completed 200 OK
lumo-e2e-api  | 2026-09-30T16:02:30.895418227Z 2026-09-30T16:02:30.895Z DEBUG 1 --- [lumo-api] [mcat-handler-96] o.s.web.servlet.DispatcherServlet        : Completed 200 OK
lumo-e2e-api  | 2026-09-30T16:02:30.897590805Z 2026-09-30T16:02:30.897Z DEBUG 1 --- [lumo-api] [mcat-handler-94] o.s.web.servlet.DispatcherServlet        : Completed 200 OK
lumo-e2e-api  | 2026-09-30T16:02:30.906182059Z 2026-09-30T16:02:30.905Z DEBUG 1 --- [lumo-api] [mcat-handler-99] o.s.web.servlet.DispatcherServlet        : GET "/v1/sources/20c73bc1-31a1-48f4-aa46-4da889a90a72/epg?channelIds=4d619439-2cc9-49b7-af0f-57fb22f95d20&channelIds=a50f046b-88c2-4e67-b8e9-51ae0c0000f0&channelIds=b9985112-160d-48b3-b6b4-63a4f8280f44&channelIds=c041ffb1-0685-4cde-acd0-6beb3bacefe1&channelIds=d84e8a60-4165-4768-be71-6205bb667856&from=2026-09-30T16%3A02%3A04.929Z&to=2026-09-30T19%3A02%3A04.929Z", parameters={masked}
lumo-e2e-api  | 2026-09-30T16:02:30.942033844Z 2026-09-30T16:02:30.941Z DEBUG 1 --- [lumo-api] [mcat-handler-99] o.s.web.servlet.DispatcherServlet        : Completed 200 OK
lumo-e2e-api  | 2026-09-30T16:02:31.057184361Z 2026-09-30T16:02:31.056Z DEBUG 1 --- [lumo-api] [cat-handler-101] o.s.web.servlet.DispatcherServlet        : GET "/v1/sources", parameters={}
lumo-e2e-api  | 2026-09-30T16:02:31.057236592Z 2026-09-30T16:02:31.056Z DEBUG 1 --- [lumo-api] [cat-handler-102] o.s.web.servlet.DispatcherServlet        : GET "/v1/me/entitlement", parameters={}
lumo-e2e-api  | 2026-09-30T16:02:31.057239282Z 2026-09-30T16:02:31.056Z DEBUG 1 --- [lumo-api] [cat-handler-103] o.s.web.servlet.DispatcherServlet        : GET "/v1/me/devices", parameters={}
lumo-e2e-api  | 2026-09-30T16:02:31.057363590Z 2026-09-30T16:02:31.056Z DEBUG 1 --- [lumo-api] [cat-handler-100] o.s.web.servlet.DispatcherServlet        : GET "/v1/me", parameters={}
lumo-e2e-api  | 2026-09-30T16:02:31.059161654Z 2026-09-30T16:02:31.058Z DEBUG 1 --- [lumo-api] [cat-handler-102] o.s.web.servlet.DispatcherServlet        : Completed 200 OK
lumo-e2e-api  | 2026-09-30T16:02:31.059316112Z 2026-09-30T16:02:31.058Z DEBUG 1 --- [lumo-api] [cat-handler-100] o.s.web.servlet.DispatcherServlet        : Completed 200 OK
lumo-e2e-api  | 2026-09-30T16:02:31.059326152Z 2026-09-30T16:02:31.058Z DEBUG 1 --- [lumo-api] [cat-handler-103] o.s.web.servlet.DispatcherServlet        : Completed 200 OK
lumo-e2e-api  | 2026-09-30T16:02:31.061074100Z 2026-09-30T16:02:31.060Z DEBUG 1 --- [lumo-api] [cat-handler-101] o.s.web.servlet.DispatcherServlet        : Completed 200 OK
lumo-e2e-api  | 2026-09-30T16:02:31.064503015Z 2026-09-30T16:02:31.064Z DEBUG 1 --- [lumo-api] [cat-handler-104] o.s.web.servlet.DispatcherServlet        : GET "/v1/sources/20c73bc1-31a1-48f4-aa46-4da889a90a72/vod?page=0&size=1", parameters={masked}
lumo-e2e-api  | 2026-09-30T16:02:31.069801735Z 2026-09-30T16:02:31.069Z DEBUG 1 --- [lumo-api] [cat-handler-104] o.s.web.servlet.DispatcherServlet        : Completed 200 OK
lumo-e2e-api  | 2026-09-30T16:02:31.215465615Z 2026-09-30T16:02:31.215Z DEBUG 1 --- [lumo-api] [cat-handler-105] o.s.web.servlet.DispatcherServlet        : GET "/v1/me", parameters={}
lumo-e2e-api  | 2026-09-30T16:02:31.215498606Z 2026-09-30T16:02:31.215Z DEBUG 1 --- [lumo-api] [cat-handler-106] o.s.web.servlet.DispatcherServlet        : GET "/v1/sources/20c73bc1-31a1-48f4-aa46-4da889a90a72", parameters={}
lumo-e2e-api  | 2026-09-30T16:02:31.215645514Z 2026-09-30T16:02:31.215Z DEBUG 1 --- [lumo-api] [cat-handler-107] o.s.web.servlet.DispatcherServlet        : GET "/v1/sources", parameters={}
lumo-e2e-api  | 2026-09-30T16:02:31.217392076Z 2026-09-30T16:02:31.217Z DEBUG 1 --- [lumo-api] [cat-handler-105] o.s.web.servlet.DispatcherServlet        : Completed 200 OK
lumo-e2e-api  | 2026-09-30T16:02:31.218246777Z 2026-09-30T16:02:31.218Z DEBUG 1 --- [lumo-api] [cat-handler-106] o.s.web.servlet.DispatcherServlet        : Completed 200 OK
lumo-e2e-api  | 2026-09-30T16:02:31.218265947Z 2026-09-30T16:02:31.218Z DEBUG 1 --- [lumo-api] [cat-handler-107] o.s.web.servlet.DispatcherServlet        : Completed 200 OK
lumo-e2e-api  | 2026-09-30T16:02:31.221460294Z 2026-09-30T16:02:31.221Z DEBUG 1 --- [lumo-api] [cat-handler-108] o.s.web.servlet.DispatcherServlet        : GET "/v1/sources/20c73bc1-31a1-48f4-aa46-4da889a90a72/vod?page=0&size=1", parameters={masked}
lumo-e2e-api  | 2026-09-30T16:02:31.225139633Z 2026-09-30T16:02:31.224Z DEBUG 1 --- [lumo-api] [cat-handler-108] o.s.web.servlet.DispatcherServlet        : Completed 200 OK
lumo-e2e-api  | 2026-09-30T16:02:31.297751075Z 2026-09-30T16:02:31.297Z DEBUG 1 --- [lumo-api] [cat-handler-110] o.s.web.servlet.DispatcherServlet        : GET "/v1/sources", parameters={}
lumo-e2e-api  | 2026-09-30T16:02:31.297857777Z 2026-09-30T16:02:31.297Z DEBUG 1 --- [lumo-api] [cat-handler-111] o.s.web.servlet.DispatcherServlet        : GET "/v1/sources/20c73bc1-31a1-48f4-aa46-4da889a90a72/categories?contentType=LIVE", parameters={masked}
lumo-e2e-api  | 2026-09-30T16:02:31.297880898Z 2026-09-30T16:02:31.297Z DEBUG 1 --- [lumo-api] [cat-handler-113] o.s.web.servlet.DispatcherServlet        : GET "/v1/sources/20c73bc1-31a1-48f4-aa46-4da889a90a72", parameters={}
lumo-e2e-api  | 2026-09-30T16:02:31.297882458Z 2026-09-30T16:02:31.297Z DEBUG 1 --- [lumo-api] [cat-handler-109] o.s.web.servlet.DispatcherServlet        : GET "/v1/me", parameters={}
lumo-e2e-api  | 2026-09-30T16:02:31.297883628Z 2026-09-30T16:02:31.297Z DEBUG 1 --- [lumo-api] [cat-handler-114] o.s.web.servlet.DispatcherServlet        : GET "/v1/me/favorites", parameters={}
lumo-e2e-api  | 2026-09-30T16:02:31.297884768Z 2026-09-30T16:02:31.297Z DEBUG 1 --- [lumo-api] [cat-handler-112] o.s.web.servlet.DispatcherServlet        : GET "/v1/sources/20c73bc1-31a1-48f4-aa46-4da889a90a72/channels?page=0&size=50", parameters={masked}
lumo-e2e-api  | 2026-09-30T16:02:31.298019581Z 2026-09-30T16:02:31.297Z DEBUG 1 --- [lumo-api] [cat-handler-116] o.s.web.servlet.DispatcherServlet        : GET "/v1/me/favorite-groups", parameters={}
lumo-e2e-api  | 2026-09-30T16:02:31.298027412Z 2026-09-30T16:02:31.297Z DEBUG 1 --- [lumo-api] [cat-handler-115] o.s.web.servlet.DispatcherServlet        : GET "/v1/me/recent-channels?limit=12", parameters={masked}
lumo-e2e-api  | 2026-09-30T16:02:31.299389982Z 2026-09-30T16:02:31.299Z DEBUG 1 --- [lumo-api] [cat-handler-109] o.s.web.servlet.DispatcherServlet        : Completed 200 OK
lumo-e2e-api  | 2026-09-30T16:02:31.300371243Z 2026-09-30T16:02:31.299Z DEBUG 1 --- [lumo-api] [cat-handler-114] o.s.web.servlet.DispatcherServlet        : Completed 200 OK
lumo-e2e-api  | 2026-09-30T16:02:31.300408404Z 2026-09-30T16:02:31.300Z DEBUG 1 --- [lumo-api] [cat-handler-113] o.s.web.servlet.DispatcherServlet        : Completed 200 OK
lumo-e2e-api  | 2026-09-30T16:02:31.300639870Z 2026-09-30T16:02:31.300Z DEBUG 1 --- [lumo-api] [cat-handler-110] o.s.web.servlet.DispatcherServlet        : Completed 200 OK
lumo-e2e-api  | 2026-09-30T16:02:31.300646800Z 2026-09-30T16:02:31.300Z DEBUG 1 --- [lumo-api] [cat-handler-115] o.s.web.servlet.DispatcherServlet        : Completed 200 OK
lumo-e2e-api  | 2026-09-30T16:02:31.301093031Z 2026-09-30T16:02:31.300Z DEBUG 1 --- [lumo-api] [cat-handler-116] o.s.web.servlet.DispatcherServlet        : Completed 200 OK
lumo-e2e-api  | 2026-09-30T16:02:31.304645591Z 2026-09-30T16:02:31.304Z DEBUG 1 --- [lumo-api] [cat-handler-111] o.s.web.servlet.DispatcherServlet        : Completed 200 OK
lumo-e2e-api  | 2026-09-30T16:02:31.305658986Z 2026-09-30T16:02:31.305Z DEBUG 1 --- [lumo-api] [cat-handler-112] o.s.web.servlet.DispatcherServlet        : Completed 200 OK
lumo-e2e-api  | 2026-09-30T16:02:31.309308053Z 2026-09-30T16:02:31.309Z DEBUG 1 --- [lumo-api] [cat-handler-117] o.s.web.servlet.DispatcherServlet        : GET "/v1/sources/20c73bc1-31a1-48f4-aa46-4da889a90a72/epg?channelIds=4d619439-2cc9-49b7-af0f-57fb22f95d20&channelIds=a50f046b-88c2-4e67-b8e9-51ae0c0000f0&channelIds=b9985112-160d-48b3-b6b4-63a4f8280f44&channelIds=c041ffb1-0685-4cde-acd0-6beb3bacefe1&channelIds=d84e8a60-4165-4768-be71-6205bb667856&from=2026-09-30T16%3A02%3A04.929Z&to=2026-09-30T19%3A02%3A04.929Z", parameters={masked}
lumo-e2e-api  | 2026-09-30T16:02:31.315276214Z 2026-09-30T16:02:31.315Z DEBUG 1 --- [lumo-api] [cat-handler-117] o.s.web.servlet.DispatcherServlet        : Completed 200 OK
lumo-e2e-api  | 2026-09-30T16:02:31.381415344Z 2026-09-30T16:02:31.381Z DEBUG 1 --- [lumo-api] [cat-handler-119] o.s.web.servlet.DispatcherServlet        : GET "/v1/sources", parameters={}
lumo-e2e-api  | 2026-09-30T16:02:31.381462245Z 2026-09-30T16:02:31.381Z DEBUG 1 --- [lumo-api] [cat-handler-118] o.s.web.servlet.DispatcherServlet        : GET "/v1/me", parameters={}
lumo-e2e-api  | 2026-09-30T16:02:31.381466425Z 2026-09-30T16:02:31.381Z DEBUG 1 --- [lumo-api] [cat-handler-124] o.s.web.servlet.DispatcherServlet        : GET "/v1/me/recent-channels?limit=12", parameters={masked}
lumo-e2e-api  | 2026-09-30T16:02:31.381476535Z 2026-09-30T16:02:31.381Z DEBUG 1 --- [lumo-api] [cat-handler-122] o.s.web.servlet.DispatcherServlet        : GET "/v1/sources/20c73bc1-31a1-48f4-aa46-4da889a90a72", parameters={}
lumo-e2e-api  | 2026-09-30T16:02:31.381771072Z 2026-09-30T16:02:31.381Z DEBUG 1 --- [lumo-api] [cat-handler-125] o.s.web.servlet.DispatcherServlet        : GET "/v1/me/favorite-groups", parameters={}
lumo-e2e-api  | 2026-09-30T16:02:31.381784413Z 2026-09-30T16:02:31.381Z DEBUG 1 --- [lumo-api] [cat-handler-121] o.s.web.servlet.DispatcherServlet        : GET "/v1/sources/20c73bc1-31a1-48f4-aa46-4da889a90a72/categories?contentType=LIVE", parameters={masked}
lumo-e2e-api  | 2026-09-30T16:02:31.382144906Z 2026-09-30T16:02:31.381Z DEBUG 1 --- [lumo-api] [cat-handler-123] o.s.web.servlet.DispatcherServlet        : GET "/v1/me/favorites", parameters={}
lumo-e2e-api  | 2026-09-30T16:02:31.382277590Z 2026-09-30T16:02:31.381Z DEBUG 1 --- [lumo-api] [cat-handler-120] o.s.web.servlet.DispatcherServlet        : GET "/v1/sources/20c73bc1-31a1-48f4-aa46-4da889a90a72/channels?categoryId=baa820c6-4a6e-4006-a37c-c19a2f8546d7&page=0&size=50", parameters={masked}
lumo-e2e-api  | 2026-09-30T16:02:31.382847213Z 2026-09-30T16:02:31.382Z DEBUG 1 --- [lumo-api] [cat-handler-118] o.s.web.servlet.DispatcherServlet        : Completed 200 OK
lumo-e2e-api  | 2026-09-30T16:02:31.383024983Z 2026-09-30T16:02:31.382Z DEBUG 1 --- [lumo-api] [cat-handler-125] o.s.web.servlet.DispatcherServlet        : Completed 200 OK
lumo-e2e-api  | 2026-09-30T16:02:31.383560146Z 2026-09-30T16:02:31.383Z DEBUG 1 --- [lumo-api] [cat-handler-122] o.s.web.servlet.DispatcherServlet        : Completed 200 OK
lumo-e2e-api  | 2026-09-30T16:02:31.383755025Z 2026-09-30T16:02:31.383Z DEBUG 1 --- [lumo-api] [cat-handler-123] o.s.web.servlet.DispatcherServlet        : Completed 200 OK
lumo-e2e-api  | 2026-09-30T16:02:31.383918209Z 2026-09-30T16:02:31.383Z DEBUG 1 --- [lumo-api] [cat-handler-119] o.s.web.servlet.DispatcherServlet        : Completed 200 OK
lumo-e2e-api  | 2026-09-30T16:02:31.383924819Z 2026-09-30T16:02:31.383Z DEBUG 1 --- [lumo-api] [cat-handler-124] o.s.web.servlet.DispatcherServlet        : Completed 200 OK
lumo-e2e-api  | 2026-09-30T16:02:31.385601150Z 2026-09-30T16:02:31.385Z DEBUG 1 --- [lumo-api] [cat-handler-120] o.s.web.servlet.DispatcherServlet        : Completed 200 OK
lumo-e2e-api  | 2026-09-30T16:02:31.389550005Z 2026-09-30T16:02:31.389Z DEBUG 1 --- [lumo-api] [cat-handler-121] o.s.web.servlet.DispatcherServlet        : Completed 200 OK
lumo-e2e-api  | 2026-09-30T16:02:31.392972259Z 2026-09-30T16:02:31.392Z DEBUG 1 --- [lumo-api] [cat-handler-126] o.s.web.servlet.DispatcherServlet        : GET "/v1/sources/20c73bc1-31a1-48f4-aa46-4da889a90a72/epg?channelIds=c041ffb1-0685-4cde-acd0-6beb3bacefe1&channelIds=d84e8a60-4165-4768-be71-6205bb667856&from=2026-09-30T16%3A02%3A04.929Z&to=2026-09-30T19%3A02%3A04.929Z", parameters={masked}
lumo-e2e-api  | 2026-09-30T16:02:31.398986334Z 2026-09-30T16:02:31.398Z DEBUG 1 --- [lumo-api] [cat-handler-126] o.s.web.servlet.DispatcherServlet        : Completed 200 OK
lumo-e2e-api  | 2026-09-30T16:02:31.439432130Z 2026-09-30T16:02:31.439Z DEBUG 1 --- [lumo-api] [cat-handler-127] o.s.web.servlet.DispatcherServlet        : GET "/v1/me", parameters={}
lumo-e2e-api  | 2026-09-30T16:02:31.439462341Z 2026-09-30T16:02:31.439Z DEBUG 1 --- [lumo-api] [cat-handler-129] o.s.web.servlet.DispatcherServlet        : GET "/v1/sources", parameters={}
lumo-e2e-api  | 2026-09-30T16:02:31.439464271Z 2026-09-30T16:02:31.439Z DEBUG 1 --- [lumo-api] [cat-handler-130] o.s.web.servlet.DispatcherServlet        : GET "/v1/me/devices", parameters={}
lumo-e2e-api  | 2026-09-30T16:02:31.439472121Z 2026-09-30T16:02:31.439Z DEBUG 1 --- [lumo-api] [cat-handler-128] o.s.web.servlet.DispatcherServlet        : GET "/v1/me/entitlement", parameters={}
lumo-e2e-api  | 2026-09-30T16:02:31.441347366Z 2026-09-30T16:02:31.441Z DEBUG 1 --- [lumo-api] [cat-handler-127] o.s.web.servlet.DispatcherServlet        : Completed 200 OK
lumo-e2e-api  | 2026-09-30T16:02:31.441364767Z 2026-09-30T16:02:31.441Z DEBUG 1 --- [lumo-api] [cat-handler-128] o.s.web.servlet.DispatcherServlet        : Completed 200 OK
lumo-e2e-api  | 2026-09-30T16:02:31.441470264Z 2026-09-30T16:02:31.441Z DEBUG 1 --- [lumo-api] [cat-handler-130] o.s.web.servlet.DispatcherServlet        : Completed 200 OK
lumo-e2e-api  | 2026-09-30T16:02:31.441917345Z 2026-09-30T16:02:31.441Z DEBUG 1 --- [lumo-api] [cat-handler-129] o.s.web.servlet.DispatcherServlet        : Completed 200 OK
lumo-e2e-api  | 2026-09-30T16:02:31.445419279Z 2026-09-30T16:02:31.445Z DEBUG 1 --- [lumo-api] [cat-handler-131] o.s.web.servlet.DispatcherServlet        : GET "/v1/sources/20c73bc1-31a1-48f4-aa46-4da889a90a72/vod?page=0&size=1", parameters={masked}
lumo-e2e-api  | 2026-09-30T16:02:31.450659028Z 2026-09-30T16:02:31.450Z DEBUG 1 --- [lumo-api] [cat-handler-131] o.s.web.servlet.DispatcherServlet        : Completed 200 OK
lumo-e2e-api  | 2026-09-30T16:02:31.514641953Z 2026-09-30T16:02:31.514Z DEBUG 1 --- [lumo-api] [cat-handler-134] o.s.web.servlet.DispatcherServlet        : GET "/v1/sources/20c73bc1-31a1-48f4-aa46-4da889a90a72", parameters={}
lumo-e2e-api  | 2026-09-30T16:02:31.514672894Z 2026-09-30T16:02:31.514Z DEBUG 1 --- [lumo-api] [cat-handler-133] o.s.web.servlet.DispatcherServlet        : GET "/v1/sources", parameters={}
lumo-e2e-api  | 2026-09-30T16:02:31.514675324Z 2026-09-30T16:02:31.514Z DEBUG 1 --- [lumo-api] [cat-handler-132] o.s.web.servlet.DispatcherServlet        : GET "/v1/me", parameters={}
lumo-e2e-api  | 2026-09-30T16:02:31.516562774Z 2026-09-30T16:02:31.516Z DEBUG 1 --- [lumo-api] [cat-handler-132] o.s.web.servlet.DispatcherServlet        : Completed 200 OK
lumo-e2e-api  | 2026-09-30T16:02:31.517329658Z 2026-09-30T16:02:31.517Z DEBUG 1 --- [lumo-api] [cat-handler-133] o.s.web.servlet.DispatcherServlet        : Completed 200 OK
lumo-e2e-api  | 2026-09-30T16:02:31.517651325Z 2026-09-30T16:02:31.517Z DEBUG 1 --- [lumo-api] [cat-handler-134] o.s.web.servlet.DispatcherServlet        : Completed 200 OK
lumo-e2e-api  | 2026-09-30T16:02:31.521237648Z 2026-09-30T16:02:31.520Z DEBUG 1 --- [lumo-api] [cat-handler-135] o.s.web.servlet.DispatcherServlet        : GET "/v1/sources/20c73bc1-31a1-48f4-aa46-4da889a90a72/vod?page=0&size=1", parameters={masked}
lumo-e2e-api  | 2026-09-30T16:02:31.525345228Z 2026-09-30T16:02:31.525Z DEBUG 1 --- [lumo-api] [cat-handler-135] o.s.web.servlet.DispatcherServlet        : Completed 200 OK
lumo-e2e-api  | 2026-09-30T16:02:31.597437391Z 2026-09-30T16:02:31.597Z DEBUG 1 --- [lumo-api] [cat-handler-137] o.s.web.servlet.DispatcherServlet        : GET "/v1/sources", parameters={}
lumo-e2e-api  | 2026-09-30T16:02:31.597914782Z 2026-09-30T16:02:31.597Z DEBUG 1 --- [lumo-api] [cat-handler-136] o.s.web.servlet.DispatcherServlet        : GET "/v1/me", parameters={}
lumo-e2e-api  | 2026-09-30T16:02:31.597940833Z 2026-09-30T16:02:31.597Z DEBUG 1 --- [lumo-api] [cat-handler-139] o.s.web.servlet.DispatcherServlet        : GET "/v1/sources/20c73bc1-31a1-48f4-aa46-4da889a90a72/channels?page=0&size=50", parameters={masked}
lumo-e2e-api  | 2026-09-30T16:02:31.597944303Z 2026-09-30T16:02:31.597Z DEBUG 1 --- [lumo-api] [cat-handler-138] o.s.web.servlet.DispatcherServlet        : GET "/v1/sources/20c73bc1-31a1-48f4-aa46-4da889a90a72/categories?contentType=LIVE", parameters={masked}
lumo-e2e-api  | 2026-09-30T16:02:31.597952533Z 2026-09-30T16:02:31.597Z DEBUG 1 --- [lumo-api] [cat-handler-140] o.s.web.servlet.DispatcherServlet        : GET "/v1/sources/20c73bc1-31a1-48f4-aa46-4da889a90a72", parameters={}
lumo-e2e-api  | 2026-09-30T16:02:31.598775958Z 2026-09-30T16:02:31.598Z DEBUG 1 --- [lumo-api] [cat-handler-141] o.s.web.servlet.DispatcherServlet        : GET "/v1/me/favorites", parameters={}
lumo-e2e-api  | 2026-09-30T16:02:31.599741466Z 2026-09-30T16:02:31.599Z DEBUG 1 --- [lumo-api] [cat-handler-142] o.s.web.servlet.DispatcherServlet        : GET "/v1/me/favorite-groups", parameters={}
lumo-e2e-api  | 2026-09-30T16:02:31.599752817Z 2026-09-30T16:02:31.599Z DEBUG 1 --- [lumo-api] [cat-handler-143] o.s.web.servlet.DispatcherServlet        : GET "/v1/me/recent-channels?limit=12", parameters={masked}
lumo-e2e-api  | 2026-09-30T16:02:31.600455654Z 2026-09-30T16:02:31.600Z DEBUG 1 --- [lumo-api] [cat-handler-136] o.s.web.servlet.DispatcherServlet        : Completed 200 OK
lumo-e2e-api  | 2026-09-30T16:02:31.600726880Z 2026-09-30T16:02:31.600Z DEBUG 1 --- [lumo-api] [cat-handler-141] o.s.web.servlet.DispatcherServlet        : Completed 200 OK
lumo-e2e-api  | 2026-09-30T16:02:31.601346983Z 2026-09-30T16:02:31.601Z DEBUG 1 --- [lumo-api] [cat-handler-142] o.s.web.servlet.DispatcherServlet        : Completed 200 OK
lumo-e2e-api  | 2026-09-30T16:02:31.601485866Z 2026-09-30T16:02:31.601Z DEBUG 1 --- [lumo-api] [cat-handler-137] o.s.web.servlet.DispatcherServlet        : Completed 200 OK
lumo-e2e-api  | 2026-09-30T16:02:31.603182640Z 2026-09-30T16:02:31.603Z DEBUG 1 --- [lumo-api] [cat-handler-143] o.s.web.servlet.DispatcherServlet        : Completed 200 OK
lumo-e2e-api  | 2026-09-30T16:02:31.603454431Z 2026-09-30T16:02:31.603Z DEBUG 1 --- [lumo-api] [cat-handler-139] o.s.web.servlet.DispatcherServlet        : Completed 200 OK
lumo-e2e-api  | 2026-09-30T16:02:31.603894275Z 2026-09-30T16:02:31.603Z DEBUG 1 --- [lumo-api] [cat-handler-140] o.s.web.servlet.DispatcherServlet        : Completed 200 OK
lumo-e2e-api  | 2026-09-30T16:02:31.604829908Z 2026-09-30T16:02:31.604Z DEBUG 1 --- [lumo-api] [cat-handler-138] o.s.web.servlet.DispatcherServlet        : Completed 200 OK
lumo-e2e-api  | 2026-09-30T16:02:31.610974854Z 2026-09-30T16:02:31.610Z DEBUG 1 --- [lumo-api] [cat-handler-144] o.s.web.servlet.DispatcherServlet        : GET "/v1/sources/20c73bc1-31a1-48f4-aa46-4da889a90a72/epg?channelIds=4d619439-2cc9-49b7-af0f-57fb22f95d20&channelIds=a50f046b-88c2-4e67-b8e9-51ae0c0000f0&channelIds=b9985112-160d-48b3-b6b4-63a4f8280f44&channelIds=c041ffb1-0685-4cde-acd0-6beb3bacefe1&channelIds=d84e8a60-4165-4768-be71-6205bb667856&from=2026-09-30T16%3A02%3A04.929Z&to=2026-09-30T19%3A02%3A04.929Z", parameters={masked}
lumo-e2e-api  | 2026-09-30T16:02:31.616954093Z 2026-09-30T16:02:31.616Z DEBUG 1 --- [lumo-api] [cat-handler-144] o.s.web.servlet.DispatcherServlet        : Completed 200 OK
lumo-e2e-api  | 2026-09-30T16:02:31.712198052Z 2026-09-30T16:02:31.711Z DEBUG 1 --- [lumo-api] [cat-handler-148] o.s.web.servlet.DispatcherServlet        : GET "/v1/sources/20c73bc1-31a1-48f4-aa46-4da889a90a72/channels?q=cha%C3%AEne%2003&page=0&size=50", parameters={masked}
lumo-e2e-api  | 2026-09-30T16:02:31.712241523Z 2026-09-30T16:02:31.711Z DEBUG 1 --- [lumo-api] [cat-handler-146] o.s.web.servlet.DispatcherServlet        : GET "/v1/sources", parameters={}
lumo-e2e-api  | 2026-09-30T16:02:31.712243493Z 2026-09-30T16:02:31.711Z DEBUG 1 --- [lumo-api] [cat-handler-151] o.s.web.servlet.DispatcherServlet        : GET "/v1/me/recent-channels?limit=12", parameters={masked}
lumo-e2e-api  | 2026-09-30T16:02:31.712244943Z 2026-09-30T16:02:31.711Z DEBUG 1 --- [lumo-api] [cat-handler-149] o.s.web.servlet.DispatcherServlet        : GET "/v1/sources/20c73bc1-31a1-48f4-aa46-4da889a90a72", parameters={}
lumo-e2e-api  | 2026-09-30T16:02:31.712246223Z 2026-09-30T16:02:31.711Z DEBUG 1 --- [lumo-api] [cat-handler-150] o.s.web.servlet.DispatcherServlet        : GET "/v1/me/favorites", parameters={}
lumo-e2e-api  | 2026-09-30T16:02:31.712247403Z 2026-09-30T16:02:31.711Z DEBUG 1 --- [lumo-api] [cat-handler-147] o.s.web.servlet.DispatcherServlet        : GET "/v1/sources/20c73bc1-31a1-48f4-aa46-4da889a90a72/categories?contentType=LIVE", parameters={masked}
lumo-e2e-api  | 2026-09-30T16:02:31.712248663Z 2026-09-30T16:02:31.711Z DEBUG 1 --- [lumo-api] [cat-handler-145] o.s.web.servlet.DispatcherServlet        : GET "/v1/me", parameters={}
lumo-e2e-api  | 2026-09-30T16:02:31.712249853Z 2026-09-30T16:02:31.711Z DEBUG 1 --- [lumo-api] [cat-handler-152] o.s.web.servlet.DispatcherServlet        : GET "/v1/me/favorite-groups", parameters={}
lumo-e2e-api  | 2026-09-30T16:02:31.713897580Z 2026-09-30T16:02:31.713Z DEBUG 1 --- [lumo-api] [cat-handler-145] o.s.web.servlet.DispatcherServlet        : Completed 200 OK
lumo-e2e-api  | 2026-09-30T16:02:31.713996803Z 2026-09-30T16:02:31.713Z DEBUG 1 --- [lumo-api] [cat-handler-152] o.s.web.servlet.DispatcherServlet        : Completed 200 OK
lumo-e2e-api  | 2026-09-30T16:02:31.714325661Z 2026-09-30T16:02:31.713Z DEBUG 1 --- [lumo-api] [cat-handler-147] o.s.web.servlet.DispatcherServlet        : Completed 200 OK
lumo-e2e-api  | 2026-09-30T16:02:31.714345331Z 2026-09-30T16:02:31.713Z DEBUG 1 --- [lumo-api] [cat-handler-150] o.s.web.servlet.DispatcherServlet        : Completed 200 OK
lumo-e2e-api  | 2026-09-30T16:02:31.714349351Z 2026-09-30T16:02:31.713Z DEBUG 1 --- [lumo-api] [cat-handler-151] o.s.web.servlet.DispatcherServlet        : Completed 200 OK
lumo-e2e-api  | 2026-09-30T16:02:31.714350861Z 2026-09-30T16:02:31.713Z DEBUG 1 --- [lumo-api] [cat-handler-146] o.s.web.servlet.DispatcherServlet        : Completed 200 OK
lumo-e2e-api  | 2026-09-30T16:02:31.715868999Z 2026-09-30T16:02:31.715Z DEBUG 1 --- [lumo-api] [cat-handler-149] o.s.web.servlet.DispatcherServlet        : Completed 200 OK
lumo-e2e-api  | 2026-09-30T16:02:31.726645799Z 2026-09-30T16:02:31.726Z DEBUG 1 --- [lumo-api] [cat-handler-148] o.s.web.servlet.DispatcherServlet        : Completed 200 OK
lumo-e2e-api  | 2026-09-30T16:02:31.730617041Z 2026-09-30T16:02:31.730Z DEBUG 1 --- [lumo-api] [cat-handler-153] o.s.web.servlet.DispatcherServlet        : GET "/v1/sources/20c73bc1-31a1-48f4-aa46-4da889a90a72/epg?channelIds=c041ffb1-0685-4cde-acd0-6beb3bacefe1&from=2026-09-30T16%3A02%3A04.929Z&to=2026-09-30T19%3A02%3A04.929Z", parameters={masked}
lumo-e2e-api  | 2026-09-30T16:02:31.737033027Z 2026-09-30T16:02:31.736Z DEBUG 1 --- [lumo-api] [cat-handler-153] o.s.web.servlet.DispatcherServlet        : Completed 200 OK
lumo-e2e-api  | 2026-09-30T16:02:31.827123200Z 2026-09-30T16:02:31.826Z DEBUG 1 --- [lumo-api] [cat-handler-158] o.s.web.servlet.DispatcherServlet        : GET "/v1/sources/20c73bc1-31a1-48f4-aa46-4da889a90a72", parameters={}
lumo-e2e-api  | 2026-09-30T16:02:31.827169371Z 2026-09-30T16:02:31.826Z DEBUG 1 --- [lumo-api] [cat-handler-160] o.s.web.servlet.DispatcherServlet        : GET "/v1/me/recent-channels?limit=12", parameters={masked}
lumo-e2e-api  | 2026-09-30T16:02:31.827173751Z 2026-09-30T16:02:31.826Z DEBUG 1 --- [lumo-api] [cat-handler-154] o.s.web.servlet.DispatcherServlet        : GET "/v1/me", parameters={}
lumo-e2e-api  | 2026-09-30T16:02:31.827317439Z 2026-09-30T16:02:31.826Z DEBUG 1 --- [lumo-api] [cat-handler-159] o.s.web.servlet.DispatcherServlet        : GET "/v1/me/favorites", parameters={}
lumo-e2e-api  | 2026-09-30T16:02:31.827328230Z 2026-09-30T16:02:31.826Z DEBUG 1 --- [lumo-api] [cat-handler-157] o.s.web.servlet.DispatcherServlet        : GET "/v1/sources/20c73bc1-31a1-48f4-aa46-4da889a90a72/channels?q=zzzz&page=0&size=50", parameters={masked}
lumo-e2e-api  | 2026-09-30T16:02:31.827334710Z 2026-09-30T16:02:31.826Z DEBUG 1 --- [lumo-api] [cat-handler-156] o.s.web.servlet.DispatcherServlet        : GET "/v1/sources/20c73bc1-31a1-48f4-aa46-4da889a90a72/categories?contentType=LIVE", parameters={masked}
lumo-e2e-api  | 2026-09-30T16:02:31.827336220Z 2026-09-30T16:02:31.826Z DEBUG 1 --- [lumo-api] [cat-handler-155] o.s.web.servlet.DispatcherServlet        : GET "/v1/sources", parameters={}
lumo-e2e-api  | 2026-09-30T16:02:31.827435822Z 2026-09-30T16:02:31.827Z DEBUG 1 --- [lumo-api] [cat-handler-161] o.s.web.servlet.DispatcherServlet        : GET "/v1/me/favorite-groups", parameters={}
lumo-e2e-api  | 2026-09-30T16:02:31.828657202Z 2026-09-30T16:02:31.828Z DEBUG 1 --- [lumo-api] [cat-handler-154] o.s.web.servlet.DispatcherServlet        : Completed 200 OK
lumo-e2e-api  | 2026-09-30T16:02:31.828665662Z 2026-09-30T16:02:31.828Z DEBUG 1 --- [lumo-api] [cat-handler-161] o.s.web.servlet.DispatcherServlet        : Completed 200 OK
lumo-e2e-api  | 2026-09-30T16:02:31.829003060Z 2026-09-30T16:02:31.828Z DEBUG 1 --- [lumo-api] [cat-handler-159] o.s.web.servlet.DispatcherServlet        : Completed 200 OK
lumo-e2e-api  | 2026-09-30T16:02:31.829132433Z 2026-09-30T16:02:31.828Z DEBUG 1 --- [lumo-api] [cat-handler-160] o.s.web.servlet.DispatcherServlet        : Completed 200 OK
lumo-e2e-api  | 2026-09-30T16:02:31.829270557Z 2026-09-30T16:02:31.829Z DEBUG 1 --- [lumo-api] [cat-handler-158] o.s.web.servlet.DispatcherServlet        : Completed 200 OK
lumo-e2e-api  | 2026-09-30T16:02:31.829733808Z 2026-09-30T16:02:31.829Z DEBUG 1 --- [lumo-api] [cat-handler-155] o.s.web.servlet.DispatcherServlet        : Completed 200 OK
lumo-e2e-api  | 2026-09-30T16:02:31.832801763Z 2026-09-30T16:02:31.832Z DEBUG 1 --- [lumo-api] [cat-handler-156] o.s.web.servlet.DispatcherServlet        : Completed 200 OK
lumo-e2e-api  | 2026-09-30T16:02:31.834137946Z 2026-09-30T16:02:31.833Z DEBUG 1 --- [lumo-api] [cat-handler-157] o.s.web.servlet.DispatcherServlet        : Completed 200 OK
lumo-e2e-api  | 2026-09-30T16:02:31.910042312Z 2026-09-30T16:02:31.909Z DEBUG 1 --- [lumo-api] [cat-handler-165] o.s.web.servlet.DispatcherServlet        : GET "/v1/me/devices", parameters={}
lumo-e2e-api  | 2026-09-30T16:02:31.910072983Z 2026-09-30T16:02:31.909Z DEBUG 1 --- [lumo-api] [cat-handler-163] o.s.web.servlet.DispatcherServlet        : GET "/v1/sources", parameters={}
lumo-e2e-api  | 2026-09-30T16:02:31.910092478Z 2026-09-30T16:02:31.909Z DEBUG 1 --- [lumo-api] [cat-handler-162] o.s.web.servlet.DispatcherServlet        : GET "/v1/me", parameters={}
lumo-e2e-api  | 2026-09-30T16:02:31.910214251Z 2026-09-30T16:02:31.909Z DEBUG 1 --- [lumo-api] [cat-handler-164] o.s.web.servlet.DispatcherServlet        : GET "/v1/me/entitlement", parameters={}
lumo-e2e-api  | 2026-09-30T16:02:31.911638231Z 2026-09-30T16:02:31.911Z DEBUG 1 --- [lumo-api] [cat-handler-165] o.s.web.servlet.DispatcherServlet        : Completed 200 OK
lumo-e2e-api  | 2026-09-30T16:02:31.911646581Z 2026-09-30T16:02:31.911Z DEBUG 1 --- [lumo-api] [cat-handler-162] o.s.web.servlet.DispatcherServlet        : Completed 200 OK
lumo-e2e-api  | 2026-09-30T16:02:31.911827150Z 2026-09-30T16:02:31.911Z DEBUG 1 --- [lumo-api] [cat-handler-164] o.s.web.servlet.DispatcherServlet        : Completed 200 OK
lumo-e2e-api  | 2026-09-30T16:02:31.912305691Z 2026-09-30T16:02:31.912Z DEBUG 1 --- [lumo-api] [cat-handler-163] o.s.web.servlet.DispatcherServlet        : Completed 200 OK
lumo-e2e-api  | 2026-09-30T16:02:31.915504314Z 2026-09-30T16:02:31.914Z DEBUG 1 --- [lumo-api] [cat-handler-166] o.s.web.servlet.DispatcherServlet        : GET "/v1/sources/20c73bc1-31a1-48f4-aa46-4da889a90a72/vod?page=0&size=1", parameters={masked}
lumo-e2e-api  | 2026-09-30T16:02:31.918202944Z 2026-09-30T16:02:31.917Z DEBUG 1 --- [lumo-api] [cat-handler-166] o.s.web.servlet.DispatcherServlet        : Completed 200 OK
lumo-e2e-api  | 2026-09-30T16:02:32.048251082Z 2026-09-30T16:02:32.047Z DEBUG 1 --- [lumo-api] [cat-handler-169] o.s.web.servlet.DispatcherServlet        : GET "/v1/sources", parameters={}
lumo-e2e-api  | 2026-09-30T16:02:32.048282913Z 2026-09-30T16:02:32.047Z DEBUG 1 --- [lumo-api] [cat-handler-168] o.s.web.servlet.DispatcherServlet        : GET "/v1/sources/20c73bc1-31a1-48f4-aa46-4da889a90a72", parameters={}
lumo-e2e-api  | 2026-09-30T16:02:32.048313339Z 2026-09-30T16:02:32.047Z DEBUG 1 --- [lumo-api] [cat-handler-167] o.s.web.servlet.DispatcherServlet        : GET "/v1/me", parameters={}
lumo-e2e-api  | 2026-09-30T16:02:32.049947218Z 2026-09-30T16:02:32.049Z DEBUG 1 --- [lumo-api] [cat-handler-167] o.s.web.servlet.DispatcherServlet        : Completed 200 OK
lumo-e2e-api  | 2026-09-30T16:02:32.050859975Z 2026-09-30T16:02:32.050Z DEBUG 1 --- [lumo-api] [cat-handler-169] o.s.web.servlet.DispatcherServlet        : Completed 200 OK
lumo-e2e-api  | 2026-09-30T16:02:32.050878886Z 2026-09-30T16:02:32.050Z DEBUG 1 --- [lumo-api] [cat-handler-168] o.s.web.servlet.DispatcherServlet        : Completed 200 OK
lumo-e2e-api  | 2026-09-30T16:02:32.053932984Z 2026-09-30T16:02:32.053Z DEBUG 1 --- [lumo-api] [cat-handler-170] o.s.web.servlet.DispatcherServlet        : GET "/v1/sources/20c73bc1-31a1-48f4-aa46-4da889a90a72/vod?page=0&size=1", parameters={masked}
lumo-e2e-api  | 2026-09-30T16:02:32.057578839Z 2026-09-30T16:02:32.057Z DEBUG 1 --- [lumo-api] [cat-handler-170] o.s.web.servlet.DispatcherServlet        : Completed 200 OK
lumo-e2e-api  | 2026-09-30T16:02:32.130757763Z 2026-09-30T16:02:32.130Z DEBUG 1 --- [lumo-api] [cat-handler-174] o.s.web.servlet.DispatcherServlet        : GET "/v1/sources/20c73bc1-31a1-48f4-aa46-4da889a90a72/channels?page=0&size=50", parameters={masked}
lumo-e2e-api  | 2026-09-30T16:02:32.130788834Z 2026-09-30T16:02:32.130Z DEBUG 1 --- [lumo-api] [cat-handler-175] o.s.web.servlet.DispatcherServlet        : GET "/v1/sources/20c73bc1-31a1-48f4-aa46-4da889a90a72", parameters={}
lumo-e2e-api  | 2026-09-30T16:02:32.130896907Z 2026-09-30T16:02:32.130Z DEBUG 1 --- [lumo-api] [cat-handler-173] o.s.web.servlet.DispatcherServlet        : GET "/v1/sources/20c73bc1-31a1-48f4-aa46-4da889a90a72/categories?contentType=LIVE", parameters={masked}
lumo-e2e-api  | 2026-09-30T16:02:32.130906687Z 2026-09-30T16:02:32.130Z DEBUG 1 --- [lumo-api] [cat-handler-172] o.s.web.servlet.DispatcherServlet        : GET "/v1/sources", parameters={}
lumo-e2e-api  | 2026-09-30T16:02:32.130922457Z 2026-09-30T16:02:32.130Z DEBUG 1 --- [lumo-api] [cat-handler-171] o.s.web.servlet.DispatcherServlet        : GET "/v1/me", parameters={}
lumo-e2e-api  | 2026-09-30T16:02:32.130924037Z 2026-09-30T16:02:32.130Z DEBUG 1 --- [lumo-api] [cat-handler-176] o.s.web.servlet.DispatcherServlet        : GET "/v1/me/favorites", parameters={}
lumo-e2e-api  | 2026-09-30T16:02:32.131068971Z 2026-09-30T16:02:32.130Z DEBUG 1 --- [lumo-api] [cat-handler-177] o.s.web.servlet.DispatcherServlet        : GET "/v1/me/recent-channels?limit=12", parameters={masked}
lumo-e2e-api  | 2026-09-30T16:02:32.131341952Z 2026-09-30T16:02:32.131Z DEBUG 1 --- [lumo-api] [cat-handler-178] o.s.web.servlet.DispatcherServlet        : GET "/v1/me/favorite-groups", parameters={}
lumo-e2e-api  | 2026-09-30T16:02:32.132374130Z 2026-09-30T16:02:32.132Z DEBUG 1 --- [lumo-api] [cat-handler-171] o.s.web.servlet.DispatcherServlet        : Completed 200 OK
lumo-e2e-api  | 2026-09-30T16:02:32.132381790Z 2026-09-30T16:02:32.132Z DEBUG 1 --- [lumo-api] [cat-handler-176] o.s.web.servlet.DispatcherServlet        : Completed 200 OK
lumo-e2e-api  | 2026-09-30T16:02:32.132842561Z 2026-09-30T16:02:32.132Z DEBUG 1 --- [lumo-api] [cat-handler-172] o.s.web.servlet.DispatcherServlet        : Completed 200 OK
lumo-e2e-api  | 2026-09-30T16:02:32.132850191Z 2026-09-30T16:02:32.132Z DEBUG 1 --- [lumo-api] [cat-handler-175] o.s.web.servlet.DispatcherServlet        : Completed 200 OK
lumo-e2e-api  | 2026-09-30T16:02:32.132869772Z 2026-09-30T16:02:32.132Z DEBUG 1 --- [lumo-api] [cat-handler-177] o.s.web.servlet.DispatcherServlet        : Completed 200 OK
lumo-e2e-api  | 2026-09-30T16:02:32.133203597Z 2026-09-30T16:02:32.133Z DEBUG 1 --- [lumo-api] [cat-handler-178] o.s.web.servlet.DispatcherServlet        : Completed 200 OK
lumo-e2e-api  | 2026-09-30T16:02:32.133356711Z 2026-09-30T16:02:32.133Z DEBUG 1 --- [lumo-api] [cat-handler-173] o.s.web.servlet.DispatcherServlet        : Completed 200 OK
lumo-e2e-api  | 2026-09-30T16:02:32.134636022Z 2026-09-30T16:02:32.134Z DEBUG 1 --- [lumo-api] [cat-handler-174] o.s.web.servlet.DispatcherServlet        : Completed 200 OK
lumo-e2e-api  | 2026-09-30T16:02:32.138591722Z 2026-09-30T16:02:32.138Z DEBUG 1 --- [lumo-api] [cat-handler-179] o.s.web.servlet.DispatcherServlet        : GET "/v1/sources/20c73bc1-31a1-48f4-aa46-4da889a90a72/epg?channelIds=4d619439-2cc9-49b7-af0f-57fb22f95d20&channelIds=a50f046b-88c2-4e67-b8e9-51ae0c0000f0&channelIds=b9985112-160d-48b3-b6b4-63a4f8280f44&channelIds=c041ffb1-0685-4cde-acd0-6beb3bacefe1&channelIds=d84e8a60-4165-4768-be71-6205bb667856&from=2026-09-30T16%3A02%3A04.929Z&to=2026-09-30T19%3A02%3A04.929Z", parameters={masked}
lumo-e2e-api  | 2026-09-30T16:02:32.144271791Z 2026-09-30T16:02:32.144Z DEBUG 1 --- [lumo-api] [cat-handler-179] o.s.web.servlet.DispatcherServlet        : Completed 200 OK
lumo-e2e-api  | 2026-09-30T16:02:32.214242653Z 2026-09-30T16:02:32.213Z DEBUG 1 --- [lumo-api] [cat-handler-185] o.s.web.servlet.DispatcherServlet        : GET "/v1/me/favorites", parameters={}
lumo-e2e-api  | 2026-09-30T16:02:32.214271883Z 2026-09-30T16:02:32.213Z DEBUG 1 --- [lumo-api] [cat-handler-183] o.s.web.servlet.DispatcherServlet        : GET "/v1/sources/20c73bc1-31a1-48f4-aa46-4da889a90a72/channels?page=0&size=50", parameters={masked}
lumo-e2e-api  | 2026-09-30T16:02:32.214275253Z 2026-09-30T16:02:32.213Z DEBUG 1 --- [lumo-api] [cat-handler-181] o.s.web.servlet.DispatcherServlet        : GET "/v1/sources", parameters={}
lumo-e2e-api  | 2026-09-30T16:02:32.214289354Z 2026-09-30T16:02:32.213Z DEBUG 1 --- [lumo-api] [cat-handler-180] o.s.web.servlet.DispatcherServlet        : GET "/v1/me", parameters={}
lumo-e2e-api  | 2026-09-30T16:02:32.214588871Z 2026-09-30T16:02:32.213Z DEBUG 1 --- [lumo-api] [cat-handler-184] o.s.web.servlet.DispatcherServlet        : GET "/v1/sources/20c73bc1-31a1-48f4-aa46-4da889a90a72", parameters={}
lumo-e2e-api  | 2026-09-30T16:02:32.214603131Z 2026-09-30T16:02:32.213Z DEBUG 1 --- [lumo-api] [cat-handler-182] o.s.web.servlet.DispatcherServlet        : GET "/v1/sources/20c73bc1-31a1-48f4-aa46-4da889a90a72/categories?contentType=LIVE", parameters={masked}
lumo-e2e-api  | 2026-09-30T16:02:32.214625002Z 2026-09-30T16:02:32.214Z DEBUG 1 --- [lumo-api] [cat-handler-186] o.s.web.servlet.DispatcherServlet        : GET "/v1/me/recent-channels?limit=12", parameters={masked}
lumo-e2e-api  | 2026-09-30T16:02:32.214659812Z 2026-09-30T16:02:32.214Z DEBUG 1 --- [lumo-api] [cat-handler-187] o.s.web.servlet.DispatcherServlet        : GET "/v1/me/favorite-groups", parameters={}
lumo-e2e-api  | 2026-09-30T16:02:32.215708338Z 2026-09-30T16:02:32.215Z DEBUG 1 --- [lumo-api] [cat-handler-180] o.s.web.servlet.DispatcherServlet        : Completed 200 OK
lumo-e2e-api  | 2026-09-30T16:02:32.215719008Z 2026-09-30T16:02:32.215Z DEBUG 1 --- [lumo-api] [cat-handler-185] o.s.web.servlet.DispatcherServlet        : Completed 200 OK
lumo-e2e-api  | 2026-09-30T16:02:32.216066277Z 2026-09-30T16:02:32.215Z DEBUG 1 --- [lumo-api] [cat-handler-184] o.s.web.servlet.DispatcherServlet        : Completed 200 OK
lumo-e2e-api  | 2026-09-30T16:02:32.216190669Z 2026-09-30T16:02:32.215Z DEBUG 1 --- [lumo-api] [cat-handler-181] o.s.web.servlet.DispatcherServlet        : Completed 200 OK
lumo-e2e-api  | 2026-09-30T16:02:32.216645453Z 2026-09-30T16:02:32.216Z DEBUG 1 --- [lumo-api] [cat-handler-187] o.s.web.servlet.DispatcherServlet        : Completed 200 OK
lumo-e2e-api  | 2026-09-30T16:02:32.216689482Z 2026-09-30T16:02:32.216Z DEBUG 1 --- [lumo-api] [cat-handler-183] o.s.web.servlet.DispatcherServlet        : Completed 200 OK
lumo-e2e-api  | 2026-09-30T16:02:32.216962338Z 2026-09-30T16:02:32.216Z DEBUG 1 --- [lumo-api] [cat-handler-182] o.s.web.servlet.DispatcherServlet        : Completed 200 OK
lumo-e2e-api  | 2026-09-30T16:02:32.217600198Z 2026-09-30T16:02:32.217Z DEBUG 1 --- [lumo-api] [cat-handler-186] o.s.web.servlet.DispatcherServlet        : Completed 200 OK
lumo-e2e-api  | 2026-09-30T16:02:32.224040889Z 2026-09-30T16:02:32.223Z DEBUG 1 --- [lumo-api] [cat-handler-188] o.s.web.servlet.DispatcherServlet        : GET "/v1/sources/20c73bc1-31a1-48f4-aa46-4da889a90a72/epg?channelIds=4d619439-2cc9-49b7-af0f-57fb22f95d20&channelIds=a50f046b-88c2-4e67-b8e9-51ae0c0000f0&channelIds=b9985112-160d-48b3-b6b4-63a4f8280f44&channelIds=c041ffb1-0685-4cde-acd0-6beb3bacefe1&channelIds=d84e8a60-4165-4768-be71-6205bb667856&from=2026-09-30T16%3A02%3A04.929Z&to=2026-09-30T19%3A02%3A04.929Z", parameters={masked}
lumo-e2e-api  | 2026-09-30T16:02:32.230427990Z 2026-09-30T16:02:32.230Z DEBUG 1 --- [lumo-api] [cat-handler-188] o.s.web.servlet.DispatcherServlet        : Completed 200 OK
lumo-e2e-api  | 2026-09-30T16:02:32.286446478Z 2026-09-30T16:02:32.286Z DEBUG 1 --- [lumo-api] [cat-handler-189] o.s.web.servlet.DispatcherServlet        : GET "/v1/channels/4d619439-2cc9-49b7-af0f-57fb22f95d20/playback", parameters={}
lumo-e2e-api  | 2026-09-30T16:02:32.292335228Z 2026-09-30T16:02:32.292Z DEBUG 1 --- [lumo-api] [cat-handler-189] o.s.web.servlet.DispatcherServlet        : Completed 200 OK
lumo-e2e-api  | 2026-09-30T16:02:32.335224220Z 2026-09-30T16:02:32.334Z DEBUG 1 --- [lumo-api] [cat-handler-193] o.s.web.servlet.DispatcherServlet        : GET "/v1/sources", parameters={}
lumo-e2e-api  | 2026-09-30T16:02:32.335274961Z 2026-09-30T16:02:32.334Z DEBUG 1 --- [lumo-api] [cat-handler-190] o.s.web.servlet.DispatcherServlet        : GET "/v1/me", parameters={}
lumo-e2e-api  | 2026-09-30T16:02:32.335377144Z 2026-09-30T16:02:32.334Z DEBUG 1 --- [lumo-api] [cat-handler-192] o.s.web.servlet.DispatcherServlet        : GET "/v1/me/entitlement", parameters={}
lumo-e2e-api  | 2026-09-30T16:02:32.335387324Z 2026-09-30T16:02:32.334Z DEBUG 1 --- [lumo-api] [cat-handler-191] o.s.web.servlet.DispatcherServlet        : GET "/v1/me/devices", parameters={}
lumo-e2e-api  | 2026-09-30T16:02:32.336985397Z 2026-09-30T16:02:32.336Z DEBUG 1 --- [lumo-api] [cat-handler-191] o.s.web.servlet.DispatcherServlet        : Completed 200 OK
lumo-e2e-api  | 2026-09-30T16:02:32.336995587Z 2026-09-30T16:02:32.336Z DEBUG 1 --- [lumo-api] [cat-handler-190] o.s.web.servlet.DispatcherServlet        : Completed 200 OK
lumo-e2e-api  | 2026-09-30T16:02:32.336997458Z 2026-09-30T16:02:32.336Z DEBUG 1 --- [lumo-api] [cat-handler-192] o.s.web.servlet.DispatcherServlet        : Completed 200 OK
lumo-e2e-api  | 2026-09-30T16:02:32.337578107Z 2026-09-30T16:02:32.337Z DEBUG 1 --- [lumo-api] [cat-handler-193] o.s.web.servlet.DispatcherServlet        : Completed 200 OK
lumo-e2e-api  | 2026-09-30T16:02:32.340997195Z 2026-09-30T16:02:32.340Z DEBUG 1 --- [lumo-api] [cat-handler-194] o.s.web.servlet.DispatcherServlet        : GET "/v1/sources/20c73bc1-31a1-48f4-aa46-4da889a90a72/vod?page=0&size=1", parameters={masked}
lumo-e2e-api  | 2026-09-30T16:02:32.345156376Z 2026-09-30T16:02:32.344Z DEBUG 1 --- [lumo-api] [cat-handler-194] o.s.web.servlet.DispatcherServlet        : Completed 200 OK
lumo-e2e-api  | 2026-09-30T16:02:32.464553822Z 2026-09-30T16:02:32.464Z DEBUG 1 --- [lumo-api] [cat-handler-195] o.s.web.servlet.DispatcherServlet        : GET "/v1/me", parameters={}
lumo-e2e-api  | 2026-09-30T16:02:32.464583703Z 2026-09-30T16:02:32.464Z DEBUG 1 --- [lumo-api] [cat-handler-197] o.s.web.servlet.DispatcherServlet        : GET "/v1/sources/20c73bc1-31a1-48f4-aa46-4da889a90a72", parameters={}
lumo-e2e-api  | 2026-09-30T16:02:32.464592123Z 2026-09-30T16:02:32.464Z DEBUG 1 --- [lumo-api] [cat-handler-196] o.s.web.servlet.DispatcherServlet        : GET "/v1/sources", parameters={}
lumo-e2e-api  | 2026-09-30T16:02:32.466234058Z 2026-09-30T16:02:32.466Z DEBUG 1 --- [lumo-api] [cat-handler-195] o.s.web.servlet.DispatcherServlet        : Completed 200 OK
lumo-e2e-api  | 2026-09-30T16:02:32.466724410Z 2026-09-30T16:02:32.466Z DEBUG 1 --- [lumo-api] [cat-handler-196] o.s.web.servlet.DispatcherServlet        : Completed 200 OK
lumo-e2e-api  | 2026-09-30T16:02:32.466736750Z 2026-09-30T16:02:32.466Z DEBUG 1 --- [lumo-api] [cat-handler-197] o.s.web.servlet.DispatcherServlet        : Completed 200 OK
lumo-e2e-api  | 2026-09-30T16:02:32.469332144Z 2026-09-30T16:02:32.469Z DEBUG 1 --- [lumo-api] [cat-handler-198] o.s.web.servlet.DispatcherServlet        : GET "/v1/sources/20c73bc1-31a1-48f4-aa46-4da889a90a72/vod?page=0&size=1", parameters={masked}
lumo-e2e-api  | 2026-09-30T16:02:32.472723626Z 2026-09-30T16:02:32.472Z DEBUG 1 --- [lumo-api] [cat-handler-198] o.s.web.servlet.DispatcherServlet        : Completed 200 OK
lumo-e2e-api  | 2026-09-30T16:02:32.545542372Z 2026-09-30T16:02:32.545Z DEBUG 1 --- [lumo-api] [cat-handler-200] o.s.web.servlet.DispatcherServlet        : GET "/v1/sources/20c73bc1-31a1-48f4-aa46-4da889a90a72/categories?contentType=LIVE", parameters={masked}
lumo-e2e-api  | 2026-09-30T16:02:32.545588703Z 2026-09-30T16:02:32.545Z DEBUG 1 --- [lumo-api] [cat-handler-205] o.s.web.servlet.DispatcherServlet        : GET "/v1/me/recent-channels?limit=12", parameters={masked}
lumo-e2e-api  | 2026-09-30T16:02:32.545590833Z 2026-09-30T16:02:32.545Z DEBUG 1 --- [lumo-api] [cat-handler-204] o.s.web.servlet.DispatcherServlet        : GET "/v1/me/favorites", parameters={}
lumo-e2e-api  | 2026-09-30T16:02:32.545598103Z 2026-09-30T16:02:32.545Z DEBUG 1 --- [lumo-api] [cat-handler-203] o.s.web.servlet.DispatcherServlet        : GET "/v1/sources/20c73bc1-31a1-48f4-aa46-4da889a90a72", parameters={}
lumo-e2e-api  | 2026-09-30T16:02:32.545716246Z 2026-09-30T16:02:32.545Z DEBUG 1 --- [lumo-api] [cat-handler-201] o.s.web.servlet.DispatcherServlet        : GET "/v1/sources", parameters={}
lumo-e2e-api  | 2026-09-30T16:02:32.545726266Z 2026-09-30T16:02:32.545Z DEBUG 1 --- [lumo-api] [cat-handler-202] o.s.web.servlet.DispatcherServlet        : GET "/v1/sources/20c73bc1-31a1-48f4-aa46-4da889a90a72/channels?page=0&size=50", parameters={masked}
lumo-e2e-api  | 2026-09-30T16:02:32.545728496Z 2026-09-30T16:02:32.545Z DEBUG 1 --- [lumo-api] [cat-handler-206] o.s.web.servlet.DispatcherServlet        : GET "/v1/me/favorite-groups", parameters={}
lumo-e2e-api  | 2026-09-30T16:02:32.546022238Z 2026-09-30T16:02:32.545Z DEBUG 1 --- [lumo-api] [cat-handler-199] o.s.web.servlet.DispatcherServlet        : GET "/v1/me", parameters={}
lumo-e2e-api  | 2026-09-30T16:02:32.547060356Z 2026-09-30T16:02:32.546Z DEBUG 1 --- [lumo-api] [cat-handler-205] o.s.web.servlet.DispatcherServlet        : Completed 200 OK
lumo-e2e-api  | 2026-09-30T16:02:32.547077327Z 2026-09-30T16:02:32.546Z DEBUG 1 --- [lumo-api] [cat-handler-206] o.s.web.servlet.DispatcherServlet        : Completed 200 OK
lumo-e2e-api  | 2026-09-30T16:02:32.547079137Z 2026-09-30T16:02:32.546Z DEBUG 1 --- [lumo-api] [cat-handler-199] o.s.web.servlet.DispatcherServlet        : Completed 200 OK
lumo-e2e-api  | 2026-09-30T16:02:32.547469336Z 2026-09-30T16:02:32.547Z DEBUG 1 --- [lumo-api] [cat-handler-201] o.s.web.servlet.DispatcherServlet        : Completed 200 OK
lumo-e2e-api  | 2026-09-30T16:02:32.547824257Z 2026-09-30T16:02:32.547Z DEBUG 1 --- [lumo-api] [cat-handler-204] o.s.web.servlet.DispatcherServlet        : Completed 200 OK
lumo-e2e-api  | 2026-09-30T16:02:32.547899129Z 2026-09-30T16:02:32.547Z DEBUG 1 --- [lumo-api] [cat-handler-203] o.s.web.servlet.DispatcherServlet        : Completed 200 OK
lumo-e2e-api  | 2026-09-30T16:02:32.548100141Z 2026-09-30T16:02:32.547Z DEBUG 1 --- [lumo-api] [cat-handler-200] o.s.web.servlet.DispatcherServlet        : Completed 200 OK
lumo-e2e-api  | 2026-09-30T16:02:32.548547954Z 2026-09-30T16:02:32.548Z DEBUG 1 --- [lumo-api] [cat-handler-202] o.s.web.servlet.DispatcherServlet        : Completed 200 OK
lumo-e2e-api  | 2026-09-30T16:02:32.554742770Z 2026-09-30T16:02:32.554Z DEBUG 1 --- [lumo-api] [cat-handler-207] o.s.web.servlet.DispatcherServlet        : GET "/v1/sources/20c73bc1-31a1-48f4-aa46-4da889a90a72/epg?channelIds=4d619439-2cc9-49b7-af0f-57fb22f95d20&channelIds=a50f046b-88c2-4e67-b8e9-51ae0c0000f0&channelIds=b9985112-160d-48b3-b6b4-63a4f8280f44&channelIds=c041ffb1-0685-4cde-acd0-6beb3bacefe1&channelIds=d84e8a60-4165-4768-be71-6205bb667856&from=2026-09-30T16%3A02%3A04.929Z&to=2026-09-30T19%3A02%3A04.929Z", parameters={masked}
lumo-e2e-api  | 2026-09-30T16:02:32.559626991Z 2026-09-30T16:02:32.559Z DEBUG 1 --- [lumo-api] [cat-handler-207] o.s.web.servlet.DispatcherServlet        : Completed 200 OK
lumo-e2e-api  | 2026-09-30T16:02:32.630585920Z 2026-09-30T16:02:32.630Z DEBUG 1 --- [lumo-api] [cat-handler-210] o.s.web.servlet.DispatcherServlet        : GET "/v1/sources/20c73bc1-31a1-48f4-aa46-4da889a90a72/categories?contentType=LIVE", parameters={masked}
lumo-e2e-api  | 2026-09-30T16:02:32.630628501Z 2026-09-30T16:02:32.630Z DEBUG 1 --- [lumo-api] [cat-handler-213] o.s.web.servlet.DispatcherServlet        : GET "/v1/me/favorites", parameters={}
lumo-e2e-api  | 2026-09-30T16:02:32.630630321Z 2026-09-30T16:02:32.630Z DEBUG 1 --- [lumo-api] [cat-handler-212] o.s.web.servlet.DispatcherServlet        : GET "/v1/sources/20c73bc1-31a1-48f4-aa46-4da889a90a72", parameters={}
lumo-e2e-api  | 2026-09-30T16:02:32.630836091Z 2026-09-30T16:02:32.630Z DEBUG 1 --- [lumo-api] [cat-handler-209] o.s.web.servlet.DispatcherServlet        : GET "/v1/me", parameters={}
lumo-e2e-api  | 2026-09-30T16:02:32.630848871Z 2026-09-30T16:02:32.630Z DEBUG 1 --- [lumo-api] [cat-handler-208] o.s.web.servlet.DispatcherServlet        : GET "/v1/sources", parameters={}
lumo-e2e-api  | 2026-09-30T16:02:32.630850711Z 2026-09-30T16:02:32.630Z DEBUG 1 --- [lumo-api] [cat-handler-214] o.s.web.servlet.DispatcherServlet        : GET "/v1/me/recent-channels?limit=12", parameters={masked}
lumo-e2e-api  | 2026-09-30T16:02:32.630852341Z 2026-09-30T16:02:32.630Z DEBUG 1 --- [lumo-api] [cat-handler-211] o.s.web.servlet.DispatcherServlet        : GET "/v1/sources/20c73bc1-31a1-48f4-aa46-4da889a90a72/channels?page=0&size=50", parameters={masked}
lumo-e2e-api  | 2026-09-30T16:02:32.631076782Z 2026-09-30T16:02:32.630Z DEBUG 1 --- [lumo-api] [cat-handler-215] o.s.web.servlet.DispatcherServlet        : GET "/v1/me/favorite-groups", parameters={}
lumo-e2e-api  | 2026-09-30T16:02:32.632066126Z 2026-09-30T16:02:32.631Z DEBUG 1 --- [lumo-api] [cat-handler-213] o.s.web.servlet.DispatcherServlet        : Completed 200 OK
lumo-e2e-api  | 2026-09-30T16:02:32.632075586Z 2026-09-30T16:02:32.631Z DEBUG 1 --- [lumo-api] [cat-handler-215] o.s.web.servlet.DispatcherServlet        : Completed 200 OK
lumo-e2e-api  | 2026-09-30T16:02:32.632077526Z 2026-09-30T16:02:32.631Z DEBUG 1 --- [lumo-api] [cat-handler-214] o.s.web.servlet.DispatcherServlet        : Completed 200 OK
lumo-e2e-api  | 2026-09-30T16:02:32.632078856Z 2026-09-30T16:02:32.631Z DEBUG 1 --- [lumo-api] [cat-handler-209] o.s.web.servlet.DispatcherServlet        : Completed 200 OK
lumo-e2e-api  | 2026-09-30T16:02:32.632494996Z 2026-09-30T16:02:32.632Z DEBUG 1 --- [lumo-api] [cat-handler-208] o.s.web.servlet.DispatcherServlet        : Completed 200 OK
lumo-e2e-api  | 2026-09-30T16:02:32.633109866Z 2026-09-30T16:02:32.632Z DEBUG 1 --- [lumo-api] [cat-handler-212] o.s.web.servlet.DispatcherServlet        : Completed 200 OK
lumo-e2e-api  | 2026-09-30T16:02:32.633494270Z 2026-09-30T16:02:32.633Z DEBUG 1 --- [lumo-api] [cat-handler-211] o.s.web.servlet.DispatcherServlet        : Completed 200 OK
lumo-e2e-api  | 2026-09-30T16:02:32.634771451Z 2026-09-30T16:02:32.634Z DEBUG 1 --- [lumo-api] [cat-handler-210] o.s.web.servlet.DispatcherServlet        : Completed 200 OK
lumo-e2e-api  | 2026-09-30T16:02:32.638107746Z 2026-09-30T16:02:32.637Z DEBUG 1 --- [lumo-api] [cat-handler-216] o.s.web.servlet.DispatcherServlet        : GET "/v1/sources/20c73bc1-31a1-48f4-aa46-4da889a90a72/epg?channelIds=4d619439-2cc9-49b7-af0f-57fb22f95d20&channelIds=a50f046b-88c2-4e67-b8e9-51ae0c0000f0&channelIds=b9985112-160d-48b3-b6b4-63a4f8280f44&channelIds=c041ffb1-0685-4cde-acd0-6beb3bacefe1&channelIds=d84e8a60-4165-4768-be71-6205bb667856&from=2026-09-30T16%3A02%3A04.929Z&to=2026-09-30T19%3A02%3A04.929Z", parameters={masked}
lumo-e2e-api  | 2026-09-30T16:02:32.642579861Z 2026-09-30T16:02:32.642Z DEBUG 1 --- [lumo-api] [cat-handler-216] o.s.web.servlet.DispatcherServlet        : Completed 200 OK
lumo-e2e-api  | 2026-09-30T16:02:32.683230927Z 2026-09-30T16:02:32.682Z DEBUG 1 --- [lumo-api] [cat-handler-217] o.s.web.servlet.DispatcherServlet        : GET "/v1/channels/a50f046b-88c2-4e67-b8e9-51ae0c0000f0/playback", parameters={}
lumo-e2e-api  | 2026-09-30T16:02:32.685340413Z 2026-09-30T16:02:32.685Z DEBUG 1 --- [lumo-api] [cat-handler-217] o.s.web.servlet.DispatcherServlet        : Completed 200 OK
lumo-e2e-api  | 2026-09-30T16:02:32.854900388Z 2026-09-30T16:02:32.854Z DEBUG 1 --- [lumo-api] [cat-handler-220] o.s.web.servlet.DispatcherServlet        : GET "/v1/me/entitlement", parameters={}
lumo-e2e-api  | 2026-09-30T16:02:32.854926939Z 2026-09-30T16:02:32.854Z DEBUG 1 --- [lumo-api] [cat-handler-221] o.s.web.servlet.DispatcherServlet        : GET "/v1/me/devices", parameters={}
lumo-e2e-api  | 2026-09-30T16:02:32.854929029Z 2026-09-30T16:02:32.854Z DEBUG 1 --- [lumo-api] [cat-handler-218] o.s.web.servlet.DispatcherServlet        : GET "/v1/me", parameters={}
lumo-e2e-api  | 2026-09-30T16:02:32.855040352Z 2026-09-30T16:02:32.854Z DEBUG 1 --- [lumo-api] [cat-handler-219] o.s.web.servlet.DispatcherServlet        : GET "/v1/sources", parameters={}
lumo-e2e-api  | 2026-09-30T16:02:32.856460736Z 2026-09-30T16:02:32.856Z DEBUG 1 --- [lumo-api] [cat-handler-218] o.s.web.servlet.DispatcherServlet        : Completed 200 OK
lumo-e2e-api  | 2026-09-30T16:02:32.856469776Z 2026-09-30T16:02:32.856Z DEBUG 1 --- [lumo-api] [cat-handler-221] o.s.web.servlet.DispatcherServlet        : Completed 200 OK
lumo-e2e-api  | 2026-09-30T16:02:32.856471856Z 2026-09-30T16:02:32.856Z DEBUG 1 --- [lumo-api] [cat-handler-220] o.s.web.servlet.DispatcherServlet        : Completed 200 OK
lumo-e2e-api  | 2026-09-30T16:02:32.857207344Z 2026-09-30T16:02:32.857Z DEBUG 1 --- [lumo-api] [cat-handler-219] o.s.web.servlet.DispatcherServlet        : Completed 200 OK
lumo-e2e-api  | 2026-09-30T16:02:32.860156281Z 2026-09-30T16:02:32.859Z DEBUG 1 --- [lumo-api] [cat-handler-222] o.s.web.servlet.DispatcherServlet        : GET "/v1/sources/20c73bc1-31a1-48f4-aa46-4da889a90a72/vod?page=0&size=1", parameters={masked}
lumo-e2e-api  | 2026-09-30T16:02:32.862674313Z 2026-09-30T16:02:32.862Z DEBUG 1 --- [lumo-api] [cat-handler-222] o.s.web.servlet.DispatcherServlet        : Completed 200 OK
lumo-e2e-api  | 2026-09-30T16:02:32.962575945Z 2026-09-30T16:02:32.962Z DEBUG 1 --- [lumo-api] [cat-handler-223] o.s.web.servlet.DispatcherServlet        : GET "/actuator/health", parameters={}
lumo-e2e-api  | 2026-09-30T16:02:32.964476816Z 2026-09-30T16:02:32.964Z DEBUG 1 --- [lumo-api] [cat-handler-223] o.s.web.servlet.DispatcherServlet        : Completed 200 OK
lumo-e2e-api  | 2026-09-30T16:02:32.996948733Z 2026-09-30T16:02:32.996Z DEBUG 1 --- [lumo-api] [cat-handler-226] o.s.web.servlet.DispatcherServlet        : GET "/v1/sources", parameters={}
lumo-e2e-api  | 2026-09-30T16:02:32.996985073Z 2026-09-30T16:02:32.996Z DEBUG 1 --- [lumo-api] [cat-handler-224] o.s.web.servlet.DispatcherServlet        : GET "/v1/me", parameters={}
lumo-e2e-api  | 2026-09-30T16:02:32.997015774Z 2026-09-30T16:02:32.996Z DEBUG 1 --- [lumo-api] [cat-handler-225] o.s.web.servlet.DispatcherServlet        : GET "/v1/sources/20c73bc1-31a1-48f4-aa46-4da889a90a72", parameters={}
lumo-e2e-api  | 2026-09-30T16:02:32.998934410Z 2026-09-30T16:02:32.998Z DEBUG 1 --- [lumo-api] [cat-handler-224] o.s.web.servlet.DispatcherServlet        : Completed 200 OK
lumo-e2e-api  | 2026-09-30T16:02:32.999064864Z 2026-09-30T16:02:32.998Z DEBUG 1 --- [lumo-api] [cat-handler-226] o.s.web.servlet.DispatcherServlet        : Completed 200 OK
lumo-e2e-api  | 2026-09-30T16:02:32.999327680Z 2026-09-30T16:02:32.999Z DEBUG 1 --- [lumo-api] [cat-handler-225] o.s.web.servlet.DispatcherServlet        : Completed 200 OK
lumo-e2e-api  | 2026-09-30T16:02:33.001596105Z 2026-09-30T16:02:33.001Z DEBUG 1 --- [lumo-api] [cat-handler-227] o.s.web.servlet.DispatcherServlet        : GET "/v1/sources/20c73bc1-31a1-48f4-aa46-4da889a90a72/vod?page=0&size=1", parameters={masked}
lumo-e2e-api  | 2026-09-30T16:02:33.004443267Z 2026-09-30T16:02:33.004Z DEBUG 1 --- [lumo-api] [cat-handler-227] o.s.web.servlet.DispatcherServlet        : Completed 200 OK
lumo-e2e-api  | 2026-09-30T16:02:33.082228875Z 2026-09-30T16:02:33.081Z DEBUG 1 --- [lumo-api] [cat-handler-228] o.s.web.servlet.DispatcherServlet        : GET "/v1/me", parameters={}
lumo-e2e-api  | 2026-09-30T16:02:33.082450410Z 2026-09-30T16:02:33.082Z DEBUG 1 --- [lumo-api] [cat-handler-229] o.s.web.servlet.DispatcherServlet        : GET "/v1/sources", parameters={}
lumo-e2e-api  | 2026-09-30T16:02:33.082792249Z 2026-09-30T16:02:33.082Z DEBUG 1 --- [lumo-api] [cat-handler-230] o.s.web.servlet.DispatcherServlet        : GET "/v1/sources/20c73bc1-31a1-48f4-aa46-4da889a90a72/categories?contentType=LIVE", parameters={masked}
lumo-e2e-api  | 2026-09-30T16:02:33.082950427Z 2026-09-30T16:02:33.082Z DEBUG 1 --- [lumo-api] [cat-handler-231] o.s.web.servlet.DispatcherServlet        : GET "/v1/sources/20c73bc1-31a1-48f4-aa46-4da889a90a72/channels?page=0&size=50", parameters={masked}
lumo-e2e-api  | 2026-09-30T16:02:33.083137672Z 2026-09-30T16:02:33.082Z DEBUG 1 --- [lumo-api] [cat-handler-232] o.s.web.servlet.DispatcherServlet        : GET "/v1/sources/20c73bc1-31a1-48f4-aa46-4da889a90a72", parameters={}
lumo-e2e-api  | 2026-09-30T16:02:33.083698580Z 2026-09-30T16:02:33.083Z DEBUG 1 --- [lumo-api] [cat-handler-228] o.s.web.servlet.DispatcherServlet        : Completed 200 OK
lumo-e2e-api  | 2026-09-30T16:02:33.084374182Z 2026-09-30T16:02:33.084Z DEBUG 1 --- [lumo-api] [cat-handler-233] o.s.web.servlet.DispatcherServlet        : GET "/v1/me/favorites", parameters={}
lumo-e2e-api  | 2026-09-30T16:02:33.084591587Z 2026-09-30T16:02:33.084Z DEBUG 1 --- [lumo-api] [cat-handler-229] o.s.web.servlet.DispatcherServlet        : Completed 200 OK
lumo-e2e-api  | 2026-09-30T16:02:33.084919015Z 2026-09-30T16:02:33.084Z DEBUG 1 --- [lumo-api] [cat-handler-232] o.s.web.servlet.DispatcherServlet        : Completed 200 OK
lumo-e2e-api  | 2026-09-30T16:02:33.085382116Z 2026-09-30T16:02:33.085Z DEBUG 1 --- [lumo-api] [cat-handler-230] o.s.web.servlet.DispatcherServlet        : Completed 200 OK
lumo-e2e-api  | 2026-09-30T16:02:33.086258997Z 2026-09-30T16:02:33.085Z DEBUG 1 --- [lumo-api] [cat-handler-233] o.s.web.servlet.DispatcherServlet        : Completed 200 OK
lumo-e2e-api  | 2026-09-30T16:02:33.086303078Z 2026-09-30T16:02:33.085Z DEBUG 1 --- [lumo-api] [cat-handler-231] o.s.web.servlet.DispatcherServlet        : Completed 200 OK
lumo-e2e-api  | 2026-09-30T16:02:33.086736404Z 2026-09-30T16:02:33.086Z DEBUG 1 --- [lumo-api] [cat-handler-235] o.s.web.servlet.DispatcherServlet        : GET "/v1/me/favorite-groups", parameters={}
lumo-e2e-api  | 2026-09-30T16:02:33.087182665Z 2026-09-30T16:02:33.086Z DEBUG 1 --- [lumo-api] [cat-handler-234] o.s.web.servlet.DispatcherServlet        : GET "/v1/me/recent-channels?limit=12", parameters={masked}
lumo-e2e-api  | 2026-09-30T16:02:33.088117103Z 2026-09-30T16:02:33.087Z DEBUG 1 --- [lumo-api] [cat-handler-235] o.s.web.servlet.DispatcherServlet        : Completed 200 OK
lumo-e2e-api  | 2026-09-30T16:02:33.088973534Z 2026-09-30T16:02:33.088Z DEBUG 1 --- [lumo-api] [cat-handler-234] o.s.web.servlet.DispatcherServlet        : Completed 200 OK
lumo-e2e-api  | 2026-09-30T16:02:33.093404191Z 2026-09-30T16:02:33.093Z DEBUG 1 --- [lumo-api] [cat-handler-236] o.s.web.servlet.DispatcherServlet        : GET "/v1/sources/20c73bc1-31a1-48f4-aa46-4da889a90a72/epg?channelIds=4d619439-2cc9-49b7-af0f-57fb22f95d20&channelIds=a50f046b-88c2-4e67-b8e9-51ae0c0000f0&channelIds=b9985112-160d-48b3-b6b4-63a4f8280f44&channelIds=c041ffb1-0685-4cde-acd0-6beb3bacefe1&channelIds=d84e8a60-4165-4768-be71-6205bb667856&from=2026-09-30T16%3A02%3A04.929Z&to=2026-09-30T19%3A02%3A04.929Z", parameters={masked}
lumo-e2e-api  | 2026-09-30T16:02:33.099198436Z 2026-09-30T16:02:33.098Z DEBUG 1 --- [lumo-api] [cat-handler-236] o.s.web.servlet.DispatcherServlet        : Completed 200 OK
lumo-e2e-api  | 2026-09-30T16:02:33.180003041Z 2026-09-30T16:02:33.179Z DEBUG 1 --- [lumo-api] [cat-handler-240] o.s.web.servlet.DispatcherServlet        : GET "/v1/sources/20c73bc1-31a1-48f4-aa46-4da889a90a72/channels?page=0&size=50", parameters={masked}
lumo-e2e-api  | 2026-09-30T16:02:33.180034081Z 2026-09-30T16:02:33.179Z DEBUG 1 --- [lumo-api] [cat-handler-243] o.s.web.servlet.DispatcherServlet        : GET "/v1/me/recent-channels?limit=12", parameters={masked}
lumo-e2e-api  | 2026-09-30T16:02:33.180036181Z 2026-09-30T16:02:33.179Z DEBUG 1 --- [lumo-api] [cat-handler-237] o.s.web.servlet.DispatcherServlet        : GET "/v1/me", parameters={}
lumo-e2e-api  | 2026-09-30T16:02:33.180037741Z 2026-09-30T16:02:33.179Z DEBUG 1 --- [lumo-api] [cat-handler-238] o.s.web.servlet.DispatcherServlet        : GET "/v1/sources", parameters={}
lumo-e2e-api  | 2026-09-30T16:02:33.180159029Z 2026-09-30T16:02:33.179Z DEBUG 1 --- [lumo-api] [cat-handler-239] o.s.web.servlet.DispatcherServlet        : GET "/v1/sources/20c73bc1-31a1-48f4-aa46-4da889a90a72/categories?contentType=LIVE", parameters={masked}
lumo-e2e-api  | 2026-09-30T16:02:33.180170110Z 2026-09-30T16:02:33.179Z DEBUG 1 --- [lumo-api] [cat-handler-242] o.s.web.servlet.DispatcherServlet        : GET "/v1/me/favorites", parameters={}
lumo-e2e-api  | 2026-09-30T16:02:33.180290923Z 2026-09-30T16:02:33.179Z DEBUG 1 --- [lumo-api] [cat-handler-241] o.s.web.servlet.DispatcherServlet        : GET "/v1/sources/20c73bc1-31a1-48f4-aa46-4da889a90a72", parameters={}
lumo-e2e-api  | 2026-09-30T16:02:33.180377800Z 2026-09-30T16:02:33.180Z DEBUG 1 --- [lumo-api] [cat-handler-244] o.s.web.servlet.DispatcherServlet        : GET "/v1/me/favorite-groups", parameters={}
lumo-e2e-api  | 2026-09-30T16:02:33.181362663Z 2026-09-30T16:02:33.181Z DEBUG 1 --- [lumo-api] [cat-handler-242] o.s.web.servlet.DispatcherServlet        : Completed 200 OK
lumo-e2e-api  | 2026-09-30T16:02:33.181643370Z 2026-09-30T16:02:33.181Z DEBUG 1 --- [lumo-api] [cat-handler-244] o.s.web.servlet.DispatcherServlet        : Completed 200 OK
lumo-e2e-api  | 2026-09-30T16:02:33.181649840Z 2026-09-30T16:02:33.181Z DEBUG 1 --- [lumo-api] [cat-handler-237] o.s.web.servlet.DispatcherServlet        : Completed 200 OK
lumo-e2e-api  | 2026-09-30T16:02:33.181774723Z 2026-09-30T16:02:33.181Z DEBUG 1 --- [lumo-api] [cat-handler-243] o.s.web.servlet.DispatcherServlet        : Completed 200 OK
lumo-e2e-api  | 2026-09-30T16:02:33.182122972Z 2026-09-30T16:02:33.181Z DEBUG 1 --- [lumo-api] [cat-handler-238] o.s.web.servlet.DispatcherServlet        : Completed 200 OK
lumo-e2e-api  | 2026-09-30T16:02:33.182521341Z 2026-09-30T16:02:33.182Z DEBUG 1 --- [lumo-api] [cat-handler-239] o.s.web.servlet.DispatcherServlet        : Completed 200 OK
lumo-e2e-api  | 2026-09-30T16:02:33.183188362Z 2026-09-30T16:02:33.182Z DEBUG 1 --- [lumo-api] [cat-handler-240] o.s.web.servlet.DispatcherServlet        : Completed 200 OK
lumo-e2e-api  | 2026-09-30T16:02:33.183290060Z 2026-09-30T16:02:33.183Z DEBUG 1 --- [lumo-api] [cat-handler-241] o.s.web.servlet.DispatcherServlet        : Completed 200 OK
lumo-e2e-api  | 2026-09-30T16:02:33.188244513Z 2026-09-30T16:02:33.187Z DEBUG 1 --- [lumo-api] [cat-handler-245] o.s.web.servlet.DispatcherServlet        : GET "/v1/sources/20c73bc1-31a1-48f4-aa46-4da889a90a72/epg?channelIds=4d619439-2cc9-49b7-af0f-57fb22f95d20&channelIds=a50f046b-88c2-4e67-b8e9-51ae0c0000f0&channelIds=b9985112-160d-48b3-b6b4-63a4f8280f44&channelIds=c041ffb1-0685-4cde-acd0-6beb3bacefe1&channelIds=d84e8a60-4165-4768-be71-6205bb667856&from=2026-09-30T16%3A02%3A04.929Z&to=2026-09-30T19%3A02%3A04.929Z", parameters={masked}
lumo-e2e-api  | 2026-09-30T16:02:33.193088458Z 2026-09-30T16:02:33.192Z DEBUG 1 --- [lumo-api] [cat-handler-245] o.s.web.servlet.DispatcherServlet        : Completed 200 OK
lumo-e2e-api  | 2026-09-30T16:02:33.235593419Z 2026-09-30T16:02:33.235Z DEBUG 1 --- [lumo-api] [cat-handler-246] o.s.web.servlet.DispatcherServlet        : GET "/v1/channels/4d619439-2cc9-49b7-af0f-57fb22f95d20/playback", parameters={}
lumo-e2e-api  | 2026-09-30T16:02:33.237837758Z 2026-09-30T16:02:33.237Z DEBUG 1 --- [lumo-api] [cat-handler-246] o.s.web.servlet.DispatcherServlet        : Completed 200 OK
lumo-e2e-api  | 2026-09-30T16:02:33.348354385Z 2026-09-30T16:02:33.348Z DEBUG 1 --- [lumo-api] [cat-handler-247] o.s.web.servlet.DispatcherServlet        : PUT "/v1/me/recent-channels", parameters={}
lumo-e2e-api  | 2026-09-30T16:02:33.398978716Z 2026-09-30T16:02:33.398Z DEBUG 1 --- [lumo-api] [cat-handler-247] o.s.web.servlet.DispatcherServlet        : Completed 200 OK
lumo-e2e-api  | 2026-09-30T16:02:33.428814420Z 2026-09-30T16:02:33.428Z DEBUG 1 --- [lumo-api] [cat-handler-251] o.s.web.servlet.DispatcherServlet        : GET "/v1/me/devices", parameters={}
lumo-e2e-api  | 2026-09-30T16:02:33.428841221Z 2026-09-30T16:02:33.428Z DEBUG 1 --- [lumo-api] [cat-handler-249] o.s.web.servlet.DispatcherServlet        : GET "/v1/me/entitlement", parameters={}
lumo-e2e-api  | 2026-09-30T16:02:33.428842981Z 2026-09-30T16:02:33.428Z DEBUG 1 --- [lumo-api] [cat-handler-250] o.s.web.servlet.DispatcherServlet        : GET "/v1/sources", parameters={}
lumo-e2e-api  | 2026-09-30T16:02:33.428975479Z 2026-09-30T16:02:33.428Z DEBUG 1 --- [lumo-api] [cat-handler-248] o.s.web.servlet.DispatcherServlet        : GET "/v1/me", parameters={}
lumo-e2e-api  | 2026-09-30T16:02:33.430550123Z 2026-09-30T16:02:33.430Z DEBUG 1 --- [lumo-api] [cat-handler-248] o.s.web.servlet.DispatcherServlet        : Completed 200 OK
lumo-e2e-api  | 2026-09-30T16:02:33.430862415Z 2026-09-30T16:02:33.430Z DEBUG 1 --- [lumo-api] [cat-handler-251] o.s.web.servlet.DispatcherServlet        : Completed 200 OK
lumo-e2e-api  | 2026-09-30T16:02:33.430870315Z 2026-09-30T16:02:33.430Z DEBUG 1 --- [lumo-api] [cat-handler-250] o.s.web.servlet.DispatcherServlet        : Completed 200 OK
lumo-e2e-api  | 2026-09-30T16:02:33.430872225Z 2026-09-30T16:02:33.430Z DEBUG 1 --- [lumo-api] [cat-handler-249] o.s.web.servlet.DispatcherServlet        : Completed 200 OK
lumo-e2e-api  | 2026-09-30T16:02:33.433424927Z 2026-09-30T16:02:33.433Z DEBUG 1 --- [lumo-api] [cat-handler-252] o.s.web.servlet.DispatcherServlet        : GET "/v1/sources/20c73bc1-31a1-48f4-aa46-4da889a90a72/vod?page=0&size=1", parameters={masked}
lumo-e2e-api  | 2026-09-30T16:02:33.436406499Z 2026-09-30T16:02:33.436Z DEBUG 1 --- [lumo-api] [cat-handler-252] o.s.web.servlet.DispatcherServlet        : Completed 200 OK
lumo-e2e-api  | 2026-09-30T16:02:33.460828647Z 2026-09-30T16:02:33.460Z DEBUG 1 --- [lumo-api] [cat-handler-255] o.s.web.servlet.DispatcherServlet        : GET "/v1/sources/04c97763-5c2e-4f61-a73e-016fd3ec4c9f", parameters={}
lumo-e2e-api  | 2026-09-30T16:02:33.460858797Z 2026-09-30T16:02:33.460Z DEBUG 1 --- [lumo-api] [cat-handler-253] o.s.web.servlet.DispatcherServlet        : GET "/v1/me", parameters={}
lumo-e2e-api  | 2026-09-30T16:02:33.460860828Z 2026-09-30T16:02:33.460Z DEBUG 1 --- [lumo-api] [cat-handler-254] o.s.web.servlet.DispatcherServlet        : GET "/v1/sources", parameters={}
lumo-e2e-api  | 2026-09-30T16:02:33.462437030Z 2026-09-30T16:02:33.462Z DEBUG 1 --- [lumo-api] [cat-handler-253] o.s.web.servlet.DispatcherServlet        : Completed 200 OK
lumo-e2e-api  | 2026-09-30T16:02:33.462955793Z 2026-09-30T16:02:33.462Z DEBUG 1 --- [lumo-api] [cat-handler-255] o.s.web.servlet.DispatcherServlet        : Completed 200 OK
lumo-e2e-api  | 2026-09-30T16:02:33.463056975Z 2026-09-30T16:02:33.462Z DEBUG 1 --- [lumo-api] [cat-handler-254] o.s.web.servlet.DispatcherServlet        : Completed 200 OK
lumo-e2e-api  | 2026-09-30T16:02:33.465568956Z 2026-09-30T16:02:33.465Z DEBUG 1 --- [lumo-api] [cat-handler-256] o.s.web.servlet.DispatcherServlet        : GET "/v1/sources/04c97763-5c2e-4f61-a73e-016fd3ec4c9f/vod?page=0&size=1", parameters={masked}
lumo-e2e-api  | 2026-09-30T16:02:33.468484977Z 2026-09-30T16:02:33.468Z DEBUG 1 --- [lumo-api] [cat-handler-256] o.s.web.servlet.DispatcherServlet        : Completed 200 OK
lumo-e2e-api  | 2026-09-30T16:02:33.563877510Z 2026-09-30T16:02:33.563Z DEBUG 1 --- [lumo-api] [cat-handler-259] o.s.web.servlet.DispatcherServlet        : GET "/v1/sources/20c73bc1-31a1-48f4-aa46-4da889a90a72", parameters={}
lumo-e2e-api  | 2026-09-30T16:02:33.563910221Z 2026-09-30T16:02:33.563Z DEBUG 1 --- [lumo-api] [cat-handler-258] o.s.web.servlet.DispatcherServlet        : GET "/v1/sources", parameters={}
lumo-e2e-api  | 2026-09-30T16:02:33.563914051Z 2026-09-30T16:02:33.563Z DEBUG 1 --- [lumo-api] [cat-handler-257] o.s.web.servlet.DispatcherServlet        : GET "/v1/me", parameters={}
lumo-e2e-api  | 2026-09-30T16:02:33.565413463Z 2026-09-30T16:02:33.565Z DEBUG 1 --- [lumo-api] [cat-handler-257] o.s.web.servlet.DispatcherServlet        : Completed 200 OK
lumo-e2e-api  | 2026-09-30T16:02:33.565901519Z 2026-09-30T16:02:33.565Z DEBUG 1 --- [lumo-api] [cat-handler-258] o.s.web.servlet.DispatcherServlet        : Completed 200 OK
lumo-e2e-api  | 2026-09-30T16:02:33.566343340Z 2026-09-30T16:02:33.565Z DEBUG 1 --- [lumo-api] [cat-handler-259] o.s.web.servlet.DispatcherServlet        : Completed 200 OK
lumo-e2e-api  | 2026-09-30T16:02:33.569071542Z 2026-09-30T16:02:33.568Z DEBUG 1 --- [lumo-api] [cat-handler-260] o.s.web.servlet.DispatcherServlet        : GET "/v1/sources/20c73bc1-31a1-48f4-aa46-4da889a90a72/vod?page=0&size=1", parameters={masked}
lumo-e2e-api  | 2026-09-30T16:02:33.571865915Z 2026-09-30T16:02:33.571Z DEBUG 1 --- [lumo-api] [cat-handler-260] o.s.web.servlet.DispatcherServlet        : Completed 200 OK
lumo-e2e-api  | 2026-09-30T16:02:33.625140742Z 2026-09-30T16:02:33.624Z DEBUG 1 --- [lumo-api] [cat-handler-261] o.s.web.servlet.DispatcherServlet        : GET "/v1/me", parameters={}
lumo-e2e-api  | 2026-09-30T16:02:33.625171543Z 2026-09-30T16:02:33.624Z DEBUG 1 --- [lumo-api] [cat-handler-262] o.s.web.servlet.DispatcherServlet        : GET "/v1/sources", parameters={}
lumo-e2e-api  | 2026-09-30T16:02:33.625173673Z 2026-09-30T16:02:33.624Z DEBUG 1 --- [lumo-api] [cat-handler-264] o.s.web.servlet.DispatcherServlet        : GET "/v1/me/devices", parameters={}
lumo-e2e-api  | 2026-09-30T16:02:33.625186773Z 2026-09-30T16:02:33.624Z DEBUG 1 --- [lumo-api] [cat-handler-263] o.s.web.servlet.DispatcherServlet        : GET "/v1/me/entitlement", parameters={}
lumo-e2e-api  | 2026-09-30T16:02:33.626836978Z 2026-09-30T16:02:33.626Z DEBUG 1 --- [lumo-api] [cat-handler-263] o.s.web.servlet.DispatcherServlet        : Completed 200 OK
lumo-e2e-api  | 2026-09-30T16:02:33.626863478Z 2026-09-30T16:02:33.626Z DEBUG 1 --- [lumo-api] [cat-handler-264] o.s.web.servlet.DispatcherServlet        : Completed 200 OK
lumo-e2e-api  | 2026-09-30T16:02:33.626865269Z 2026-09-30T16:02:33.626Z DEBUG 1 --- [lumo-api] [cat-handler-261] o.s.web.servlet.DispatcherServlet        : Completed 200 OK
lumo-e2e-api  | 2026-09-30T16:02:33.627352376Z 2026-09-30T16:02:33.627Z DEBUG 1 --- [lumo-api] [cat-handler-262] o.s.web.servlet.DispatcherServlet        : Completed 200 OK
lumo-e2e-api  | 2026-09-30T16:02:33.629325003Z 2026-09-30T16:02:33.629Z DEBUG 1 --- [lumo-api] [cat-handler-265] o.s.web.servlet.DispatcherServlet        : GET "/v1/sources/04c97763-5c2e-4f61-a73e-016fd3ec4c9f/vod?page=0&size=1", parameters={masked}
lumo-e2e-api  | 2026-09-30T16:02:33.631589688Z 2026-09-30T16:02:33.631Z DEBUG 1 --- [lumo-api] [cat-handler-265] o.s.web.servlet.DispatcherServlet        : Completed 200 OK
lumo-e2e-api  | 2026-09-30T16:02:33.649325702Z 2026-09-30T16:02:33.649Z DEBUG 1 --- [lumo-api] [cat-handler-270] o.s.web.servlet.DispatcherServlet        : GET "/v1/sources/20c73bc1-31a1-48f4-aa46-4da889a90a72", parameters={}
lumo-e2e-api  | 2026-09-30T16:02:33.649355673Z 2026-09-30T16:02:33.649Z DEBUG 1 --- [lumo-api] [cat-handler-268] o.s.web.servlet.DispatcherServlet        : GET "/v1/sources/20c73bc1-31a1-48f4-aa46-4da889a90a72/categories?contentType=LIVE", parameters={masked}
lumo-e2e-api  | 2026-09-30T16:02:33.649761303Z 2026-09-30T16:02:33.649Z DEBUG 1 --- [lumo-api] [cat-handler-266] o.s.web.servlet.DispatcherServlet        : GET "/v1/me", parameters={}
lumo-e2e-api  | 2026-09-30T16:02:33.649775243Z 2026-09-30T16:02:33.649Z DEBUG 1 --- [lumo-api] [cat-handler-269] o.s.web.servlet.DispatcherServlet        : GET "/v1/sources/20c73bc1-31a1-48f4-aa46-4da889a90a72/channels?page=0&size=50", parameters={masked}
lumo-e2e-api  | 2026-09-30T16:02:33.649777473Z 2026-09-30T16:02:33.649Z DEBUG 1 --- [lumo-api] [cat-handler-271] o.s.web.servlet.DispatcherServlet        : GET "/v1/me/favorites", parameters={}
lumo-e2e-api  | 2026-09-30T16:02:33.649778933Z 2026-09-30T16:02:33.649Z DEBUG 1 --- [lumo-api] [cat-handler-272] o.s.web.servlet.DispatcherServlet        : GET "/v1/me/recent-channels?limit=12", parameters={masked}
lumo-e2e-api  | 2026-09-30T16:02:33.649780303Z 2026-09-30T16:02:33.649Z DEBUG 1 --- [lumo-api] [cat-handler-267] o.s.web.servlet.DispatcherServlet        : GET "/v1/sources", parameters={}
lumo-e2e-api  | 2026-09-30T16:02:33.651248819Z 2026-09-30T16:02:33.650Z DEBUG 1 --- [lumo-api] [cat-handler-272] o.s.web.servlet.DispatcherServlet        : Completed 200 OK
lumo-e2e-api  | 2026-09-30T16:02:33.651273200Z 2026-09-30T16:02:33.650Z DEBUG 1 --- [lumo-api] [cat-handler-271] o.s.web.servlet.DispatcherServlet        : Completed 200 OK
lumo-e2e-api  | 2026-09-30T16:02:33.651275020Z 2026-09-30T16:02:33.650Z DEBUG 1 --- [lumo-api] [cat-handler-266] o.s.web.servlet.DispatcherServlet        : Completed 200 OK
lumo-e2e-api  | 2026-09-30T16:02:33.651276470Z 2026-09-30T16:02:33.651Z DEBUG 1 --- [lumo-api] [cat-handler-273] o.s.web.servlet.DispatcherServlet        : GET "/v1/me/favorite-groups", parameters={}
lumo-e2e-api  | 2026-09-30T16:02:33.651373212Z 2026-09-30T16:02:33.651Z DEBUG 1 --- [lumo-api] [cat-handler-270] o.s.web.servlet.DispatcherServlet        : Completed 200 OK
lumo-e2e-api  | 2026-09-30T16:02:33.652295745Z 2026-09-30T16:02:33.652Z DEBUG 1 --- [lumo-api] [cat-handler-267] o.s.web.servlet.DispatcherServlet        : Completed 200 OK
lumo-e2e-api  | 2026-09-30T16:02:33.652311155Z 2026-09-30T16:02:33.652Z DEBUG 1 --- [lumo-api] [cat-handler-273] o.s.web.servlet.DispatcherServlet        : Completed 200 OK
lumo-e2e-api  | 2026-09-30T16:02:33.652626163Z 2026-09-30T16:02:33.652Z DEBUG 1 --- [lumo-api] [cat-handler-269] o.s.web.servlet.DispatcherServlet        : Completed 200 OK
lumo-e2e-api  | 2026-09-30T16:02:33.652633643Z 2026-09-30T16:02:33.652Z DEBUG 1 --- [lumo-api] [cat-handler-268] o.s.web.servlet.DispatcherServlet        : Completed 200 OK
lumo-e2e-api  | 2026-09-30T16:02:33.659092329Z 2026-09-30T16:02:33.658Z DEBUG 1 --- [lumo-api] [cat-handler-274] o.s.web.servlet.DispatcherServlet        : GET "/v1/sources/20c73bc1-31a1-48f4-aa46-4da889a90a72/epg?channelIds=4d619439-2cc9-49b7-af0f-57fb22f95d20&channelIds=a50f046b-88c2-4e67-b8e9-51ae0c0000f0&channelIds=b9985112-160d-48b3-b6b4-63a4f8280f44&channelIds=c041ffb1-0685-4cde-acd0-6beb3bacefe1&channelIds=d84e8a60-4165-4768-be71-6205bb667856&from=2026-09-30T16%3A02%3A04.929Z&to=2026-09-30T19%3A02%3A04.929Z", parameters={masked}
lumo-e2e-api  | 2026-09-30T16:02:33.664085910Z 2026-09-30T16:02:33.663Z DEBUG 1 --- [lumo-api] [cat-handler-274] o.s.web.servlet.DispatcherServlet        : Completed 200 OK
lumo-e2e-api  | 2026-09-30T16:02:33.714544039Z 2026-09-30T16:02:33.714Z DEBUG 1 --- [lumo-api] [cat-handler-277] o.s.web.servlet.DispatcherServlet        : GET "/v1/sources/04c97763-5c2e-4f61-a73e-016fd3ec4c9f", parameters={}
lumo-e2e-api  | 2026-09-30T16:02:33.714575010Z 2026-09-30T16:02:33.714Z DEBUG 1 --- [lumo-api] [cat-handler-276] o.s.web.servlet.DispatcherServlet        : GET "/v1/sources", parameters={}
lumo-e2e-api  | 2026-09-30T16:02:33.714643896Z 2026-09-30T16:02:33.714Z DEBUG 1 --- [lumo-api] [cat-handler-275] o.s.web.servlet.DispatcherServlet        : GET "/v1/me", parameters={}
lumo-e2e-api  | 2026-09-30T16:02:33.716201074Z 2026-09-30T16:02:33.716Z DEBUG 1 --- [lumo-api] [cat-handler-275] o.s.web.servlet.DispatcherServlet        : Completed 200 OK
lumo-e2e-api  | 2026-09-30T16:02:33.716858770Z 2026-09-30T16:02:33.716Z DEBUG 1 --- [lumo-api] [cat-handler-276] o.s.web.servlet.DispatcherServlet        : Completed 200 OK
lumo-e2e-api  | 2026-09-30T16:02:33.716992898Z 2026-09-30T16:02:33.716Z DEBUG 1 --- [lumo-api] [cat-handler-277] o.s.web.servlet.DispatcherServlet        : Completed 200 OK
lumo-e2e-api  | 2026-09-30T16:02:33.721046631Z 2026-09-30T16:02:33.720Z DEBUG 1 --- [lumo-api] [cat-handler-278] o.s.web.servlet.DispatcherServlet        : GET "/v1/sources/04c97763-5c2e-4f61-a73e-016fd3ec4c9f/vod?page=0&size=1", parameters={masked}
lumo-e2e-api  | 2026-09-30T16:02:33.724445414Z 2026-09-30T16:02:33.724Z DEBUG 1 --- [lumo-api] [cat-handler-278] o.s.web.servlet.DispatcherServlet        : Completed 200 OK
lumo-e2e-api  | 2026-09-30T16:02:33.727294276Z 2026-09-30T16:02:33.727Z DEBUG 1 --- [lumo-api] [cat-handler-281] o.s.web.servlet.DispatcherServlet        : GET "/v1/sources", parameters={}
lumo-e2e-api  | 2026-09-30T16:02:33.727326447Z 2026-09-30T16:02:33.727Z DEBUG 1 --- [lumo-api] [cat-handler-280] o.s.web.servlet.DispatcherServlet        : GET "/v1/sources/90ea8903-a69d-49cc-8647-2d112b4c8567", parameters={}
lumo-e2e-api  | 2026-09-30T16:02:33.727335637Z 2026-09-30T16:02:33.727Z DEBUG 1 --- [lumo-api] [cat-handler-279] o.s.web.servlet.DispatcherServlet        : GET "/v1/me", parameters={}
lumo-e2e-api  | 2026-09-30T16:02:33.728805793Z 2026-09-30T16:02:33.728Z DEBUG 1 --- [lumo-api] [cat-handler-279] o.s.web.servlet.DispatcherServlet        : Completed 200 OK
lumo-e2e-api  | 2026-09-30T16:02:33.729303917Z 2026-09-30T16:02:33.729Z DEBUG 1 --- [lumo-api] [cat-handler-281] o.s.web.servlet.DispatcherServlet        : Completed 200 OK
lumo-e2e-api  | 2026-09-30T16:02:33.729395439Z 2026-09-30T16:02:33.729Z DEBUG 1 --- [lumo-api] [cat-handler-280] o.s.web.servlet.DispatcherServlet        : Completed 200 OK
lumo-e2e-api  | 2026-09-30T16:02:33.735302412Z 2026-09-30T16:02:33.734Z DEBUG 1 --- [lumo-api] [cat-handler-282] o.s.web.servlet.DispatcherServlet        : GET "/v1/sources/90ea8903-a69d-49cc-8647-2d112b4c8567/vod?page=0&size=1", parameters={masked}
lumo-e2e-api  | 2026-09-30T16:02:33.738642109Z 2026-09-30T16:02:33.738Z DEBUG 1 --- [lumo-api] [cat-handler-282] o.s.web.servlet.DispatcherServlet        : Completed 200 OK
lumo-e2e-api  | 2026-09-30T16:02:33.738673100Z 2026-09-30T16:02:33.738Z DEBUG 1 --- [lumo-api] [cat-handler-284] o.s.web.servlet.DispatcherServlet        : GET "/v1/sources", parameters={}
lumo-e2e-api  | 2026-09-30T16:02:33.738675460Z 2026-09-30T16:02:33.738Z DEBUG 1 --- [lumo-api] [cat-handler-285] o.s.web.servlet.DispatcherServlet        : GET "/v1/sources/20c73bc1-31a1-48f4-aa46-4da889a90a72/categories?contentType=LIVE", parameters={masked}
lumo-e2e-api  | 2026-09-30T16:02:33.738683000Z 2026-09-30T16:02:33.738Z DEBUG 1 --- [lumo-api] [cat-handler-286] o.s.web.servlet.DispatcherServlet        : GET "/v1/sources/20c73bc1-31a1-48f4-aa46-4da889a90a72/channels?categoryId=baa820c6-4a6e-4006-a37c-c19a2f8546d7&page=0&size=50", parameters={masked}
lumo-e2e-api  | 2026-09-30T16:02:33.738685000Z 2026-09-30T16:02:33.738Z DEBUG 1 --- [lumo-api] [cat-handler-283] o.s.web.servlet.DispatcherServlet        : GET "/v1/me", parameters={}
lumo-e2e-api  | 2026-09-30T16:02:33.739059124Z 2026-09-30T16:02:33.738Z DEBUG 1 --- [lumo-api] [cat-handler-287] o.s.web.servlet.DispatcherServlet        : GET "/v1/sources/20c73bc1-31a1-48f4-aa46-4da889a90a72", parameters={}
lumo-e2e-api  | 2026-09-30T16:02:33.739437938Z 2026-09-30T16:02:33.739Z DEBUG 1 --- [lumo-api] [cat-handler-289] o.s.web.servlet.DispatcherServlet        : GET "/v1/me/favorites", parameters={}
lumo-e2e-api  | 2026-09-30T16:02:33.739447699Z 2026-09-30T16:02:33.739Z DEBUG 1 --- [lumo-api] [cat-handler-288] o.s.web.servlet.DispatcherServlet        : GET "/v1/me/recent-channels?limit=12", parameters={masked}
lumo-e2e-api  | 2026-09-30T16:02:33.739963256Z 2026-09-30T16:02:33.739Z DEBUG 1 --- [lumo-api] [cat-handler-283] o.s.web.servlet.DispatcherServlet        : Completed 200 OK
lumo-e2e-api  | 2026-09-30T16:02:33.740595721Z 2026-09-30T16:02:33.740Z DEBUG 1 --- [lumo-api] [cat-handler-290] o.s.web.servlet.DispatcherServlet        : GET "/v1/me/favorite-groups", parameters={}
lumo-e2e-api  | 2026-09-30T16:02:33.740631182Z 2026-09-30T16:02:33.740Z DEBUG 1 --- [lumo-api] [cat-handler-289] o.s.web.servlet.DispatcherServlet        : Completed 200 OK
lumo-e2e-api  | 2026-09-30T16:02:33.740868883Z 2026-09-30T16:02:33.740Z DEBUG 1 --- [lumo-api] [cat-handler-284] o.s.web.servlet.DispatcherServlet        : Completed 200 OK
lumo-e2e-api  | 2026-09-30T16:02:33.740876203Z 2026-09-30T16:02:33.740Z DEBUG 1 --- [lumo-api] [cat-handler-285] o.s.web.servlet.DispatcherServlet        : Completed 200 OK
lumo-e2e-api  | 2026-09-30T16:02:33.741096998Z 2026-09-30T16:02:33.740Z DEBUG 1 --- [lumo-api] [cat-handler-287] o.s.web.servlet.DispatcherServlet        : Completed 200 OK
lumo-e2e-api  | 2026-09-30T16:02:33.741229202Z 2026-09-30T16:02:33.741Z DEBUG 1 --- [lumo-api] [cat-handler-288] o.s.web.servlet.DispatcherServlet        : Completed 200 OK
lumo-e2e-api  | 2026-09-30T16:02:33.741948219Z 2026-09-30T16:02:33.741Z DEBUG 1 --- [lumo-api] [cat-handler-290] o.s.web.servlet.DispatcherServlet        : Completed 200 OK
lumo-e2e-api  | 2026-09-30T16:02:33.741956139Z 2026-09-30T16:02:33.741Z DEBUG 1 --- [lumo-api] [cat-handler-286] o.s.web.servlet.DispatcherServlet        : Completed 200 OK
lumo-e2e-api  | 2026-09-30T16:02:33.749893556Z 2026-09-30T16:02:33.749Z DEBUG 1 --- [lumo-api] [cat-handler-291] o.s.web.servlet.DispatcherServlet        : GET "/v1/sources/20c73bc1-31a1-48f4-aa46-4da889a90a72/channels?ids=4d619439-2cc9-49b7-af0f-57fb22f95d20&size=1", parameters={masked}
lumo-e2e-api  | 2026-09-30T16:02:33.754441812Z 2026-09-30T16:02:33.754Z DEBUG 1 --- [lumo-api] [cat-handler-292] o.s.web.servlet.DispatcherServlet        : GET "/v1/sources/20c73bc1-31a1-48f4-aa46-4da889a90a72/epg?channelIds=c041ffb1-0685-4cde-acd0-6beb3bacefe1&channelIds=d84e8a60-4165-4768-be71-6205bb667856&from=2026-09-30T16%3A02%3A04.929Z&to=2026-09-30T19%3A02%3A04.929Z", parameters={masked}
lumo-e2e-api  | 2026-09-30T16:02:33.754473753Z 2026-09-30T16:02:33.754Z DEBUG 1 --- [lumo-api] [cat-handler-291] o.s.web.servlet.DispatcherServlet        : Completed 200 OK
lumo-e2e-api  | 2026-09-30T16:02:33.759865293Z 2026-09-30T16:02:33.759Z DEBUG 1 --- [lumo-api] [cat-handler-292] o.s.web.servlet.DispatcherServlet        : Completed 200 OK
lumo-e2e-api  | 2026-09-30T16:02:33.767636637Z 2026-09-30T16:02:33.767Z DEBUG 1 --- [lumo-api] [cat-handler-293] o.s.web.servlet.DispatcherServlet        : GET "/v1/me", parameters={}
lumo-e2e-api  | 2026-09-30T16:02:33.767669248Z 2026-09-30T16:02:33.767Z DEBUG 1 --- [lumo-api] [cat-handler-294] o.s.web.servlet.DispatcherServlet        : GET "/v1/sources", parameters={}
lumo-e2e-api  | 2026-09-30T16:02:33.767671248Z 2026-09-30T16:02:33.767Z DEBUG 1 --- [lumo-api] [cat-handler-296] o.s.web.servlet.DispatcherServlet        : GET "/v1/me", parameters={}
lumo-e2e-api  | 2026-09-30T16:02:33.767672828Z 2026-09-30T16:02:33.767Z DEBUG 1 --- [lumo-api] [cat-handler-297] o.s.web.servlet.DispatcherServlet        : GET "/v1/sources", parameters={}
lumo-e2e-api  | 2026-09-30T16:02:33.767674298Z 2026-09-30T16:02:33.767Z DEBUG 1 --- [lumo-api] [cat-handler-295] o.s.web.servlet.DispatcherServlet        : GET "/v1/sources/9fda5172-414c-4afb-a635-f90ea5939657", parameters={}
lumo-e2e-api  | 2026-09-30T16:02:33.768877037Z 2026-09-30T16:02:33.768Z DEBUG 1 --- [lumo-api] [cat-handler-293] o.s.web.servlet.DispatcherServlet        : Completed 200 OK
lumo-e2e-api  | 2026-09-30T16:02:33.771608543Z 2026-09-30T16:02:33.768Z DEBUG 1 --- [lumo-api] [cat-handler-296] o.s.web.servlet.DispatcherServlet        : Completed 200 OK
lumo-e2e-api  | 2026-09-30T16:02:33.771641334Z 2026-09-30T16:02:33.769Z DEBUG 1 --- [lumo-api] [cat-handler-295] o.s.web.servlet.DispatcherServlet        : Completed 200 OK
lumo-e2e-api  | 2026-09-30T16:02:33.771643234Z 2026-09-30T16:02:33.770Z DEBUG 1 --- [lumo-api] [cat-handler-294] o.s.web.servlet.DispatcherServlet        : Completed 200 OK
lumo-e2e-api  | 2026-09-30T16:02:33.771644934Z 2026-09-30T16:02:33.770Z DEBUG 1 --- [lumo-api] [cat-handler-297] o.s.web.servlet.DispatcherServlet        : Completed 200 OK
lumo-e2e-api  | 2026-09-30T16:02:33.773275178Z 2026-09-30T16:02:33.773Z DEBUG 1 --- [lumo-api] [cat-handler-298] o.s.web.servlet.DispatcherServlet        : GET "/v1/sources/d5a51467-7a60-4d16-b1fa-0daf2205ff36", parameters={}
lumo-e2e-api  | 2026-09-30T16:02:33.776858817Z 2026-09-30T16:02:33.776Z DEBUG 1 --- [lumo-api] [cat-handler-298] o.s.web.servlet.DispatcherServlet        : Completed 200 OK
lumo-e2e-api  | 2026-09-30T16:02:33.776903748Z 2026-09-30T16:02:33.776Z DEBUG 1 --- [lumo-api] [cat-handler-299] o.s.web.servlet.DispatcherServlet        : GET "/v1/sources/9fda5172-414c-4afb-a635-f90ea5939657/vod?page=0&size=1", parameters={masked}
lumo-e2e-api  | 2026-09-30T16:02:33.780139870Z 2026-09-30T16:02:33.779Z DEBUG 1 --- [lumo-api] [cat-handler-299] o.s.web.servlet.DispatcherServlet        : Completed 200 OK
lumo-e2e-api  | 2026-09-30T16:02:33.781085728Z 2026-09-30T16:02:33.780Z DEBUG 1 --- [lumo-api] [cat-handler-300] o.s.web.servlet.DispatcherServlet        : GET "/v1/sources/d5a51467-7a60-4d16-b1fa-0daf2205ff36/vod?page=0&size=1", parameters={masked}
lumo-e2e-api  | 2026-09-30T16:02:33.788012725Z 2026-09-30T16:02:33.787Z DEBUG 1 --- [lumo-api] [cat-handler-300] o.s.web.servlet.DispatcherServlet        : Completed 200 OK
lumo-e2e-api  | 2026-09-30T16:02:33.817503693Z 2026-09-30T16:02:33.817Z DEBUG 1 --- [lumo-api] [cat-handler-301] o.s.web.servlet.DispatcherServlet        : GET "/v1/me", parameters={}
lumo-e2e-api  | 2026-09-30T16:02:33.817565065Z 2026-09-30T16:02:33.817Z DEBUG 1 --- [lumo-api] [cat-handler-303] o.s.web.servlet.DispatcherServlet        : GET "/v1/sources/04c97763-5c2e-4f61-a73e-016fd3ec4c9f/categories?contentType=LIVE", parameters={masked}
lumo-e2e-api  | 2026-09-30T16:02:33.817575125Z 2026-09-30T16:02:33.817Z DEBUG 1 --- [lumo-api] [cat-handler-302] o.s.web.servlet.DispatcherServlet        : GET "/v1/sources", parameters={}
lumo-e2e-api  | 2026-09-30T16:02:33.817577135Z 2026-09-30T16:02:33.817Z DEBUG 1 --- [lumo-api] [cat-handler-304] o.s.web.servlet.DispatcherServlet        : GET "/v1/sources/04c97763-5c2e-4f61-a73e-016fd3ec4c9f/channels?page=0&size=50", parameters={masked}
lumo-e2e-api  | 2026-09-30T16:02:33.818989836Z 2026-09-30T16:02:33.818Z DEBUG 1 --- [lumo-api] [cat-handler-305] o.s.web.servlet.DispatcherServlet        : GET "/v1/sources/04c97763-5c2e-4f61-a73e-016fd3ec4c9f", parameters={}
lumo-e2e-api  | 2026-09-30T16:02:33.819051317Z 2026-09-30T16:02:33.818Z DEBUG 1 --- [lumo-api] [cat-handler-301] o.s.web.servlet.DispatcherServlet        : Completed 200 OK
lumo-e2e-api  | 2026-09-30T16:02:33.819982620Z 2026-09-30T16:02:33.819Z DEBUG 1 --- [lumo-api] [cat-handler-302] o.s.web.servlet.DispatcherServlet        : Completed 200 OK
lumo-e2e-api  | 2026-09-30T16:02:33.820412255Z 2026-09-30T16:02:33.820Z DEBUG 1 --- [lumo-api] [cat-handler-306] o.s.web.servlet.DispatcherServlet        : GET "/v1/me/recent-channels?limit=12", parameters={masked}
lumo-e2e-api  | 2026-09-30T16:02:33.820453701Z 2026-09-30T16:02:33.820Z DEBUG 1 --- [lumo-api] [cat-handler-304] o.s.web.servlet.DispatcherServlet        : Completed 200 OK
lumo-e2e-api  | 2026-09-30T16:02:33.820538173Z 2026-09-30T16:02:33.820Z DEBUG 1 --- [lumo-api] [cat-handler-305] o.s.web.servlet.DispatcherServlet        : Completed 200 OK
lumo-e2e-api  | 2026-09-30T16:02:33.821436965Z 2026-09-30T16:02:33.821Z DEBUG 1 --- [lumo-api] [cat-handler-307] o.s.web.servlet.DispatcherServlet        : GET "/v1/me/favorites", parameters={}
lumo-e2e-api  | 2026-09-30T16:02:33.821540658Z 2026-09-30T16:02:33.821Z DEBUG 1 --- [lumo-api] [cat-handler-306] o.s.web.servlet.DispatcherServlet        : Completed 200 OK
lumo-e2e-api  | 2026-09-30T16:02:33.822229954Z 2026-09-30T16:02:33.822Z DEBUG 1 --- [lumo-api] [cat-handler-308] o.s.web.servlet.DispatcherServlet        : GET "/v1/me/favorite-groups", parameters={}
lumo-e2e-api  | 2026-09-30T16:02:33.822593158Z 2026-09-30T16:02:33.822Z DEBUG 1 --- [lumo-api] [cat-handler-307] o.s.web.servlet.DispatcherServlet        : Completed 200 OK
lumo-e2e-api  | 2026-09-30T16:02:33.822699719Z 2026-09-30T16:02:33.822Z DEBUG 1 --- [lumo-api] [cat-handler-303] o.s.web.servlet.DispatcherServlet        : Completed 200 OK
lumo-e2e-api  | 2026-09-30T16:02:33.823110536Z 2026-09-30T16:02:33.822Z DEBUG 1 --- [lumo-api] [cat-handler-308] o.s.web.servlet.DispatcherServlet        : Completed 200 OK
lumo-e2e-api  | 2026-09-30T16:02:33.828391075Z 2026-09-30T16:02:33.828Z DEBUG 1 --- [lumo-api] [cat-handler-309] o.s.web.servlet.DispatcherServlet        : GET "/v1/sources/04c97763-5c2e-4f61-a73e-016fd3ec4c9f/epg?channelIds=7aeafdc4-42b3-48e4-97d6-befb5d17774f&channelIds=b9a25781-eec4-4fea-b400-1987c5f46bc1&channelIds=31746606-8dd5-43f4-af80-6ba6d9ebc742&channelIds=f0a02c86-77e6-4115-8089-c07469e6ad76&channelIds=3af6e539-094a-4502-a8a4-aa6efcc159d8&from=2026-09-30T16%3A02%3A04.929Z&to=2026-09-30T19%3A02%3A04.929Z", parameters={masked}
lumo-e2e-api  | 2026-09-30T16:02:33.833360895Z 2026-09-30T16:02:33.833Z DEBUG 1 --- [lumo-api] [cat-handler-309] o.s.web.servlet.DispatcherServlet        : Completed 200 OK
lumo-e2e-api  | 2026-09-30T16:02:33.856503356Z 2026-09-30T16:02:33.856Z DEBUG 1 --- [lumo-api] [cat-handler-310] o.s.web.servlet.DispatcherServlet        : POST "/v1/me/favorites", parameters={}
lumo-e2e-api  | 2026-09-30T16:02:33.877913167Z 2026-09-30T16:02:33.877Z DEBUG 1 --- [lumo-api] [cat-handler-313] o.s.web.servlet.DispatcherServlet        : GET "/v1/sources/87a5ecb8-18c5-4ffb-9e0a-c6b309b79e54", parameters={}
lumo-e2e-api  | 2026-09-30T16:02:33.877944998Z 2026-09-30T16:02:33.877Z DEBUG 1 --- [lumo-api] [cat-handler-312] o.s.web.servlet.DispatcherServlet        : GET "/v1/sources", parameters={}
lumo-e2e-api  | 2026-09-30T16:02:33.877947398Z 2026-09-30T16:02:33.877Z DEBUG 1 --- [lumo-api] [cat-handler-311] o.s.web.servlet.DispatcherServlet        : GET "/v1/me", parameters={}
lumo-e2e-api  | 2026-09-30T16:02:33.879576975Z 2026-09-30T16:02:33.879Z DEBUG 1 --- [lumo-api] [cat-handler-311] o.s.web.servlet.DispatcherServlet        : Completed 200 OK
lumo-e2e-api  | 2026-09-30T16:02:33.880118594Z 2026-09-30T16:02:33.879Z DEBUG 1 --- [lumo-api] [cat-handler-313] o.s.web.servlet.DispatcherServlet        : Completed 200 OK
lumo-e2e-api  | 2026-09-30T16:02:33.880452157Z 2026-09-30T16:02:33.880Z DEBUG 1 --- [lumo-api] [cat-handler-312] o.s.web.servlet.DispatcherServlet        : Completed 200 OK
lumo-e2e-api  | 2026-09-30T16:02:33.882229466Z 2026-09-30T16:02:33.882Z DEBUG 1 --- [lumo-api] [cat-handler-314] o.s.web.servlet.DispatcherServlet        : GET "/v1/sources/87a5ecb8-18c5-4ffb-9e0a-c6b309b79e54/vod?page=0&size=1", parameters={masked}
lumo-e2e-api  | 2026-09-30T16:02:33.884401368Z 2026-09-30T16:02:33.884Z DEBUG 1 --- [lumo-api] [cat-handler-314] o.s.web.servlet.DispatcherServlet        : Completed 200 OK
lumo-e2e-api  | 2026-09-30T16:02:33.905241332Z 2026-09-30T16:02:33.904Z DEBUG 1 --- [lumo-api] [cat-handler-310] o.s.web.servlet.DispatcherServlet        : Completed 201 CREATED
lumo-e2e-api  | 2026-09-30T16:02:33.917126821Z 2026-09-30T16:02:33.916Z DEBUG 1 --- [lumo-api] [cat-handler-318] o.s.web.servlet.DispatcherServlet        : GET "/v1/sources/04c97763-5c2e-4f61-a73e-016fd3ec4c9f", parameters={}
lumo-e2e-api  | 2026-09-30T16:02:33.917161112Z 2026-09-30T16:02:33.916Z DEBUG 1 --- [lumo-api] [cat-handler-317] o.s.web.servlet.DispatcherServlet        : GET "/v1/sources/04c97763-5c2e-4f61-a73e-016fd3ec4c9f/channels?page=0&size=50", parameters={masked}
lumo-e2e-api  | 2026-09-30T16:02:33.917256684Z 2026-09-30T16:02:33.916Z DEBUG 1 --- [lumo-api] [cat-handler-315] o.s.web.servlet.DispatcherServlet        : GET "/v1/sources", parameters={}
lumo-e2e-api  | 2026-09-30T16:02:33.917281425Z 2026-09-30T16:02:33.916Z DEBUG 1 --- [lumo-api] [cat-handler-316] o.s.web.servlet.DispatcherServlet        : GET "/v1/sources/04c97763-5c2e-4f61-a73e-016fd3ec4c9f/categories?contentType=LIVE", parameters={masked}
lumo-e2e-api  | 2026-09-30T16:02:33.917313995Z 2026-09-30T16:02:33.916Z DEBUG 1 --- [lumo-api] [cat-handler-319] o.s.web.servlet.DispatcherServlet        : GET "/v1/me/favorites", parameters={}
lumo-e2e-api  | 2026-09-30T16:02:33.917452699Z 2026-09-30T16:02:33.917Z DEBUG 1 --- [lumo-api] [cat-handler-320] o.s.web.servlet.DispatcherServlet        : GET "/v1/me/recent-channels?limit=12", parameters={masked}
lumo-e2e-api  | 2026-09-30T16:02:33.917784432Z 2026-09-30T16:02:33.917Z DEBUG 1 --- [lumo-api] [cat-handler-321] o.s.web.servlet.DispatcherServlet        : GET "/v1/me/favorite-groups", parameters={}
lumo-e2e-api  | 2026-09-30T16:02:33.919116024Z 2026-09-30T16:02:33.918Z DEBUG 1 --- [lumo-api] [cat-handler-319] o.s.web.servlet.DispatcherServlet        : Completed 200 OK
lumo-e2e-api  | 2026-09-30T16:02:33.919135615Z 2026-09-30T16:02:33.918Z DEBUG 1 --- [lumo-api] [cat-handler-321] o.s.web.servlet.DispatcherServlet        : Completed 200 OK
lumo-e2e-api  | 2026-09-30T16:02:33.919138055Z 2026-09-30T16:02:33.918Z DEBUG 1 --- [lumo-api] [cat-handler-320] o.s.web.servlet.DispatcherServlet        : Completed 200 OK
lumo-e2e-api  | 2026-09-30T16:02:33.919139555Z 2026-09-30T16:02:33.918Z DEBUG 1 --- [lumo-api] [cat-handler-318] o.s.web.servlet.DispatcherServlet        : Completed 200 OK
lumo-e2e-api  | 2026-09-30T16:02:33.919474003Z 2026-09-30T16:02:33.919Z DEBUG 1 --- [lumo-api] [cat-handler-315] o.s.web.servlet.DispatcherServlet        : Completed 200 OK
lumo-e2e-api  | 2026-09-30T16:02:33.919481493Z 2026-09-30T16:02:33.919Z DEBUG 1 --- [lumo-api] [cat-handler-316] o.s.web.servlet.DispatcherServlet        : Completed 200 OK
lumo-e2e-api  | 2026-09-30T16:02:33.920270182Z 2026-09-30T16:02:33.920Z DEBUG 1 --- [lumo-api] [cat-handler-317] o.s.web.servlet.DispatcherServlet        : Completed 200 OK
lumo-e2e-api  | 2026-09-30T16:02:33.928066904Z 2026-09-30T16:02:33.927Z DEBUG 1 --- [lumo-api] [cat-handler-322] o.s.web.servlet.DispatcherServlet        : GET "/v1/sources/04c97763-5c2e-4f61-a73e-016fd3ec4c9f/epg?channelIds=7aeafdc4-42b3-48e4-97d6-befb5d17774f&channelIds=b9a25781-eec4-4fea-b400-1987c5f46bc1&channelIds=31746606-8dd5-43f4-af80-6ba6d9ebc742&channelIds=f0a02c86-77e6-4115-8089-c07469e6ad76&channelIds=3af6e539-094a-4502-a8a4-aa6efcc159d8&from=2026-09-29T22%3A00%3A00.000Z&to=2026-09-30T22%3A00%3A00.000Z", parameters={masked}
lumo-e2e-api  | 2026-09-30T16:02:33.928109195Z 2026-09-30T16:02:33.927Z DEBUG 1 --- [lumo-api] [cat-handler-323] o.s.web.servlet.DispatcherServlet        : GET "/v1/me", parameters={}
lumo-e2e-api  | 2026-09-30T16:02:33.928111805Z 2026-09-30T16:02:33.927Z DEBUG 1 --- [lumo-api] [cat-handler-325] o.s.web.servlet.DispatcherServlet        : GET "/v1/sources", parameters={}
lumo-e2e-api  | 2026-09-30T16:02:33.928261476Z 2026-09-30T16:02:33.928Z DEBUG 1 --- [lumo-api] [cat-handler-324] o.s.web.servlet.DispatcherServlet        : GET "/v1/me", parameters={}
lumo-e2e-api  | 2026-09-30T16:02:33.928272896Z 2026-09-30T16:02:33.928Z DEBUG 1 --- [lumo-api] [cat-handler-326] o.s.web.servlet.DispatcherServlet        : GET "/v1/sources/20c73bc1-31a1-48f4-aa46-4da889a90a72/categories?contentType=LIVE", parameters={masked}
lumo-e2e-api  | 2026-09-30T16:02:33.928443106Z 2026-09-30T16:02:33.928Z DEBUG 1 --- [lumo-api] [cat-handler-327] o.s.web.servlet.DispatcherServlet        : GET "/v1/sources/20c73bc1-31a1-48f4-aa46-4da889a90a72/channels?categoryId=baa820c6-4a6e-4006-a37c-c19a2f8546d7&page=0&size=50", parameters={masked}
lumo-e2e-api  | 2026-09-30T16:02:33.928995934Z 2026-09-30T16:02:33.928Z DEBUG 1 --- [lumo-api] [cat-handler-328] o.s.web.servlet.DispatcherServlet        : GET "/v1/sources/20c73bc1-31a1-48f4-aa46-4da889a90a72", parameters={}
lumo-e2e-api  | 2026-09-30T16:02:33.929183058Z 2026-09-30T16:02:33.929Z DEBUG 1 --- [lumo-api] [cat-handler-329] o.s.web.servlet.DispatcherServlet        : GET "/v1/me/favorites", parameters={}
lumo-e2e-api  | 2026-09-30T16:02:33.929395693Z 2026-09-30T16:02:33.929Z DEBUG 1 --- [lumo-api] [cat-handler-323] o.s.web.servlet.DispatcherServlet        : Completed 200 OK
lumo-e2e-api  | 2026-09-30T16:02:33.929534277Z 2026-09-30T16:02:33.929Z DEBUG 1 --- [lumo-api] [cat-handler-324] o.s.web.servlet.DispatcherServlet        : Completed 200 OK
lumo-e2e-api  | 2026-09-30T16:02:33.929584178Z 2026-09-30T16:02:33.929Z DEBUG 1 --- [lumo-api] [cat-handler-330] o.s.web.servlet.DispatcherServlet        : GET "/v1/me/recent-channels?limit=12", parameters={masked}
lumo-e2e-api  | 2026-09-30T16:02:33.929743247Z 2026-09-30T16:02:33.929Z DEBUG 1 --- [lumo-api] [cat-handler-331] o.s.web.servlet.DispatcherServlet        : GET "/v1/me/favorite-groups", parameters={}
lumo-e2e-api  | 2026-09-30T16:02:33.930799407Z 2026-09-30T16:02:33.930Z DEBUG 1 --- [lumo-api] [cat-handler-329] o.s.web.servlet.DispatcherServlet        : Completed 200 OK
lumo-e2e-api  | 2026-09-30T16:02:33.931263608Z 2026-09-30T16:02:33.930Z DEBUG 1 --- [lumo-api] [cat-handler-328] o.s.web.servlet.DispatcherServlet        : Completed 200 OK
lumo-e2e-api  | 2026-09-30T16:02:33.931270959Z 2026-09-30T16:02:33.930Z DEBUG 1 --- [lumo-api] [cat-handler-325] o.s.web.servlet.DispatcherServlet        : Completed 200 OK
lumo-e2e-api  | 2026-09-30T16:02:33.932343575Z 2026-09-30T16:02:33.932Z DEBUG 1 --- [lumo-api] [cat-handler-331] o.s.web.servlet.DispatcherServlet        : Completed 200 OK
lumo-e2e-api  | 2026-09-30T16:02:33.933116598Z 2026-09-30T16:02:33.932Z DEBUG 1 --- [lumo-api] [cat-handler-330] o.s.web.servlet.DispatcherServlet        : Completed 200 OK
lumo-e2e-api  | 2026-09-30T16:02:33.933268227Z 2026-09-30T16:02:33.933Z DEBUG 1 --- [lumo-api] [cat-handler-326] o.s.web.servlet.DispatcherServlet        : Completed 200 OK
lumo-e2e-api  | 2026-09-30T16:02:33.933933688Z 2026-09-30T16:02:33.933Z DEBUG 1 --- [lumo-api] [cat-handler-327] o.s.web.servlet.DispatcherServlet        : Completed 200 OK
lumo-e2e-api  | 2026-09-30T16:02:33.936273895Z 2026-09-30T16:02:33.936Z DEBUG 1 --- [lumo-api] [cat-handler-322] o.s.web.servlet.DispatcherServlet        : Completed 200 OK
lumo-e2e-api  | 2026-09-30T16:02:33.938920015Z 2026-09-30T16:02:33.938Z DEBUG 1 --- [lumo-api] [cat-handler-333] o.s.web.servlet.DispatcherServlet        : GET "/v1/sources/20c73bc1-31a1-48f4-aa46-4da889a90a72/epg?channelIds=c041ffb1-0685-4cde-acd0-6beb3bacefe1&channelIds=d84e8a60-4165-4768-be71-6205bb667856&from=2026-09-30T16%3A02%3A04.929Z&to=2026-09-30T19%3A02%3A04.929Z", parameters={masked}
lumo-e2e-api  | 2026-09-30T16:02:33.938949646Z 2026-09-30T16:02:33.938Z DEBUG 1 --- [lumo-api] [cat-handler-332] o.s.web.servlet.DispatcherServlet        : GET "/v1/sources/20c73bc1-31a1-48f4-aa46-4da889a90a72/channels?ids=4d619439-2cc9-49b7-af0f-57fb22f95d20&size=1", parameters={masked}
lumo-e2e-api  | 2026-09-30T16:02:33.942303411Z 2026-09-30T16:02:33.942Z DEBUG 1 --- [lumo-api] [cat-handler-332] o.s.web.servlet.DispatcherServlet        : Completed 200 OK
lumo-e2e-api  | 2026-09-30T16:02:33.943662584Z 2026-09-30T16:02:33.943Z DEBUG 1 --- [lumo-api] [cat-handler-333] o.s.web.servlet.DispatcherServlet        : Completed 200 OK
lumo-e2e-api  | 2026-09-30T16:02:33.998787116Z 2026-09-30T16:02:33.998Z DEBUG 1 --- [lumo-api] [cat-handler-335] o.s.web.servlet.DispatcherServlet        : GET "/v1/sources", parameters={}
lumo-e2e-api  | 2026-09-30T16:02:33.998820427Z 2026-09-30T16:02:33.998Z DEBUG 1 --- [lumo-api] [cat-handler-337] o.s.web.servlet.DispatcherServlet        : GET "/v1/me/devices", parameters={}
lumo-e2e-api  | 2026-09-30T16:02:33.998825217Z 2026-09-30T16:02:33.998Z DEBUG 1 --- [lumo-api] [cat-handler-336] o.s.web.servlet.DispatcherServlet        : GET "/v1/me/entitlement", parameters={}
lumo-e2e-api  | 2026-09-30T16:02:33.999078523Z 2026-09-30T16:02:33.998Z DEBUG 1 --- [lumo-api] [cat-handler-334] o.s.web.servlet.DispatcherServlet        : GET "/v1/me", parameters={}
lumo-e2e-api  | 2026-09-30T16:02:34.000459956Z 2026-09-30T16:02:34.000Z DEBUG 1 --- [lumo-api] [cat-handler-337] o.s.web.servlet.DispatcherServlet        : Completed 200 OK
lumo-e2e-api  | 2026-09-30T16:02:34.000472807Z 2026-09-30T16:02:34.000Z DEBUG 1 --- [lumo-api] [cat-handler-336] o.s.web.servlet.DispatcherServlet        : Completed 200 OK
lumo-e2e-api  | 2026-09-30T16:02:34.000530583Z 2026-09-30T16:02:34.000Z DEBUG 1 --- [lumo-api] [cat-handler-334] o.s.web.servlet.DispatcherServlet        : Completed 200 OK
lumo-e2e-api  | 2026-09-30T16:02:34.000767259Z 2026-09-30T16:02:34.000Z DEBUG 1 --- [lumo-api] [cat-handler-335] o.s.web.servlet.DispatcherServlet        : Completed 200 OK
lumo-e2e-api  | 2026-09-30T16:02:34.003938350Z 2026-09-30T16:02:34.003Z DEBUG 1 --- [lumo-api] [cat-handler-338] o.s.web.servlet.DispatcherServlet        : GET "/v1/sources/90ea8903-a69d-49cc-8647-2d112b4c8567/vod?page=0&size=1", parameters={masked}
lumo-e2e-api  | 2026-09-30T16:02:34.007249881Z 2026-09-30T16:02:34.006Z DEBUG 1 --- [lumo-api] [cat-handler-338] o.s.web.servlet.DispatcherServlet        : Completed 200 OK
lumo-e2e-api  | 2026-09-30T16:02:34.023734562Z 2026-09-30T16:02:34.023Z DEBUG 1 --- [lumo-api] [cat-handler-342] o.s.web.servlet.DispatcherServlet        : GET "/v1/me/devices", parameters={}
lumo-e2e-api  | 2026-09-30T16:02:34.023770102Z 2026-09-30T16:02:34.023Z DEBUG 1 --- [lumo-api] [cat-handler-340] o.s.web.servlet.DispatcherServlet        : GET "/v1/sources", parameters={}
lumo-e2e-api  | 2026-09-30T16:02:34.023776943Z 2026-09-30T16:02:34.023Z DEBUG 1 --- [lumo-api] [cat-handler-339] o.s.web.servlet.DispatcherServlet        : GET "/v1/me", parameters={}
lumo-e2e-api  | 2026-09-30T16:02:34.023950802Z 2026-09-30T16:02:34.023Z DEBUG 1 --- [lumo-api] [cat-handler-341] o.s.web.servlet.DispatcherServlet        : GET "/v1/me/entitlement", parameters={}
lumo-e2e-api  | 2026-09-30T16:02:34.025347470Z 2026-09-30T16:02:34.025Z DEBUG 1 --- [lumo-api] [cat-handler-342] o.s.web.servlet.DispatcherServlet        : Completed 200 OK
lumo-e2e-api  | 2026-09-30T16:02:34.025359960Z 2026-09-30T16:02:34.025Z DEBUG 1 --- [lumo-api] [cat-handler-339] o.s.web.servlet.DispatcherServlet        : Completed 200 OK
lumo-e2e-api  | 2026-09-30T16:02:34.025362160Z 2026-09-30T16:02:34.025Z DEBUG 1 --- [lumo-api] [cat-handler-341] o.s.web.servlet.DispatcherServlet        : Completed 200 OK
lumo-e2e-api  | 2026-09-30T16:02:34.026698878Z 2026-09-30T16:02:34.026Z DEBUG 1 --- [lumo-api] [cat-handler-340] o.s.web.servlet.DispatcherServlet        : Completed 200 OK
lumo-e2e-api  | 2026-09-30T16:02:34.030125291Z 2026-09-30T16:02:34.029Z DEBUG 1 --- [lumo-api] [cat-handler-344] o.s.web.servlet.DispatcherServlet        : GET "/v1/sources/9fda5172-414c-4afb-a635-f90ea5939657/vod?page=0&size=1", parameters={masked}
lumo-e2e-api  | 2026-09-30T16:02:34.030159902Z 2026-09-30T16:02:34.029Z DEBUG 1 --- [lumo-api] [cat-handler-343] o.s.web.servlet.DispatcherServlet        : GET "/v1/sources/d5a51467-7a60-4d16-b1fa-0daf2205ff36/vod?page=0&size=1", parameters={masked}
lumo-e2e-api  | 2026-09-30T16:02:34.033542591Z 2026-09-30T16:02:34.033Z DEBUG 1 --- [lumo-api] [cat-handler-343] o.s.web.servlet.DispatcherServlet        : Completed 200 OK
lumo-e2e-api  | 2026-09-30T16:02:34.033803544Z 2026-09-30T16:02:34.033Z DEBUG 1 --- [lumo-api] [cat-handler-344] o.s.web.servlet.DispatcherServlet        : Completed 200 OK
lumo-e2e-api  | 2026-09-30T16:02:34.046033786Z 2026-09-30T16:02:34.045Z DEBUG 1 --- [lumo-api] [cat-handler-346] o.s.web.servlet.DispatcherServlet        : GET "/v1/sources", parameters={}
lumo-e2e-api  | 2026-09-30T16:02:34.046067177Z 2026-09-30T16:02:34.045Z DEBUG 1 --- [lumo-api] [cat-handler-345] o.s.web.servlet.DispatcherServlet        : GET "/v1/me", parameters={}
lumo-e2e-api  | 2026-09-30T16:02:34.046071217Z 2026-09-30T16:02:34.045Z DEBUG 1 --- [lumo-api] [cat-handler-347] o.s.web.servlet.DispatcherServlet        : GET "/v1/me/entitlement", parameters={}
lumo-e2e-api  | 2026-09-30T16:02:34.046072917Z 2026-09-30T16:02:34.045Z DEBUG 1 --- [lumo-api] [cat-handler-348] o.s.web.servlet.DispatcherServlet        : GET "/v1/me/devices", parameters={}
lumo-e2e-api  | 2026-09-30T16:02:34.047533378Z 2026-09-30T16:02:34.047Z DEBUG 1 --- [lumo-api] [cat-handler-345] o.s.web.servlet.DispatcherServlet        : Completed 200 OK
lumo-e2e-api  | 2026-09-30T16:02:34.047828565Z 2026-09-30T16:02:34.047Z DEBUG 1 --- [lumo-api] [cat-handler-348] o.s.web.servlet.DispatcherServlet        : Completed 200 OK
lumo-e2e-api  | 2026-09-30T16:02:34.047842186Z 2026-09-30T16:02:34.047Z DEBUG 1 --- [lumo-api] [cat-handler-347] o.s.web.servlet.DispatcherServlet        : Completed 200 OK
lumo-e2e-api  | 2026-09-30T16:02:34.048776124Z 2026-09-30T16:02:34.048Z DEBUG 1 --- [lumo-api] [cat-handler-346] o.s.web.servlet.DispatcherServlet        : Completed 200 OK
lumo-e2e-api  | 2026-09-30T16:02:34.052525180Z 2026-09-30T16:02:34.052Z DEBUG 1 --- [lumo-api] [cat-handler-349] o.s.web.servlet.DispatcherServlet        : GET "/v1/sources/d5a51467-7a60-4d16-b1fa-0daf2205ff36/vod?page=0&size=1", parameters={masked}
lumo-e2e-api  | 2026-09-30T16:02:34.052571511Z 2026-09-30T16:02:34.052Z DEBUG 1 --- [lumo-api] [cat-handler-350] o.s.web.servlet.DispatcherServlet        : GET "/v1/sources/9fda5172-414c-4afb-a635-f90ea5939657/vod?page=0&size=1", parameters={masked}
lumo-e2e-api  | 2026-09-30T16:02:34.055661185Z 2026-09-30T16:02:34.055Z DEBUG 1 --- [lumo-api] [cat-handler-350] o.s.web.servlet.DispatcherServlet        : Completed 200 OK
lumo-e2e-api  | 2026-09-30T16:02:34.055896561Z 2026-09-30T16:02:34.055Z DEBUG 1 --- [lumo-api] [cat-handler-349] o.s.web.servlet.DispatcherServlet        : Completed 200 OK
lumo-e2e-api  | 2026-09-30T16:02:34.069602866Z 2026-09-30T16:02:34.069Z DEBUG 1 --- [lumo-api] [cat-handler-351] o.s.web.servlet.DispatcherServlet        : GET "/v1/me", parameters={}
lumo-e2e-api  | 2026-09-30T16:02:34.069636307Z 2026-09-30T16:02:34.069Z DEBUG 1 --- [lumo-api] [cat-handler-352] o.s.web.servlet.DispatcherServlet        : GET "/v1/sources", parameters={}
lumo-e2e-api  | 2026-09-30T16:02:34.071178371Z 2026-09-30T16:02:34.070Z DEBUG 1 --- [lumo-api] [cat-handler-351] o.s.web.servlet.DispatcherServlet        : Completed 200 OK
lumo-e2e-api  | 2026-09-30T16:02:34.071207732Z 2026-09-30T16:02:34.070Z DEBUG 1 --- [lumo-api] [cat-handler-352] o.s.web.servlet.DispatcherServlet        : Completed 200 OK
lumo-e2e-api  | 2026-09-30T16:02:34.100257796Z 2026-09-30T16:02:34.099Z DEBUG 1 --- [lumo-api] [cat-handler-354] o.s.web.servlet.DispatcherServlet        : GET "/v1/sources", parameters={}
lumo-e2e-api  | 2026-09-30T16:02:34.100290467Z 2026-09-30T16:02:34.099Z DEBUG 1 --- [lumo-api] [cat-handler-353] o.s.web.servlet.DispatcherServlet        : GET "/v1/me", parameters={}
lumo-e2e-api  | 2026-09-30T16:02:34.100292487Z 2026-09-30T16:02:34.099Z DEBUG 1 --- [lumo-api] [cat-handler-355] o.s.web.servlet.DispatcherServlet        : GET "/v1/sources/20c73bc1-31a1-48f4-aa46-4da889a90a72/categories?contentType=LIVE", parameters={masked}
lumo-e2e-api  | 2026-09-30T16:02:34.100623600Z 2026-09-30T16:02:34.100Z DEBUG 1 --- [lumo-api] [cat-handler-356] o.s.web.servlet.DispatcherServlet        : GET "/v1/sources/20c73bc1-31a1-48f4-aa46-4da889a90a72", parameters={}
lumo-e2e-api  | 2026-09-30T16:02:34.100746823Z 2026-09-30T16:02:34.100Z DEBUG 1 --- [lumo-api] [cat-handler-357] o.s.web.servlet.DispatcherServlet        : GET "/v1/sources/20c73bc1-31a1-48f4-aa46-4da889a90a72/channels?categoryId=baa820c6-4a6e-4006-a37c-c19a2f8546d7&page=0&size=50", parameters={masked}
lumo-e2e-api  | 2026-09-30T16:02:34.101068416Z 2026-09-30T16:02:34.100Z DEBUG 1 --- [lumo-api] [cat-handler-358] o.s.web.servlet.DispatcherServlet        : GET "/v1/me/recent-channels?limit=12", parameters={masked}
lumo-e2e-api  | 2026-09-30T16:02:34.101596874Z 2026-09-30T16:02:34.101Z DEBUG 1 --- [lumo-api] [cat-handler-359] o.s.web.servlet.DispatcherServlet        : GET "/v1/me/favorites", parameters={}
lumo-e2e-api  | 2026-09-30T16:02:34.101605694Z 2026-09-30T16:02:34.101Z DEBUG 1 --- [lumo-api] [cat-handler-353] o.s.web.servlet.DispatcherServlet        : Completed 200 OK
lumo-e2e-api  | 2026-09-30T16:02:34.102662374Z 2026-09-30T16:02:34.102Z DEBUG 1 --- [lumo-api] [cat-handler-358] o.s.web.servlet.DispatcherServlet        : Completed 200 OK
lumo-e2e-api  | 2026-09-30T16:02:34.102683445Z 2026-09-30T16:02:34.102Z DEBUG 1 --- [lumo-api] [cat-handler-354] o.s.web.servlet.DispatcherServlet        : Completed 200 OK
lumo-e2e-api  | 2026-09-30T16:02:34.102686045Z 2026-09-30T16:02:34.102Z DEBUG 1 --- [lumo-api] [cat-handler-356] o.s.web.servlet.DispatcherServlet        : Completed 200 OK
lumo-e2e-api  | 2026-09-30T16:02:34.102687605Z 2026-09-30T16:02:34.102Z DEBUG 1 --- [lumo-api] [cat-handler-359] o.s.web.servlet.DispatcherServlet        : Completed 200 OK
lumo-e2e-api  | 2026-09-30T16:02:34.102919801Z 2026-09-30T16:02:34.102Z DEBUG 1 --- [lumo-api] [cat-handler-355] o.s.web.servlet.DispatcherServlet        : Completed 200 OK
lumo-e2e-api  | 2026-09-30T16:02:34.103066294Z 2026-09-30T16:02:34.102Z DEBUG 1 --- [lumo-api] [cat-handler-357] o.s.web.servlet.DispatcherServlet        : Completed 200 OK
lumo-e2e-api  | 2026-09-30T16:02:34.104772166Z 2026-09-30T16:02:34.104Z DEBUG 1 --- [lumo-api] [cat-handler-360] o.s.web.servlet.DispatcherServlet        : GET "/v1/me/favorite-groups", parameters={}
lumo-e2e-api  | 2026-09-30T16:02:34.107158564Z 2026-09-30T16:02:34.106Z DEBUG 1 --- [lumo-api] [cat-handler-360] o.s.web.servlet.DispatcherServlet        : Completed 200 OK
lumo-e2e-api  | 2026-09-30T16:02:34.114117422Z 2026-09-30T16:02:34.113Z DEBUG 1 --- [lumo-api] [cat-handler-362] o.s.web.servlet.DispatcherServlet        : GET "/v1/sources/20c73bc1-31a1-48f4-aa46-4da889a90a72/epg?channelIds=c041ffb1-0685-4cde-acd0-6beb3bacefe1&channelIds=d84e8a60-4165-4768-be71-6205bb667856&from=2026-09-30T16%3A02%3A04.929Z&to=2026-09-30T19%3A02%3A04.929Z", parameters={masked}
lumo-e2e-api  | 2026-09-30T16:02:34.114150323Z 2026-09-30T16:02:34.113Z DEBUG 1 --- [lumo-api] [cat-handler-361] o.s.web.servlet.DispatcherServlet        : GET "/v1/sources/20c73bc1-31a1-48f4-aa46-4da889a90a72/channels?ids=4d619439-2cc9-49b7-af0f-57fb22f95d20&size=1", parameters={masked}
lumo-e2e-api  | 2026-09-30T16:02:34.114576663Z 2026-09-30T16:02:34.114Z DEBUG 1 --- [lumo-api] [cat-handler-363] o.s.web.servlet.DispatcherServlet        : GET "/v1/me", parameters={}
lumo-e2e-api  | 2026-09-30T16:02:34.114703746Z 2026-09-30T16:02:34.114Z DEBUG 1 --- [lumo-api] [cat-handler-364] o.s.web.servlet.DispatcherServlet        : GET "/v1/sources", parameters={}
lumo-e2e-api  | 2026-09-30T16:02:34.115045795Z 2026-09-30T16:02:34.114Z DEBUG 1 --- [lumo-api] [cat-handler-365] o.s.web.servlet.DispatcherServlet        : GET "/v1/sources/90ea8903-a69d-49cc-8647-2d112b4c8567", parameters={}
lumo-e2e-api  | 2026-09-30T16:02:34.115888625Z 2026-09-30T16:02:34.115Z DEBUG 1 --- [lumo-api] [cat-handler-363] o.s.web.servlet.DispatcherServlet        : Completed 200 OK
lumo-e2e-api  | 2026-09-30T16:02:34.116317025Z 2026-09-30T16:02:34.116Z DEBUG 1 --- [lumo-api] [cat-handler-364] o.s.web.servlet.DispatcherServlet        : Completed 200 OK
lumo-e2e-api  | 2026-09-30T16:02:34.116741406Z 2026-09-30T16:02:34.116Z DEBUG 1 --- [lumo-api] [cat-handler-365] o.s.web.servlet.DispatcherServlet        : Completed 200 OK
lumo-e2e-api  | 2026-09-30T16:02:34.117354960Z 2026-09-30T16:02:34.117Z DEBUG 1 --- [lumo-api] [cat-handler-361] o.s.web.servlet.DispatcherServlet        : Completed 200 OK
lumo-e2e-api  | 2026-09-30T16:02:34.119319848Z 2026-09-30T16:02:34.119Z DEBUG 1 --- [lumo-api] [cat-handler-362] o.s.web.servlet.DispatcherServlet        : Completed 200 OK
lumo-e2e-api  | 2026-09-30T16:02:34.121003770Z 2026-09-30T16:02:34.120Z DEBUG 1 --- [lumo-api] [cat-handler-366] o.s.web.servlet.DispatcherServlet        : GET "/v1/sources/90ea8903-a69d-49cc-8647-2d112b4c8567/vod?page=0&size=1", parameters={masked}
lumo-e2e-api  | 2026-09-30T16:02:34.123882320Z 2026-09-30T16:02:34.123Z DEBUG 1 --- [lumo-api] [cat-handler-366] o.s.web.servlet.DispatcherServlet        : Completed 200 OK
lumo-e2e-api  | 2026-09-30T16:02:34.157048873Z 2026-09-30T16:02:34.156Z DEBUG 1 --- [lumo-api] [cat-handler-368] o.s.web.servlet.DispatcherServlet        : GET "/v1/sources/d5a51467-7a60-4d16-b1fa-0daf2205ff36", parameters={}
lumo-e2e-api  | 2026-09-30T16:02:34.157082084Z 2026-09-30T16:02:34.156Z DEBUG 1 --- [lumo-api] [cat-handler-369] o.s.web.servlet.DispatcherServlet        : GET "/v1/sources", parameters={}
lumo-e2e-api  | 2026-09-30T16:02:34.157088654Z 2026-09-30T16:02:34.156Z DEBUG 1 --- [lumo-api] [cat-handler-367] o.s.web.servlet.DispatcherServlet        : GET "/v1/me", parameters={}
lumo-e2e-api  | 2026-09-30T16:02:34.157327970Z 2026-09-30T16:02:34.156Z DEBUG 1 --- [lumo-api] [cat-handler-370] o.s.web.servlet.DispatcherServlet        : GET "/v1/me", parameters={}
lumo-e2e-api  | 2026-09-30T16:02:34.157341660Z 2026-09-30T16:02:34.156Z DEBUG 1 --- [lumo-api] [cat-handler-371] o.s.web.servlet.DispatcherServlet        : GET "/v1/sources", parameters={}
lumo-e2e-api  | 2026-09-30T16:02:34.157343610Z 2026-09-30T16:02:34.157Z DEBUG 1 --- [lumo-api] [cat-handler-372] o.s.web.servlet.DispatcherServlet        : GET "/v1/sources/9fda5172-414c-4afb-a635-f90ea5939657", parameters={}
lumo-e2e-api  | 2026-09-30T16:02:34.158651492Z 2026-09-30T16:02:34.158Z DEBUG 1 --- [lumo-api] [cat-handler-367] o.s.web.servlet.DispatcherServlet        : Completed 200 OK
lumo-e2e-api  | 2026-09-30T16:02:34.158853187Z 2026-09-30T16:02:34.158Z DEBUG 1 --- [lumo-api] [cat-handler-368] o.s.web.servlet.DispatcherServlet        : Completed 200 OK
lumo-e2e-api  | 2026-09-30T16:02:34.159139064Z 2026-09-30T16:02:34.158Z DEBUG 1 --- [lumo-api] [cat-handler-370] o.s.web.servlet.DispatcherServlet        : Completed 200 OK
lumo-e2e-api  | 2026-09-30T16:02:34.159148604Z 2026-09-30T16:02:34.159Z DEBUG 1 --- [lumo-api] [cat-handler-372] o.s.web.servlet.DispatcherServlet        : Completed 200 OK
lumo-e2e-api  | 2026-09-30T16:02:34.159530894Z 2026-09-30T16:02:34.159Z DEBUG 1 --- [lumo-api] [cat-handler-369] o.s.web.servlet.DispatcherServlet        : Completed 200 OK
lumo-e2e-api  | 2026-09-30T16:02:34.159634716Z 2026-09-30T16:02:34.159Z DEBUG 1 --- [lumo-api] [cat-handler-371] o.s.web.servlet.DispatcherServlet        : Completed 200 OK
lumo-e2e-api  | 2026-09-30T16:02:34.163451139Z 2026-09-30T16:02:34.163Z DEBUG 1 --- [lumo-api] [cat-handler-373] o.s.web.servlet.DispatcherServlet        : GET "/v1/sources/d5a51467-7a60-4d16-b1fa-0daf2205ff36/vod?page=0&size=1", parameters={masked}
lumo-e2e-api  | 2026-09-30T16:02:34.163850479Z 2026-09-30T16:02:34.163Z DEBUG 1 --- [lumo-api] [cat-handler-374] o.s.web.servlet.DispatcherServlet        : GET "/v1/sources/9fda5172-414c-4afb-a635-f90ea5939657/vod?page=0&size=1", parameters={masked}
lumo-e2e-api  | 2026-09-30T16:02:34.166590285Z 2026-09-30T16:02:34.166Z DEBUG 1 --- [lumo-api] [cat-handler-373] o.s.web.servlet.DispatcherServlet        : Completed 200 OK
lumo-e2e-api  | 2026-09-30T16:02:34.166798890Z 2026-09-30T16:02:34.166Z DEBUG 1 --- [lumo-api] [cat-handler-374] o.s.web.servlet.DispatcherServlet        : Completed 200 OK
lumo-e2e-api  | 2026-09-30T16:02:34.199822710Z 2026-09-30T16:02:34.199Z DEBUG 1 --- [lumo-api] [cat-handler-375] o.s.web.servlet.DispatcherServlet        : GET "/v1/me", parameters={}
lumo-e2e-api  | 2026-09-30T16:02:34.199856071Z 2026-09-30T16:02:34.199Z DEBUG 1 --- [lumo-api] [cat-handler-376] o.s.web.servlet.DispatcherServlet        : GET "/v1/sources/90ea8903-a69d-49cc-8647-2d112b4c8567/categories?contentType=LIVE", parameters={masked}
lumo-e2e-api  | 2026-09-30T16:02:34.199858181Z 2026-09-30T16:02:34.199Z DEBUG 1 --- [lumo-api] [cat-handler-377] o.s.web.servlet.DispatcherServlet        : GET "/v1/sources", parameters={}
lumo-e2e-api  | 2026-09-30T16:02:34.200076466Z 2026-09-30T16:02:34.199Z DEBUG 1 --- [lumo-api] [cat-handler-378] o.s.web.servlet.DispatcherServlet        : GET "/v1/sources/90ea8903-a69d-49cc-8647-2d112b4c8567/channels?page=0&size=50", parameters={masked}
lumo-e2e-api  | 2026-09-30T16:02:34.201131382Z 2026-09-30T16:02:34.200Z DEBUG 1 --- [lumo-api] [cat-handler-379] o.s.web.servlet.DispatcherServlet        : GET "/v1/sources/90ea8903-a69d-49cc-8647-2d112b4c8567", parameters={}
lumo-e2e-api  | 2026-09-30T16:02:34.201144792Z 2026-09-30T16:02:34.201Z DEBUG 1 --- [lumo-api] [cat-handler-375] o.s.web.servlet.DispatcherServlet        : Completed 200 OK
lumo-e2e-api  | 2026-09-30T16:02:34.201965902Z 2026-09-30T16:02:34.201Z DEBUG 1 --- [lumo-api] [cat-handler-377] o.s.web.servlet.DispatcherServlet        : Completed 200 OK
lumo-e2e-api  | 2026-09-30T16:02:34.202413503Z 2026-09-30T16:02:34.202Z DEBUG 1 --- [lumo-api] [cat-handler-376] o.s.web.servlet.DispatcherServlet        : Completed 200 OK
lumo-e2e-api  | 2026-09-30T16:02:34.202494575Z 2026-09-30T16:02:34.202Z DEBUG 1 --- [lumo-api] [cat-handler-380] o.s.web.servlet.DispatcherServlet        : GET "/v1/me/recent-channels?limit=12", parameters={masked}
lumo-e2e-api  | 2026-09-30T16:02:34.202736601Z 2026-09-30T16:02:34.202Z DEBUG 1 --- [lumo-api] [cat-handler-379] o.s.web.servlet.DispatcherServlet        : Completed 200 OK
lumo-e2e-api  | 2026-09-30T16:02:34.203017253Z 2026-09-30T16:02:34.202Z DEBUG 1 --- [lumo-api] [cat-handler-378] o.s.web.servlet.DispatcherServlet        : Completed 200 OK
lumo-e2e-api  | 2026-09-30T16:02:34.203692239Z 2026-09-30T16:02:34.203Z DEBUG 1 --- [lumo-api] [cat-handler-380] o.s.web.servlet.DispatcherServlet        : Completed 200 OK
lumo-e2e-api  | 2026-09-30T16:02:34.204276159Z 2026-09-30T16:02:34.204Z DEBUG 1 --- [lumo-api] [cat-handler-381] o.s.web.servlet.DispatcherServlet        : GET "/v1/me/favorites", parameters={}
lumo-e2e-api  | 2026-09-30T16:02:34.204487024Z 2026-09-30T16:02:34.204Z DEBUG 1 --- [lumo-api] [cat-handler-382] o.s.web.servlet.DispatcherServlet        : GET "/v1/me/favorite-groups", parameters={}
lumo-e2e-api  | 2026-09-30T16:02:34.205637352Z 2026-09-30T16:02:34.205Z DEBUG 1 --- [lumo-api] [cat-handler-382] o.s.web.servlet.DispatcherServlet        : Completed 200 OK
lumo-e2e-api  | 2026-09-30T16:02:34.205646352Z 2026-09-30T16:02:34.205Z DEBUG 1 --- [lumo-api] [cat-handler-381] o.s.web.servlet.DispatcherServlet        : Completed 200 OK
lumo-e2e-api  | 2026-09-30T16:02:34.211971825Z 2026-09-30T16:02:34.211Z DEBUG 1 --- [lumo-api] [cat-handler-383] o.s.web.servlet.DispatcherServlet        : GET "/v1/sources/90ea8903-a69d-49cc-8647-2d112b4c8567/epg?channelIds=d5005e4e-1cac-4eab-a044-801cddc89dab&channelIds=dbe4fb20-33fa-4886-9c3a-26b8858d6591&channelIds=0e350313-bc2c-4db2-8fe2-5a2849a58be3&channelIds=5b0b1406-c184-4fd5-b4d7-1c25fe580576&channelIds=fc15766f-7b86-4563-b77c-a0e0d5b85f62&from=2026-09-30T16%3A02%3A04.929Z&to=2026-09-30T19%3A02%3A04.929Z", parameters={masked}
lumo-e2e-api  | 2026-09-30T16:02:34.220390220Z 2026-09-30T16:02:34.220Z DEBUG 1 --- [lumo-api] [cat-handler-383] o.s.web.servlet.DispatcherServlet        : Completed 200 OK
lumo-e2e-api  | 2026-09-30T16:02:34.228159007Z 2026-09-30T16:02:34.227Z DEBUG 1 --- [lumo-api] [cat-handler-386] o.s.web.servlet.DispatcherServlet        : GET "/v1/me/entitlement", parameters={}
lumo-e2e-api  | 2026-09-30T16:02:34.228192448Z 2026-09-30T16:02:34.227Z DEBUG 1 --- [lumo-api] [cat-handler-384] o.s.web.servlet.DispatcherServlet        : GET "/v1/me", parameters={}
lumo-e2e-api  | 2026-09-30T16:02:34.228196738Z 2026-09-30T16:02:34.227Z DEBUG 1 --- [lumo-api] [cat-handler-385] o.s.web.servlet.DispatcherServlet        : GET "/v1/sources", parameters={}
lumo-e2e-api  | 2026-09-30T16:02:34.228312726Z 2026-09-30T16:02:34.227Z DEBUG 1 --- [lumo-api] [cat-handler-387] o.s.web.servlet.DispatcherServlet        : GET "/v1/me/devices", parameters={}
lumo-e2e-api  | 2026-09-30T16:02:34.229717115Z 2026-09-30T16:02:34.229Z DEBUG 1 --- [lumo-api] [cat-handler-386] o.s.web.servlet.DispatcherServlet        : Completed 200 OK
lumo-e2e-api  | 2026-09-30T16:02:34.229730795Z 2026-09-30T16:02:34.229Z DEBUG 1 --- [lumo-api] [cat-handler-387] o.s.web.servlet.DispatcherServlet        : Completed 200 OK
lumo-e2e-api  | 2026-09-30T16:02:34.229735255Z 2026-09-30T16:02:34.229Z DEBUG 1 --- [lumo-api] [cat-handler-384] o.s.web.servlet.DispatcherServlet        : Completed 200 OK
lumo-e2e-api  | 2026-09-30T16:02:34.230086394Z 2026-09-30T16:02:34.229Z DEBUG 1 --- [lumo-api] [cat-handler-385] o.s.web.servlet.DispatcherServlet        : Completed 200 OK
lumo-e2e-api  | 2026-09-30T16:02:34.234094242Z 2026-09-30T16:02:34.233Z DEBUG 1 --- [lumo-api] [cat-handler-388] o.s.web.servlet.DispatcherServlet        : GET "/v1/sources/87a5ecb8-18c5-4ffb-9e0a-c6b309b79e54/vod?page=0&size=1", parameters={masked}
lumo-e2e-api  | 2026-09-30T16:02:34.237709940Z 2026-09-30T16:02:34.237Z DEBUG 1 --- [lumo-api] [cat-handler-388] o.s.web.servlet.DispatcherServlet        : Completed 200 OK
lumo-e2e-api  | 2026-09-30T16:02:34.263431224Z 2026-09-30T16:02:34.263Z DEBUG 1 --- [lumo-api] [cat-handler-389] o.s.web.servlet.DispatcherServlet        : DELETE "/v1/me/favorites/f60067cb-b13f-453b-bc20-b285b3c331be", parameters={}
lumo-e2e-api  | 2026-09-30T16:02:34.266492587Z 2026-09-30T16:02:34.265Z DEBUG 1 --- [lumo-api] [cat-handler-391] o.s.web.servlet.DispatcherServlet        : GET "/v1/sources", parameters={}
lumo-e2e-api  | 2026-09-30T16:02:34.266523898Z 2026-09-30T16:02:34.265Z DEBUG 1 --- [lumo-api] [cat-handler-390] o.s.web.servlet.DispatcherServlet        : GET "/v1/me", parameters={}
lumo-e2e-api  | 2026-09-30T16:02:34.266528048Z 2026-09-30T16:02:34.265Z DEBUG 1 --- [lumo-api] [cat-handler-389] o.s.web.servlet.DispatcherServlet        : Completed 204 NO_CONTENT
lumo-e2e-api  | 2026-09-30T16:02:34.266529678Z 2026-09-30T16:02:34.265Z DEBUG 1 --- [lumo-api] [cat-handler-392] o.s.web.servlet.DispatcherServlet        : GET "/v1/sources/90ea8903-a69d-49cc-8647-2d112b4c8567/categories?contentType=LIVE", parameters={masked}
lumo-e2e-api  | 2026-09-30T16:02:34.266531198Z 2026-09-30T16:02:34.266Z DEBUG 1 --- [lumo-api] [cat-handler-396] o.s.web.servlet.DispatcherServlet        : GET "/v1/me/recent-channels?limit=12", parameters={masked}
lumo-e2e-api  | 2026-09-30T16:02:34.266532438Z 2026-09-30T16:02:34.266Z DEBUG 1 --- [lumo-api] [cat-handler-394] o.s.web.servlet.DispatcherServlet        : GET "/v1/sources/90ea8903-a69d-49cc-8647-2d112b4c8567", parameters={}
lumo-e2e-api  | 2026-09-30T16:02:34.266533738Z 2026-09-30T16:02:34.266Z DEBUG 1 --- [lumo-api] [cat-handler-395] o.s.web.servlet.DispatcherServlet        : GET "/v1/me/favorites", parameters={}
lumo-e2e-api  | 2026-09-30T16:02:34.266534938Z 2026-09-30T16:02:34.266Z DEBUG 1 --- [lumo-api] [cat-handler-393] o.s.web.servlet.DispatcherServlet        : GET "/v1/sources/90ea8903-a69d-49cc-8647-2d112b4c8567/channels?page=0&size=50", parameters={masked}
lumo-e2e-api  | 2026-09-30T16:02:34.267344978Z 2026-09-30T16:02:34.267Z DEBUG 1 --- [lumo-api] [cat-handler-390] o.s.web.servlet.DispatcherServlet        : Completed 200 OK
lumo-e2e-api  | 2026-09-30T16:02:34.267662691Z 2026-09-30T16:02:34.267Z DEBUG 1 --- [lumo-api] [cat-handler-395] o.s.web.servlet.DispatcherServlet        : Completed 200 OK
lumo-e2e-api  | 2026-09-30T16:02:34.267674351Z 2026-09-30T16:02:34.267Z DEBUG 1 --- [lumo-api] [cat-handler-396] o.s.web.servlet.DispatcherServlet        : Completed 200 OK
lumo-e2e-api  | 2026-09-30T16:02:34.268145907Z 2026-09-30T16:02:34.267Z DEBUG 1 --- [lumo-api] [cat-handler-391] o.s.web.servlet.DispatcherServlet        : Completed 200 OK
lumo-e2e-api  | 2026-09-30T16:02:34.268529126Z 2026-09-30T16:02:34.268Z DEBUG 1 --- [lumo-api] [cat-handler-394] o.s.web.servlet.DispatcherServlet        : Completed 200 OK
lumo-e2e-api  | 2026-09-30T16:02:34.268539247Z 2026-09-30T16:02:34.268Z DEBUG 1 --- [lumo-api] [cat-handler-392] o.s.web.servlet.DispatcherServlet        : Completed 200 OK
lumo-e2e-api  | 2026-09-30T16:02:34.268964620Z 2026-09-30T16:02:34.268Z DEBUG 1 --- [lumo-api] [cat-handler-393] o.s.web.servlet.DispatcherServlet        : Completed 200 OK
lumo-e2e-api  | 2026-09-30T16:02:34.268974000Z 2026-09-30T16:02:34.268Z DEBUG 1 --- [lumo-api] [cat-handler-397] o.s.web.servlet.DispatcherServlet        : GET "/v1/me/favorite-groups", parameters={}
lumo-e2e-api  | 2026-09-30T16:02:34.269860299Z 2026-09-30T16:02:34.269Z DEBUG 1 --- [lumo-api] [cat-handler-397] o.s.web.servlet.DispatcherServlet        : Completed 200 OK
lumo-e2e-api  | 2026-09-30T16:02:34.271863867Z 2026-09-30T16:02:34.271Z DEBUG 1 --- [lumo-api] [cat-handler-398] o.s.web.servlet.DispatcherServlet        : GET "/v1/me", parameters={}
lumo-e2e-api  | 2026-09-30T16:02:34.273472286Z 2026-09-30T16:02:34.273Z DEBUG 1 --- [lumo-api] [cat-handler-398] o.s.web.servlet.DispatcherServlet        : Completed 200 OK
lumo-e2e-api  | 2026-09-30T16:02:34.291159296Z 2026-09-30T16:02:34.290Z DEBUG 1 --- [lumo-api] [cat-handler-399] o.s.web.servlet.DispatcherServlet        : GET "/v1/sources", parameters={}
lumo-e2e-api  | 2026-09-30T16:02:34.291334340Z 2026-09-30T16:02:34.291Z DEBUG 1 --- [lumo-api] [cat-handler-402] o.s.web.servlet.DispatcherServlet        : GET "/v1/sources/d5a51467-7a60-4d16-b1fa-0daf2205ff36", parameters={}
lumo-e2e-api  | 2026-09-30T16:02:34.291493584Z 2026-09-30T16:02:34.291Z DEBUG 1 --- [lumo-api] [cat-handler-405] o.s.web.servlet.DispatcherServlet        : GET "/v1/me/favorite-groups", parameters={}
lumo-e2e-api  | 2026-09-30T16:02:34.291503744Z 2026-09-30T16:02:34.291Z DEBUG 1 --- [lumo-api] [cat-handler-403] o.s.web.servlet.DispatcherServlet        : GET "/v1/me/favorites", parameters={}
lumo-e2e-api  | 2026-09-30T16:02:34.291624917Z 2026-09-30T16:02:34.291Z DEBUG 1 --- [lumo-api] [cat-handler-404] o.s.web.servlet.DispatcherServlet        : GET "/v1/me/recent-channels?limit=12", parameters={masked}
lumo-e2e-api  | 2026-09-30T16:02:34.292846546Z 2026-09-30T16:02:34.292Z DEBUG 1 --- [lumo-api] [cat-handler-401] o.s.web.servlet.DispatcherServlet        : GET "/v1/sources/d5a51467-7a60-4d16-b1fa-0daf2205ff36/categories?contentType=LIVE", parameters={masked}
lumo-e2e-api  | 2026-09-30T16:02:34.292856967Z 2026-09-30T16:02:34.292Z DEBUG 1 --- [lumo-api] [cat-handler-404] o.s.web.servlet.DispatcherServlet        : Completed 200 OK
lumo-e2e-api  | 2026-09-30T16:02:34.292858727Z 2026-09-30T16:02:34.292Z DEBUG 1 --- [lumo-api] [cat-handler-405] o.s.web.servlet.DispatcherServlet        : Completed 200 OK
lumo-e2e-api  | 2026-09-30T16:02:34.292860017Z 2026-09-30T16:02:34.292Z DEBUG 1 --- [lumo-api] [cat-handler-403] o.s.web.servlet.DispatcherServlet        : Completed 200 OK
lumo-e2e-api  | 2026-09-30T16:02:34.292861317Z 2026-09-30T16:02:34.292Z DEBUG 1 --- [lumo-api] [cat-handler-402] o.s.web.servlet.DispatcherServlet        : Completed 200 OK
lumo-e2e-api  | 2026-09-30T16:02:34.293872311Z 2026-09-30T16:02:34.293Z DEBUG 1 --- [lumo-api] [cat-handler-399] o.s.web.servlet.DispatcherServlet        : Completed 200 OK
lumo-e2e-api  | 2026-09-30T16:02:34.294380653Z 2026-09-30T16:02:34.294Z DEBUG 1 --- [lumo-api] [cat-handler-400] o.s.web.servlet.DispatcherServlet        : GET "/v1/sources/d5a51467-7a60-4d16-b1fa-0daf2205ff36/channels?page=0&size=50", parameters={masked}
lumo-e2e-api  | 2026-09-30T16:02:34.295208223Z 2026-09-30T16:02:34.295Z DEBUG 1 --- [lumo-api] [cat-handler-401] o.s.web.servlet.DispatcherServlet        : Completed 200 OK
lumo-e2e-api  | 2026-09-30T16:02:34.297230022Z 2026-09-30T16:02:34.297Z DEBUG 1 --- [lumo-api] [cat-handler-407] o.s.web.servlet.DispatcherServlet        : GET "/v1/sources", parameters={}
lumo-e2e-api  | 2026-09-30T16:02:34.297243042Z 2026-09-30T16:02:34.297Z DEBUG 1 --- [lumo-api] [cat-handler-408] o.s.web.servlet.DispatcherServlet        : GET "/v1/sources/9fda5172-414c-4afb-a635-f90ea5939657/categories?contentType=LIVE", parameters={masked}
lumo-e2e-api  | 2026-09-30T16:02:34.297329679Z 2026-09-30T16:02:34.297Z DEBUG 1 --- [lumo-api] [cat-handler-409] o.s.web.servlet.DispatcherServlet        : GET "/v1/sources/9fda5172-414c-4afb-a635-f90ea5939657/channels?page=0&size=50", parameters={masked}
lumo-e2e-api  | 2026-09-30T16:02:34.298021991Z 2026-09-30T16:02:34.297Z DEBUG 1 --- [lumo-api] [cat-handler-400] o.s.web.servlet.DispatcherServlet        : Completed 200 OK
lumo-e2e-api  | 2026-09-30T16:02:34.298043002Z 2026-09-30T16:02:34.297Z DEBUG 1 --- [lumo-api] [cat-handler-406] o.s.web.servlet.DispatcherServlet        : GET "/v1/me", parameters={}
lumo-e2e-api  | 2026-09-30T16:02:34.298715628Z 2026-09-30T16:02:34.298Z DEBUG 1 --- [lumo-api] [cat-handler-406] o.s.web.servlet.DispatcherServlet        : Completed 200 OK
lumo-e2e-api  | 2026-09-30T16:02:34.299546408Z 2026-09-30T16:02:34.299Z DEBUG 1 --- [lumo-api] [cat-handler-408] o.s.web.servlet.DispatcherServlet        : Completed 200 OK
lumo-e2e-api  | 2026-09-30T16:02:34.300279716Z 2026-09-30T16:02:34.300Z DEBUG 1 --- [lumo-api] [cat-handler-407] o.s.web.servlet.DispatcherServlet        : Completed 200 OK
lumo-e2e-api  | 2026-09-30T16:02:34.301239869Z 2026-09-30T16:02:34.301Z DEBUG 1 --- [lumo-api] [cat-handler-409] o.s.web.servlet.DispatcherServlet        : Completed 200 OK
lumo-e2e-api  | 2026-09-30T16:02:34.312435166Z 2026-09-30T16:02:34.312Z DEBUG 1 --- [lumo-api] [cat-handler-410] o.s.web.servlet.DispatcherServlet        : GET "/v1/sources/d5a51467-7a60-4d16-b1fa-0daf2205ff36/epg?channelIds=b47c54eb-47ac-448f-82c5-880f2fd0d6ec&channelIds=cfbc5833-0dba-46a2-ba73-4b335320f433&channelIds=a1bdd7f4-044d-48aa-b422-72050855d43f&channelIds=1fba5944-059d-428f-a010-cc486103692d&channelIds=02385b49-fbd9-4b7e-bb36-a0a7c8a5816b&from=2026-09-30T16%3A02%3A04.929Z&to=2026-09-30T19%3A02%3A04.929Z", parameters={masked}
lumo-e2e-api  | 2026-09-30T16:02:34.314827309Z 2026-09-30T16:02:34.314Z DEBUG 1 --- [lumo-api] [cat-handler-411] o.s.web.servlet.DispatcherServlet        : GET "/v1/me", parameters={}
lumo-e2e-api  | 2026-09-30T16:02:34.314856899Z 2026-09-30T16:02:34.314Z DEBUG 1 --- [lumo-api] [cat-handler-413] o.s.web.servlet.DispatcherServlet        : GET "/v1/sources/20c73bc1-31a1-48f4-aa46-4da889a90a72/categories?contentType=LIVE", parameters={masked}
lumo-e2e-api  | 2026-09-30T16:02:34.314861099Z 2026-09-30T16:02:34.314Z DEBUG 1 --- [lumo-api] [cat-handler-412] o.s.web.servlet.DispatcherServlet        : GET "/v1/sources", parameters={}
lumo-e2e-api  | 2026-09-30T16:02:34.315261489Z 2026-09-30T16:02:34.314Z DEBUG 1 --- [lumo-api] [cat-handler-414] o.s.web.servlet.DispatcherServlet        : GET "/v1/sources/20c73bc1-31a1-48f4-aa46-4da889a90a72/channels?categoryId=baa820c6-4a6e-4006-a37c-c19a2f8546d7&page=0&size=50", parameters={masked}
lumo-e2e-api  | 2026-09-30T16:02:34.316211612Z 2026-09-30T16:02:34.316Z DEBUG 1 --- [lumo-api] [cat-handler-416] o.s.web.servlet.DispatcherServlet        : GET "/v1/me/favorites", parameters={}
lumo-e2e-api  | 2026-09-30T16:02:34.316690307Z 2026-09-30T16:02:34.316Z DEBUG 1 --- [lumo-api] [cat-handler-415] o.s.web.servlet.DispatcherServlet        : GET "/v1/sources/20c73bc1-31a1-48f4-aa46-4da889a90a72", parameters={}
lumo-e2e-api  | 2026-09-30T16:02:34.316702328Z 2026-09-30T16:02:34.316Z DEBUG 1 --- [lumo-api] [cat-handler-417] o.s.web.servlet.DispatcherServlet        : GET "/v1/me/recent-channels?limit=12", parameters={masked}
lumo-e2e-api  | 2026-09-30T16:02:34.316704268Z 2026-09-30T16:02:34.316Z DEBUG 1 --- [lumo-api] [cat-handler-411] o.s.web.servlet.DispatcherServlet        : Completed 200 OK
lumo-e2e-api  | 2026-09-30T16:02:34.316705618Z 2026-09-30T16:02:34.316Z DEBUG 1 --- [lumo-api] [cat-handler-418] o.s.web.servlet.DispatcherServlet        : GET "/v1/me/favorite-groups", parameters={}
lumo-e2e-api  | 2026-09-30T16:02:34.316883219Z 2026-09-30T16:02:34.316Z DEBUG 1 --- [lumo-api] [cat-handler-412] o.s.web.servlet.DispatcherServlet        : Completed 200 OK
lumo-e2e-api  | 2026-09-30T16:02:34.317367796Z 2026-09-30T16:02:34.317Z DEBUG 1 --- [lumo-api] [cat-handler-416] o.s.web.servlet.DispatcherServlet        : Completed 200 OK
lumo-e2e-api  | 2026-09-30T16:02:34.317509110Z 2026-09-30T16:02:34.317Z DEBUG 1 --- [lumo-api] [cat-handler-418] o.s.web.servlet.DispatcherServlet        : Completed 200 OK
lumo-e2e-api  | 2026-09-30T16:02:34.317621837Z 2026-09-30T16:02:34.317Z DEBUG 1 --- [lumo-api] [cat-handler-410] o.s.web.servlet.DispatcherServlet        : Completed 200 OK
lumo-e2e-api  | 2026-09-30T16:02:34.317899454Z 2026-09-30T16:02:34.317Z DEBUG 1 --- [lumo-api] [cat-handler-413] o.s.web.servlet.DispatcherServlet        : Completed 200 OK
lumo-e2e-api  | 2026-09-30T16:02:34.317907054Z 2026-09-30T16:02:34.317Z DEBUG 1 --- [lumo-api] [cat-handler-415] o.s.web.servlet.DispatcherServlet        : Completed 200 OK
lumo-e2e-api  | 2026-09-30T16:02:34.317940850Z 2026-09-30T16:02:34.317Z DEBUG 1 --- [lumo-api] [cat-handler-417] o.s.web.servlet.DispatcherServlet        : Completed 200 OK
lumo-e2e-api  | 2026-09-30T16:02:34.318946570Z 2026-09-30T16:02:34.318Z DEBUG 1 --- [lumo-api] [cat-handler-419] o.s.web.servlet.DispatcherServlet        : GET "/v1/sources", parameters={}
lumo-e2e-api  | 2026-09-30T16:02:34.318967130Z 2026-09-30T16:02:34.318Z DEBUG 1 --- [lumo-api] [cat-handler-414] o.s.web.servlet.DispatcherServlet        : Completed 200 OK
lumo-e2e-api  | 2026-09-30T16:02:34.320165842Z 2026-09-30T16:02:34.319Z DEBUG 1 --- [lumo-api] [cat-handler-419] o.s.web.servlet.DispatcherServlet        : Completed 200 OK
lumo-e2e-api  | 2026-09-30T16:02:34.323544930Z 2026-09-30T16:02:34.323Z DEBUG 1 --- [lumo-api] [cat-handler-420] o.s.web.servlet.DispatcherServlet        : GET "/v1/me/favorites", parameters={}
lumo-e2e-api  | 2026-09-30T16:02:34.323894579Z 2026-09-30T16:02:34.323Z DEBUG 1 --- [lumo-api] [cat-handler-421] o.s.web.servlet.DispatcherServlet        : GET "/v1/me/favorite-groups", parameters={}
lumo-e2e-api  | 2026-09-30T16:02:34.325419966Z 2026-09-30T16:02:34.325Z DEBUG 1 --- [lumo-api] [cat-handler-422] o.s.web.servlet.DispatcherServlet        : GET "/v1/sources/20c73bc1-31a1-48f4-aa46-4da889a90a72/channels?ids=4d619439-2cc9-49b7-af0f-57fb22f95d20&size=1", parameters={masked}
lumo-e2e-api  | 2026-09-30T16:02:34.325432496Z 2026-09-30T16:02:34.325Z DEBUG 1 --- [lumo-api] [cat-handler-423] o.s.web.servlet.DispatcherServlet        : GET "/v1/sources/20c73bc1-31a1-48f4-aa46-4da889a90a72/epg?channelIds=c041ffb1-0685-4cde-acd0-6beb3bacefe1&channelIds=d84e8a60-4165-4768-be71-6205bb667856&from=2026-09-30T16%3A02%3A04.929Z&to=2026-09-30T19%3A02%3A04.929Z", parameters={masked}
lumo-e2e-api  | 2026-09-30T16:02:34.325685562Z 2026-09-30T16:02:34.325Z DEBUG 1 --- [lumo-api] [cat-handler-420] o.s.web.servlet.DispatcherServlet        : Completed 200 OK
lumo-e2e-api  | 2026-09-30T16:02:34.325817615Z 2026-09-30T16:02:34.325Z DEBUG 1 --- [lumo-api] [cat-handler-421] o.s.web.servlet.DispatcherServlet        : Completed 200 OK
lumo-e2e-api  | 2026-09-30T16:02:34.332465121Z 2026-09-30T16:02:34.332Z DEBUG 1 --- [lumo-api] [cat-handler-424] o.s.web.servlet.DispatcherServlet        : POST "/v1/sources", parameters={}
lumo-e2e-api  | 2026-09-30T16:02:34.332913972Z 2026-09-30T16:02:34.332Z DEBUG 1 --- [lumo-api] [cat-handler-422] o.s.web.servlet.DispatcherServlet        : Completed 200 OK
lumo-e2e-api  | 2026-09-30T16:02:34.335180923Z 2026-09-30T16:02:34.334Z DEBUG 1 --- [lumo-api] [cat-handler-423] o.s.web.servlet.DispatcherServlet        : Completed 200 OK
lumo-e2e-api  | 2026-09-30T16:02:34.352040294Z 2026-09-30T16:02:34.351Z DEBUG 1 --- [lumo-api] [cat-handler-427] o.s.web.servlet.DispatcherServlet        : GET "/v1/sources/87a5ecb8-18c5-4ffb-9e0a-c6b309b79e54", parameters={}
lumo-e2e-api  | 2026-09-30T16:02:34.352089685Z 2026-09-30T16:02:34.351Z DEBUG 1 --- [lumo-api] [cat-handler-425] o.s.web.servlet.DispatcherServlet        : GET "/v1/me", parameters={}
lumo-e2e-api  | 2026-09-30T16:02:34.352537073Z 2026-09-30T16:02:34.351Z DEBUG 1 --- [lumo-api] [cat-handler-426] o.s.web.servlet.DispatcherServlet        : GET "/v1/sources", parameters={}
lumo-e2e-api  | 2026-09-30T16:02:34.353480549Z 2026-09-30T16:02:34.353Z DEBUG 1 --- [lumo-api] [cat-handler-425] o.s.web.servlet.DispatcherServlet        : Completed 200 OK
lumo-e2e-api  | 2026-09-30T16:02:34.354349322Z 2026-09-30T16:02:34.354Z DEBUG 1 --- [lumo-api] [cat-handler-426] o.s.web.servlet.DispatcherServlet        : Completed 200 OK
lumo-e2e-api  | 2026-09-30T16:02:34.354372263Z 2026-09-30T16:02:34.354Z DEBUG 1 --- [lumo-api] [cat-handler-427] o.s.web.servlet.DispatcherServlet        : Completed 200 OK
lumo-e2e-api  | 2026-09-30T16:02:34.358126298Z 2026-09-30T16:02:34.357Z DEBUG 1 --- [lumo-api] [cat-handler-428] o.s.web.servlet.DispatcherServlet        : GET "/v1/sources/87a5ecb8-18c5-4ffb-9e0a-c6b309b79e54/vod?page=0&size=1", parameters={masked}
lumo-e2e-api  | 2026-09-30T16:02:34.360413859Z 2026-09-30T16:02:34.360Z DEBUG 1 --- [lumo-api] [cat-handler-430] o.s.web.servlet.DispatcherServlet        : GET "/v1/sources/9fda5172-414c-4afb-a635-f90ea5939657", parameters={}
lumo-e2e-api  | 2026-09-30T16:02:34.360443800Z 2026-09-30T16:02:34.360Z DEBUG 1 --- [lumo-api] [cat-handler-431] o.s.web.servlet.DispatcherServlet        : GET "/v1/sources/90ea8903-a69d-49cc-8647-2d112b4c8567/epg?channelIds=d5005e4e-1cac-4eab-a044-801cddc89dab&channelIds=dbe4fb20-33fa-4886-9c3a-26b8858d6591&channelIds=0e350313-bc2c-4db2-8fe2-5a2849a58be3&channelIds=5b0b1406-c184-4fd5-b4d7-1c25fe580576&channelIds=fc15766f-7b86-4563-b77c-a0e0d5b85f62&from=2026-09-29T22%3A00%3A00.000Z&to=2026-09-30T22%3A00%3A00.000Z", parameters={masked}
lumo-e2e-api  | 2026-09-30T16:02:34.360524477Z 2026-09-30T16:02:34.360Z DEBUG 1 --- [lumo-api] [cat-handler-429] o.s.web.servlet.DispatcherServlet        : GET "/v1/me/recent-channels?limit=12", parameters={masked}
lumo-e2e-api  | 2026-09-30T16:02:34.361139057Z 2026-09-30T16:02:34.360Z DEBUG 1 --- [lumo-api] [cat-handler-428] o.s.web.servlet.DispatcherServlet        : Completed 200 OK
lumo-e2e-api  | 2026-09-30T16:02:34.361778878Z 2026-09-30T16:02:34.361Z DEBUG 1 --- [lumo-api] [cat-handler-429] o.s.web.servlet.DispatcherServlet        : Completed 200 OK
lumo-e2e-api  | 2026-09-30T16:02:34.362425238Z 2026-09-30T16:02:34.362Z DEBUG 1 --- [lumo-api] [cat-handler-430] o.s.web.servlet.DispatcherServlet        : Completed 200 OK
lumo-e2e-api  | 2026-09-30T16:02:34.368917030Z 2026-09-30T16:02:34.368Z DEBUG 1 --- [lumo-api] [cat-handler-432] o.s.web.servlet.DispatcherServlet        : GET "/v1/sources/9fda5172-414c-4afb-a635-f90ea5939657/epg?channelIds=fa11537c-215e-4786-ace4-00135ad91cb8&channelIds=dca2ec85-e89c-463f-88e5-b07ae621a53e&channelIds=7aedda6e-8894-41af-8f75-1f5f102a66ef&channelIds=3783db24-8899-4b6f-b6ec-3b9a81054b87&channelIds=fd5a7297-de50-49fd-874c-9cec6dcf78be&from=2026-09-30T16%3A02%3A04.929Z&to=2026-09-30T19%3A02%3A04.929Z", parameters={masked}
lumo-e2e-api  | 2026-09-30T16:02:34.370457577Z 2026-09-30T16:02:34.370Z DEBUG 1 --- [lumo-api] [cat-handler-431] o.s.web.servlet.DispatcherServlet        : Completed 200 OK
lumo-e2e-api  | 2026-09-30T16:02:34.370487548Z 2026-09-30T16:02:34.370Z DEBUG 1 --- [lumo-api] [cat-handler-433] o.s.web.servlet.DispatcherServlet        : GET "/v1/me", parameters={}
lumo-e2e-api  | 2026-09-30T16:02:34.370550650Z 2026-09-30T16:02:34.370Z DEBUG 1 --- [lumo-api] [cat-handler-434] o.s.web.servlet.DispatcherServlet        : GET "/v1/sources", parameters={}
lumo-e2e-api  | 2026-09-30T16:02:34.371754589Z 2026-09-30T16:02:34.371Z DEBUG 1 --- [lumo-api] [cat-handler-433] o.s.web.servlet.DispatcherServlet        : Completed 200 OK
lumo-e2e-api  | 2026-09-30T16:02:34.373222218Z 2026-09-30T16:02:34.373Z DEBUG 1 --- [lumo-api] [cat-handler-434] o.s.web.servlet.DispatcherServlet        : Completed 200 OK
lumo-e2e-api  | 2026-09-30T16:02:34.373233418Z 2026-09-30T16:02:34.373Z DEBUG 1 --- [lumo-api] [cat-handler-432] o.s.web.servlet.DispatcherServlet        : Completed 200 OK
lumo-e2e-api  | 2026-09-30T16:02:34.378022357Z 2026-09-30T16:02:34.377Z  INFO 1 --- [lumo-api] [    virtual-526] tv.lumo.api.ingest.IngestionService      : Ingesting source ef1b808c-58af-4a15-b60d-530528c106a9 (M3U_URL)
lumo-e2e-api  | 2026-09-30T16:02:34.378342119Z 2026-09-30T16:02:34.378Z DEBUG 1 --- [lumo-api] [cat-handler-424] o.s.web.servlet.DispatcherServlet        : Completed 202 ACCEPTED
lumo-e2e-api  | 2026-09-30T16:02:34.385486652Z 2026-09-30T16:02:34.385Z  INFO 1 --- [lumo-api] [    virtual-526] tv.lumo.api.ingest.IngestionService      : Source ef1b808c-58af-4a15-b60d-530528c106a9: ingested 5 channel(s) and 0 film(s) from playlist
lumo-e2e-api  | 2026-09-30T16:02:34.405650042Z 2026-09-30T16:02:34.405Z DEBUG 1 --- [lumo-api] [cat-handler-437] o.s.web.servlet.DispatcherServlet        : GET "/v1/sources", parameters={}
lumo-e2e-api  | 2026-09-30T16:02:34.405681563Z 2026-09-30T16:02:34.405Z DEBUG 1 --- [lumo-api] [cat-handler-435] o.s.web.servlet.DispatcherServlet        : GET "/v1/me", parameters={}
lumo-e2e-api  | 2026-09-30T16:02:34.405683753Z 2026-09-30T16:02:34.405Z DEBUG 1 --- [lumo-api] [cat-handler-436] o.s.web.servlet.DispatcherServlet        : GET "/v1/sources/ef1b808c-58af-4a15-b60d-530528c106a9", parameters={}
lumo-e2e-api  | 2026-09-30T16:02:34.407277025Z 2026-09-30T16:02:34.406Z DEBUG 1 --- [lumo-api] [cat-handler-436] o.s.web.servlet.DispatcherServlet        : Completed 200 OK
lumo-e2e-api  | 2026-09-30T16:02:34.407305495Z 2026-09-30T16:02:34.407Z DEBUG 1 --- [lumo-api] [cat-handler-437] o.s.web.servlet.DispatcherServlet        : Completed 200 OK
lumo-e2e-api  | 2026-09-30T16:02:34.407310975Z 2026-09-30T16:02:34.406Z DEBUG 1 --- [lumo-api] [cat-handler-435] o.s.web.servlet.DispatcherServlet        : Completed 200 OK
lumo-e2e-api  | 2026-09-30T16:02:34.442930836Z 2026-09-30T16:02:34.441Z DEBUG 1 --- [lumo-api] [    virtual-526] t.l.api.ingest.xmltv.XmltvStreamParser   : Parsed 763 programme(s) inside the retention window
lumo-e2e-api  | 2026-09-30T16:02:34.457281756Z 2026-09-30T16:02:34.456Z DEBUG 1 --- [lumo-api] [cat-handler-438] o.s.web.servlet.DispatcherServlet        : GET "/v1/me", parameters={}
lumo-e2e-api  | 2026-09-30T16:02:34.458907673Z 2026-09-30T16:02:34.458Z DEBUG 1 --- [lumo-api] [cat-handler-438] o.s.web.servlet.DispatcherServlet        : Completed 200 OK
lumo-e2e-api  | 2026-09-30T16:02:34.463216904Z 2026-09-30T16:02:34.462Z DEBUG 1 --- [lumo-api] [cat-handler-439] o.s.web.servlet.DispatcherServlet        : GET "/v1/sources", parameters={}
lumo-e2e-api  | 2026-09-30T16:02:34.465406601Z 2026-09-30T16:02:34.465Z  INFO 1 --- [lumo-api] [    virtual-526] tv.lumo.api.ingest.IngestionService      : Source ef1b808c-58af-4a15-b60d-530528c106a9 is READY
lumo-e2e-api  | 2026-09-30T16:02:34.467398495Z 2026-09-30T16:02:34.467Z DEBUG 1 --- [lumo-api] [cat-handler-439] o.s.web.servlet.DispatcherServlet        : Completed 200 OK
lumo-e2e-api  | 2026-09-30T16:02:34.474168094Z 2026-09-30T16:02:34.473Z DEBUG 1 --- [lumo-api] [cat-handler-440] o.s.web.servlet.DispatcherServlet        : GET "/v1/sources/9fda5172-414c-4afb-a635-f90ea5939657/categories?contentType=LIVE", parameters={masked}
lumo-e2e-api  | 2026-09-30T16:02:34.474790879Z 2026-09-30T16:02:34.474Z DEBUG 1 --- [lumo-api] [cat-handler-441] o.s.web.servlet.DispatcherServlet        : GET "/v1/sources/9fda5172-414c-4afb-a635-f90ea5939657", parameters={}
lumo-e2e-api  | 2026-09-30T16:02:34.474818390Z 2026-09-30T16:02:34.474Z DEBUG 1 --- [lumo-api] [cat-handler-442] o.s.web.servlet.DispatcherServlet        : GET "/v1/sources/9fda5172-414c-4afb-a635-f90ea5939657/channels?page=0&size=50", parameters={masked}
lumo-e2e-api  | 2026-09-30T16:02:34.477207408Z 2026-09-30T16:02:34.476Z DEBUG 1 --- [lumo-api] [cat-handler-440] o.s.web.servlet.DispatcherServlet        : Completed 200 OK
lumo-e2e-api  | 2026-09-30T16:02:34.478246323Z 2026-09-30T16:02:34.477Z DEBUG 1 --- [lumo-api] [cat-handler-442] o.s.web.servlet.DispatcherServlet        : Completed 200 OK
lumo-e2e-api  | 2026-09-30T16:02:34.479028822Z 2026-09-30T16:02:34.478Z DEBUG 1 --- [lumo-api] [cat-handler-441] o.s.web.servlet.DispatcherServlet        : Completed 200 OK
lumo-e2e-api  | 2026-09-30T16:02:34.481139522Z 2026-09-30T16:02:34.480Z DEBUG 1 --- [lumo-api] [cat-handler-443] o.s.web.servlet.DispatcherServlet        : GET "/v1/me/favorites", parameters={}
lumo-e2e-api  | 2026-09-30T16:02:34.482725980Z 2026-09-30T16:02:34.482Z DEBUG 1 --- [lumo-api] [cat-handler-445] o.s.web.servlet.DispatcherServlet        : GET "/v1/me/favorite-groups", parameters={}
lumo-e2e-api  | 2026-09-30T16:02:34.482752191Z 2026-09-30T16:02:34.482Z DEBUG 1 --- [lumo-api] [cat-handler-444] o.s.web.servlet.DispatcherServlet        : GET "/v1/me/recent-channels?limit=12", parameters={masked}
lumo-e2e-api  | 2026-09-30T16:02:34.484106404Z 2026-09-30T16:02:34.483Z DEBUG 1 --- [lumo-api] [cat-handler-443] o.s.web.servlet.DispatcherServlet        : Completed 200 OK
lumo-e2e-api  | 2026-09-30T16:02:34.484122104Z 2026-09-30T16:02:34.483Z DEBUG 1 --- [lumo-api] [cat-handler-444] o.s.web.servlet.DispatcherServlet        : Completed 200 OK
lumo-e2e-api  | 2026-09-30T16:02:34.484128345Z 2026-09-30T16:02:34.483Z DEBUG 1 --- [lumo-api] [cat-handler-445] o.s.web.servlet.DispatcherServlet        : Completed 200 OK
lumo-e2e-api  | 2026-09-30T16:02:34.492814077Z 2026-09-30T16:02:34.492Z DEBUG 1 --- [lumo-api] [cat-handler-446] o.s.web.servlet.DispatcherServlet        : GET "/v1/sources/9fda5172-414c-4afb-a635-f90ea5939657/epg?channelIds=fa11537c-215e-4786-ace4-00135ad91cb8&channelIds=dca2ec85-e89c-463f-88e5-b07ae621a53e&channelIds=7aedda6e-8894-41af-8f75-1f5f102a66ef&channelIds=3783db24-8899-4b6f-b6ec-3b9a81054b87&channelIds=fd5a7297-de50-49fd-874c-9cec6dcf78be&from=2026-09-29T22%3A00%3A00.000Z&to=2026-09-30T22%3A00%3A00.000Z", parameters={masked}
lumo-e2e-api  | 2026-09-30T16:02:34.500677516Z 2026-09-30T16:02:34.500Z DEBUG 1 --- [lumo-api] [cat-handler-446] o.s.web.servlet.DispatcherServlet        : Completed 200 OK
lumo-e2e-api  | 2026-09-30T16:02:34.517286998Z 2026-09-30T16:02:34.516Z DEBUG 1 --- [lumo-api] [cat-handler-448] o.s.web.servlet.DispatcherServlet        : GET "/v1/sources/87a5ecb8-18c5-4ffb-9e0a-c6b309b79e54", parameters={}
lumo-e2e-api  | 2026-09-30T16:02:34.517319769Z 2026-09-30T16:02:34.516Z DEBUG 1 --- [lumo-api] [cat-handler-450] o.s.web.servlet.DispatcherServlet        : GET "/v1/me/favorites", parameters={}
lumo-e2e-api  | 2026-09-30T16:02:34.517321819Z 2026-09-30T16:02:34.516Z DEBUG 1 --- [lumo-api] [cat-handler-449] o.s.web.servlet.DispatcherServlet        : GET "/v1/sources/87a5ecb8-18c5-4ffb-9e0a-c6b309b79e54/channels?page=0&size=50", parameters={masked}
lumo-e2e-api  | 2026-09-30T16:02:34.517342680Z 2026-09-30T16:02:34.517Z DEBUG 1 --- [lumo-api] [cat-handler-447] o.s.web.servlet.DispatcherServlet        : GET "/v1/sources/87a5ecb8-18c5-4ffb-9e0a-c6b309b79e54/categories?contentType=LIVE", parameters={masked}
lumo-e2e-api  | 2026-09-30T16:02:34.519075282Z 2026-09-30T16:02:34.518Z DEBUG 1 --- [lumo-api] [cat-handler-450] o.s.web.servlet.DispatcherServlet        : Completed 200 OK
lumo-e2e-api  | 2026-09-30T16:02:34.520244330Z 2026-09-30T16:02:34.520Z DEBUG 1 --- [lumo-api] [cat-handler-447] o.s.web.servlet.DispatcherServlet        : Completed 200 OK
lumo-e2e-api  | 2026-09-30T16:02:34.520261400Z 2026-09-30T16:02:34.520Z DEBUG 1 --- [lumo-api] [cat-handler-449] o.s.web.servlet.DispatcherServlet        : Completed 200 OK
lumo-e2e-api  | 2026-09-30T16:02:34.521340446Z 2026-09-30T16:02:34.521Z DEBUG 1 --- [lumo-api] [cat-handler-448] o.s.web.servlet.DispatcherServlet        : Completed 200 OK
lumo-e2e-api  | 2026-09-30T16:02:34.523230412Z 2026-09-30T16:02:34.523Z DEBUG 1 --- [lumo-api] [cat-handler-452] o.s.web.servlet.DispatcherServlet        : GET "/v1/me/favorite-groups", parameters={}
lumo-e2e-api  | 2026-09-30T16:02:34.523272953Z 2026-09-30T16:02:34.523Z DEBUG 1 --- [lumo-api] [cat-handler-451] o.s.web.servlet.DispatcherServlet        : GET "/v1/me/recent-channels?limit=12", parameters={masked}
lumo-e2e-api  | 2026-09-30T16:02:34.524317988Z 2026-09-30T16:02:34.524Z DEBUG 1 --- [lumo-api] [cat-handler-454] o.s.web.servlet.DispatcherServlet        : GET "/v1/sources", parameters={}
lumo-e2e-api  | 2026-09-30T16:02:34.524944263Z 2026-09-30T16:02:34.524Z DEBUG 1 --- [lumo-api] [cat-handler-452] o.s.web.servlet.DispatcherServlet        : Completed 200 OK
lumo-e2e-api  | 2026-09-30T16:02:34.524956854Z 2026-09-30T16:02:34.524Z DEBUG 1 --- [lumo-api] [cat-handler-451] o.s.web.servlet.DispatcherServlet        : Completed 200 OK
lumo-e2e-api  | 2026-09-30T16:02:34.525994219Z 2026-09-30T16:02:34.525Z DEBUG 1 --- [lumo-api] [cat-handler-453] o.s.web.servlet.DispatcherServlet        : GET "/v1/me", parameters={}
lumo-e2e-api  | 2026-09-30T16:02:34.526650505Z 2026-09-30T16:02:34.526Z DEBUG 1 --- [lumo-api] [cat-handler-454] o.s.web.servlet.DispatcherServlet        : Completed 200 OK
lumo-e2e-api  | 2026-09-30T16:02:34.527380617Z 2026-09-30T16:02:34.527Z DEBUG 1 --- [lumo-api] [cat-handler-453] o.s.web.servlet.DispatcherServlet        : Completed 200 OK
lumo-e2e-api  | 2026-09-30T16:02:34.531178291Z 2026-09-30T16:02:34.530Z DEBUG 1 --- [lumo-api] [cat-handler-455] o.s.web.servlet.DispatcherServlet        : GET "/v1/sources/87a5ecb8-18c5-4ffb-9e0a-c6b309b79e54/epg?channelIds=a9c650d3-6fe0-4328-b20d-176144bf1924&channelIds=fa26e887-bd80-43c3-bc94-b361f67194d7&channelIds=f2c8f57f-8ef1-4b34-90e3-a8c104a4f581&channelIds=bd4069da-3e18-4ed1-b607-2ad0a733de44&channelIds=94bc6706-726a-41be-9773-31c77e06d720&from=2026-09-30T16%3A02%3A04.929Z&to=2026-09-30T19%3A02%3A04.929Z", parameters={masked}
lumo-e2e-api  | 2026-09-30T16:02:34.537539789Z 2026-09-30T16:02:34.537Z DEBUG 1 --- [lumo-api] [cat-handler-455] o.s.web.servlet.DispatcherServlet        : Completed 200 OK
lumo-e2e-api  | 2026-09-30T16:02:34.566466133Z 2026-09-30T16:02:34.565Z DEBUG 1 --- [lumo-api] [cat-handler-456] o.s.web.servlet.DispatcherServlet        : GET "/v1/sources", parameters={}
lumo-e2e-api  | 2026-09-30T16:02:34.570365214Z 2026-09-30T16:02:34.570Z DEBUG 1 --- [lumo-api] [cat-handler-456] o.s.web.servlet.DispatcherServlet        : Completed 200 OK
lumo-e2e-api  | 2026-09-30T16:02:34.582767315Z 2026-09-30T16:02:34.582Z DEBUG 1 --- [lumo-api] [cat-handler-457] o.s.web.servlet.DispatcherServlet        : POST "/v1/sources", parameters={}
lumo-e2e-api  | 2026-09-30T16:02:34.584085028Z 2026-09-30T16:02:34.583Z DEBUG 1 --- [lumo-api] [cat-handler-459] o.s.web.servlet.DispatcherServlet        : GET "/v1/sources", parameters={}
lumo-e2e-api  | 2026-09-30T16:02:34.584103108Z 2026-09-30T16:02:34.583Z DEBUG 1 --- [lumo-api] [cat-handler-458] o.s.web.servlet.DispatcherServlet        : GET "/v1/me", parameters={}
lumo-e2e-api  | 2026-09-30T16:02:34.584422746Z 2026-09-30T16:02:34.584Z DEBUG 1 --- [lumo-api] [cat-handler-460] o.s.web.servlet.DispatcherServlet        : GET "/v1/me/entitlement", parameters={}
lumo-e2e-api  | 2026-09-30T16:02:34.584824986Z 2026-09-30T16:02:34.584Z DEBUG 1 --- [lumo-api] [cat-handler-461] o.s.web.servlet.DispatcherServlet        : GET "/v1/me/devices", parameters={}
lumo-e2e-api  | 2026-09-30T16:02:34.585489832Z 2026-09-30T16:02:34.585Z DEBUG 1 --- [lumo-api] [cat-handler-458] o.s.web.servlet.DispatcherServlet        : Completed 200 OK
lumo-e2e-api  | 2026-09-30T16:02:34.585853776Z 2026-09-30T16:02:34.585Z DEBUG 1 --- [lumo-api] [cat-handler-460] o.s.web.servlet.DispatcherServlet        : Completed 200 OK
lumo-e2e-api  | 2026-09-30T16:02:34.586305017Z 2026-09-30T16:02:34.586Z DEBUG 1 --- [lumo-api] [cat-handler-459] o.s.web.servlet.DispatcherServlet        : Completed 200 OK
lumo-e2e-api  | 2026-09-30T16:02:34.586327028Z 2026-09-30T16:02:34.586Z DEBUG 1 --- [lumo-api] [cat-handler-461] o.s.web.servlet.DispatcherServlet        : Completed 200 OK
lumo-e2e-api  | 2026-09-30T16:02:34.594705930Z 2026-09-30T16:02:34.594Z DEBUG 1 --- [lumo-api] [cat-handler-462] o.s.web.servlet.DispatcherServlet        : GET "/v1/sources/20c73bc1-31a1-48f4-aa46-4da889a90a72/vod?page=0&size=1", parameters={masked}
lumo-e2e-api  | 2026-09-30T16:02:34.598223970Z 2026-09-30T16:02:34.597Z DEBUG 1 --- [lumo-api] [cat-handler-462] o.s.web.servlet.DispatcherServlet        : Completed 200 OK
lumo-e2e-api  | 2026-09-30T16:02:34.605734648Z 2026-09-30T16:02:34.605Z DEBUG 1 --- [lumo-api] [cat-handler-467] o.s.web.servlet.DispatcherServlet        : GET "/v1/sources/87a5ecb8-18c5-4ffb-9e0a-c6b309b79e54", parameters={}
lumo-e2e-api  | 2026-09-30T16:02:34.605765749Z 2026-09-30T16:02:34.605Z DEBUG 1 --- [lumo-api] [cat-handler-463] o.s.web.servlet.DispatcherServlet        : GET "/v1/me", parameters={}
lumo-e2e-api  | 2026-09-30T16:02:34.605774079Z 2026-09-30T16:02:34.605Z DEBUG 1 --- [lumo-api] [cat-handler-465] o.s.web.servlet.DispatcherServlet        : GET "/v1/sources/87a5ecb8-18c5-4ffb-9e0a-c6b309b79e54/categories?contentType=LIVE", parameters={masked}
lumo-e2e-api  | 2026-09-30T16:02:34.605775799Z 2026-09-30T16:02:34.605Z DEBUG 1 --- [lumo-api] [cat-handler-468] o.s.web.servlet.DispatcherServlet        : GET "/v1/me/favorites", parameters={}
lumo-e2e-api  | 2026-09-30T16:02:34.605892926Z 2026-09-30T16:02:34.605Z DEBUG 1 --- [lumo-api] [cat-handler-466] o.s.web.servlet.DispatcherServlet        : GET "/v1/sources/87a5ecb8-18c5-4ffb-9e0a-c6b309b79e54/channels?page=0&size=50", parameters={masked}
lumo-e2e-api  | 2026-09-30T16:02:34.606032205Z 2026-09-30T16:02:34.605Z DEBUG 1 --- [lumo-api] [cat-handler-464] o.s.web.servlet.DispatcherServlet        : GET "/v1/sources", parameters={}
lumo-e2e-api  | 2026-09-30T16:02:34.606167978Z 2026-09-30T16:02:34.606Z DEBUG 1 --- [lumo-api] [cat-handler-469] o.s.web.servlet.DispatcherServlet        : GET "/v1/me/recent-channels?limit=12", parameters={masked}
lumo-e2e-api  | 2026-09-30T16:02:34.607444254Z 2026-09-30T16:02:34.607Z DEBUG 1 --- [lumo-api] [cat-handler-470] o.s.web.servlet.DispatcherServlet        : GET "/v1/me/favorite-groups", parameters={}
lumo-e2e-api  | 2026-09-30T16:02:34.607474765Z 2026-09-30T16:02:34.607Z DEBUG 1 --- [lumo-api] [cat-handler-468] o.s.web.servlet.DispatcherServlet        : Completed 200 OK
lumo-e2e-api  | 2026-09-30T16:02:34.607477045Z 2026-09-30T16:02:34.607Z DEBUG 1 --- [lumo-api] [cat-handler-469] o.s.web.servlet.DispatcherServlet        : Completed 200 OK
lumo-e2e-api  | 2026-09-30T16:02:34.607521421Z 2026-09-30T16:02:34.607Z DEBUG 1 --- [lumo-api] [cat-handler-463] o.s.web.servlet.DispatcherServlet        : Completed 200 OK
lumo-e2e-api  | 2026-09-30T16:02:34.607528451Z 2026-09-30T16:02:34.607Z DEBUG 1 --- [lumo-api] [cat-handler-464] o.s.web.servlet.DispatcherServlet        : Completed 200 OK
lumo-e2e-api  | 2026-09-30T16:02:34.607828133Z 2026-09-30T16:02:34.607Z DEBUG 1 --- [lumo-api] [cat-handler-465] o.s.web.servlet.DispatcherServlet        : Completed 200 OK
lumo-e2e-api  | 2026-09-30T16:02:34.608328560Z 2026-09-30T16:02:34.608Z DEBUG 1 --- [lumo-api] [cat-handler-467] o.s.web.servlet.DispatcherServlet        : Completed 200 OK
lumo-e2e-api  | 2026-09-30T16:02:34.608344311Z 2026-09-30T16:02:34.608Z DEBUG 1 --- [lumo-api] [cat-handler-470] o.s.web.servlet.DispatcherServlet        : Completed 200 OK
lumo-e2e-api  | 2026-09-30T16:02:34.608544185Z 2026-09-30T16:02:34.608Z DEBUG 1 --- [lumo-api] [cat-handler-466] o.s.web.servlet.DispatcherServlet        : Completed 200 OK
lumo-e2e-api  | 2026-09-30T16:02:34.616317085Z 2026-09-30T16:02:34.616Z DEBUG 1 --- [lumo-api] [cat-handler-471] o.s.web.servlet.DispatcherServlet        : GET "/v1/sources/87a5ecb8-18c5-4ffb-9e0a-c6b309b79e54/epg?channelIds=a9c650d3-6fe0-4328-b20d-176144bf1924&channelIds=fa26e887-bd80-43c3-bc94-b361f67194d7&channelIds=f2c8f57f-8ef1-4b34-90e3-a8c104a4f581&channelIds=bd4069da-3e18-4ed1-b607-2ad0a733de44&channelIds=94bc6706-726a-41be-9773-31c77e06d720&from=2026-09-29T22%3A00%3A00.000Z&to=2026-09-30T22%3A00%3A00.000Z", parameters={masked}
lumo-e2e-api  | 2026-09-30T16:02:34.619755128Z 2026-09-30T16:02:34.619Z DEBUG 1 --- [lumo-api] [cat-handler-473] o.s.web.servlet.DispatcherServlet        : GET "/v1/sources", parameters={}
lumo-e2e-api  | 2026-09-30T16:02:34.619785649Z 2026-09-30T16:02:34.619Z DEBUG 1 --- [lumo-api] [cat-handler-472] o.s.web.servlet.DispatcherServlet        : GET "/v1/me", parameters={}
lumo-e2e-api  | 2026-09-30T16:02:34.620991147Z 2026-09-30T16:02:34.620Z DEBUG 1 --- [lumo-api] [cat-handler-472] o.s.web.servlet.DispatcherServlet        : Completed 200 OK
lumo-e2e-api  | 2026-09-30T16:02:34.621008418Z 2026-09-30T16:02:34.620Z DEBUG 1 --- [lumo-api] [cat-handler-473] o.s.web.servlet.DispatcherServlet        : Completed 200 OK
lumo-e2e-api  | 2026-09-30T16:02:34.621873809Z 2026-09-30T16:02:34.621Z DEBUG 1 --- [lumo-api] [cat-handler-471] o.s.web.servlet.DispatcherServlet        : Completed 200 OK
lumo-e2e-api  | 2026-09-30T16:02:34.626756222Z 2026-09-30T16:02:34.626Z  INFO 1 --- [lumo-api] [    virtual-566] tv.lumo.api.ingest.IngestionService      : Ingesting source ad90cb4a-1d61-43a0-b62b-050c6bbf897f (M3U_URL)
lumo-e2e-api  | 2026-09-30T16:02:34.627222828Z 2026-09-30T16:02:34.627Z DEBUG 1 --- [lumo-api] [cat-handler-457] o.s.web.servlet.DispatcherServlet        : Completed 202 ACCEPTED
lumo-e2e-api  | 2026-09-30T16:02:34.633219652Z 2026-09-30T16:02:34.632Z  INFO 1 --- [lumo-api] [    virtual-566] tv.lumo.api.ingest.IngestionService      : Source ad90cb4a-1d61-43a0-b62b-050c6bbf897f: ingested 5 channel(s) and 0 film(s) from playlist
lumo-e2e-api  | 2026-09-30T16:02:34.638282451Z 2026-09-30T16:02:34.637Z DEBUG 1 --- [lumo-api] [    virtual-566] t.l.api.ingest.xmltv.XmltvStreamParser   : Parsed 191 programme(s) inside the retention window
lumo-e2e-api  | 2026-09-30T16:02:34.647843204Z 2026-09-30T16:02:34.647Z  INFO 1 --- [lumo-api] [    virtual-566] tv.lumo.api.ingest.IngestionService      : Source ad90cb4a-1d61-43a0-b62b-050c6bbf897f is READY
lumo-e2e-api  | 2026-09-30T16:02:34.653340266Z 2026-09-30T16:02:34.653Z DEBUG 1 --- [lumo-api] [cat-handler-475] o.s.web.servlet.DispatcherServlet        : GET "/v1/sources", parameters={}
lumo-e2e-api  | 2026-09-30T16:02:34.653373697Z 2026-09-30T16:02:34.653Z DEBUG 1 --- [lumo-api] [cat-handler-477] o.s.web.servlet.DispatcherServlet        : GET "/v1/sources/9fda5172-414c-4afb-a635-f90ea5939657/channels?page=0&size=50", parameters={masked}
lumo-e2e-api  | 2026-09-30T16:02:34.653376487Z 2026-09-30T16:02:34.653Z DEBUG 1 --- [lumo-api] [cat-handler-476] o.s.web.servlet.DispatcherServlet        : GET "/v1/sources/9fda5172-414c-4afb-a635-f90ea5939657/categories?contentType=LIVE", parameters={masked}
lumo-e2e-api  | 2026-09-30T16:02:34.653378027Z 2026-09-30T16:02:34.653Z DEBUG 1 --- [lumo-api] [cat-handler-474] o.s.web.servlet.DispatcherServlet        : GET "/v1/me", parameters={}
lumo-e2e-api  | 2026-09-30T16:02:34.654534800Z 2026-09-30T16:02:34.654Z DEBUG 1 --- [lumo-api] [cat-handler-478] o.s.web.servlet.DispatcherServlet        : GET "/v1/sources/9fda5172-414c-4afb-a635-f90ea5939657", parameters={}
lumo-e2e-api  | 2026-09-30T16:02:34.654749973Z 2026-09-30T16:02:34.654Z DEBUG 1 --- [lumo-api] [cat-handler-479] o.s.web.servlet.DispatcherServlet        : GET "/v1/me/favorites", parameters={}
lumo-e2e-api  | 2026-09-30T16:02:34.654837953Z 2026-09-30T16:02:34.654Z DEBUG 1 --- [lumo-api] [cat-handler-474] o.s.web.servlet.DispatcherServlet        : Completed 200 OK
lumo-e2e-api  | 2026-09-30T16:02:34.655106589Z 2026-09-30T16:02:34.654Z DEBUG 1 --- [lumo-api] [cat-handler-480] o.s.web.servlet.DispatcherServlet        : GET "/v1/me/recent-channels?limit=12", parameters={masked}
lumo-e2e-api  | 2026-09-30T16:02:34.656004201Z 2026-09-30T16:02:34.655Z DEBUG 1 --- [lumo-api] [cat-handler-476] o.s.web.servlet.DispatcherServlet        : Completed 200 OK
lumo-e2e-api  | 2026-09-30T16:02:34.656012622Z 2026-09-30T16:02:34.655Z DEBUG 1 --- [lumo-api] [cat-handler-479] o.s.web.servlet.DispatcherServlet        : Completed 200 OK
lumo-e2e-api  | 2026-09-30T16:02:34.656014562Z 2026-09-30T16:02:34.655Z DEBUG 1 --- [lumo-api] [cat-handler-480] o.s.web.servlet.DispatcherServlet        : Completed 200 OK
lumo-e2e-api  | 2026-09-30T16:02:34.656167218Z 2026-09-30T16:02:34.656Z DEBUG 1 --- [lumo-api] [cat-handler-478] o.s.web.servlet.DispatcherServlet        : Completed 200 OK
lumo-e2e-api  | 2026-09-30T16:02:34.656277248Z 2026-09-30T16:02:34.656Z DEBUG 1 --- [lumo-api] [cat-handler-477] o.s.web.servlet.DispatcherServlet        : Completed 200 OK
lumo-e2e-api  | 2026-09-30T16:02:34.656788491Z 2026-09-30T16:02:34.656Z DEBUG 1 --- [lumo-api] [cat-handler-475] o.s.web.servlet.DispatcherServlet        : Completed 200 OK
lumo-e2e-api  | 2026-09-30T16:02:34.657465092Z 2026-09-30T16:02:34.657Z DEBUG 1 --- [lumo-api] [cat-handler-481] o.s.web.servlet.DispatcherServlet        : GET "/v1/me/favorite-groups", parameters={}
lumo-e2e-api  | 2026-09-30T16:02:34.658032951Z 2026-09-30T16:02:34.657Z DEBUG 1 --- [lumo-api] [cat-handler-482] o.s.web.servlet.DispatcherServlet        : GET "/v1/me", parameters={}
lumo-e2e-api  | 2026-09-30T16:02:34.658422811Z 2026-09-30T16:02:34.658Z DEBUG 1 --- [lumo-api] [cat-handler-481] o.s.web.servlet.DispatcherServlet        : Completed 200 OK
lumo-e2e-api  | 2026-09-30T16:02:34.658440641Z 2026-09-30T16:02:34.658Z DEBUG 1 --- [lumo-api] [cat-handler-484] o.s.web.servlet.DispatcherServlet        : GET "/v1/sources", parameters={}
lumo-e2e-api  | 2026-09-30T16:02:34.658519343Z 2026-09-30T16:02:34.658Z DEBUG 1 --- [lumo-api] [cat-handler-483] o.s.web.servlet.DispatcherServlet        : GET "/v1/sources/ad90cb4a-1d61-43a0-b62b-050c6bbf897f", parameters={}
lumo-e2e-api  | 2026-09-30T16:02:34.658995445Z 2026-09-30T16:02:34.658Z DEBUG 1 --- [lumo-api] [cat-handler-482] o.s.web.servlet.DispatcherServlet        : Completed 200 OK
lumo-e2e-api  | 2026-09-30T16:02:34.660271975Z 2026-09-30T16:02:34.660Z DEBUG 1 --- [lumo-api] [cat-handler-483] o.s.web.servlet.DispatcherServlet        : Completed 200 OK
lumo-e2e-api  | 2026-09-30T16:02:34.661621908Z 2026-09-30T16:02:34.661Z DEBUG 1 --- [lumo-api] [cat-handler-484] o.s.web.servlet.DispatcherServlet        : Completed 200 OK
lumo-e2e-api  | 2026-09-30T16:02:34.668121525Z 2026-09-30T16:02:34.667Z DEBUG 1 --- [lumo-api] [cat-handler-485] o.s.web.servlet.DispatcherServlet        : GET "/v1/sources/9fda5172-414c-4afb-a635-f90ea5939657/epg?channelIds=fa11537c-215e-4786-ace4-00135ad91cb8&channelIds=dca2ec85-e89c-463f-88e5-b07ae621a53e&channelIds=7aedda6e-8894-41af-8f75-1f5f102a66ef&channelIds=3783db24-8899-4b6f-b6ec-3b9a81054b87&channelIds=fd5a7297-de50-49fd-874c-9cec6dcf78be&from=2026-09-29T22%3A00%3A00.000Z&to=2026-09-30T22%3A00%3A00.000Z", parameters={masked}
lumo-e2e-api  | 2026-09-30T16:02:34.669412116Z 2026-09-30T16:02:34.669Z DEBUG 1 --- [lumo-api] [cat-handler-486] o.s.web.servlet.DispatcherServlet        : GET "/v1/sources/ad90cb4a-1d61-43a0-b62b-050c6bbf897f/vod?page=0&size=1", parameters={masked}
lumo-e2e-api  | 2026-09-30T16:02:34.671942728Z 2026-09-30T16:02:34.671Z DEBUG 1 --- [lumo-api] [cat-handler-486] o.s.web.servlet.DispatcherServlet        : Completed 200 OK
lumo-e2e-api  | 2026-09-30T16:02:34.675758433Z 2026-09-30T16:02:34.675Z DEBUG 1 --- [lumo-api] [cat-handler-485] o.s.web.servlet.DispatcherServlet        : Completed 200 OK
lumo-e2e-api  | 2026-09-30T16:02:34.772378053Z 2026-09-30T16:02:34.772Z DEBUG 1 --- [lumo-api] [cat-handler-487] o.s.web.servlet.DispatcherServlet        : GET "/v1/me", parameters={}
lumo-e2e-api  | 2026-09-30T16:02:34.772409994Z 2026-09-30T16:02:34.772Z DEBUG 1 --- [lumo-api] [cat-handler-490] o.s.web.servlet.DispatcherServlet        : GET "/v1/me/devices", parameters={}
lumo-e2e-api  | 2026-09-30T16:02:34.772412104Z 2026-09-30T16:02:34.772Z DEBUG 1 --- [lumo-api] [cat-handler-488] o.s.web.servlet.DispatcherServlet        : GET "/v1/sources", parameters={}
lumo-e2e-api  | 2026-09-30T16:02:34.772445860Z 2026-09-30T16:02:34.772Z DEBUG 1 --- [lumo-api] [cat-handler-489] o.s.web.servlet.DispatcherServlet        : GET "/v1/me/entitlement", parameters={}
lumo-e2e-api  | 2026-09-30T16:02:34.773756512Z 2026-09-30T16:02:34.773Z DEBUG 1 --- [lumo-api] [cat-handler-490] o.s.web.servlet.DispatcherServlet        : Completed 200 OK
lumo-e2e-api  | 2026-09-30T16:02:34.773903125Z 2026-09-30T16:02:34.773Z DEBUG 1 --- [lumo-api] [cat-handler-487] o.s.web.servlet.DispatcherServlet        : Completed 200 OK
lumo-e2e-api  | 2026-09-30T16:02:34.773910835Z 2026-09-30T16:02:34.773Z DEBUG 1 --- [lumo-api] [cat-handler-489] o.s.web.servlet.DispatcherServlet        : Completed 200 OK
lumo-e2e-api  | 2026-09-30T16:02:34.775988530Z 2026-09-30T16:02:34.775Z DEBUG 1 --- [lumo-api] [cat-handler-488] o.s.web.servlet.DispatcherServlet        : Completed 200 OK
lumo-e2e-api  | 2026-09-30T16:02:34.779109099Z 2026-09-30T16:02:34.778Z DEBUG 1 --- [lumo-api] [cat-handler-492] o.s.web.servlet.DispatcherServlet        : GET "/v1/sources/9fda5172-414c-4afb-a635-f90ea5939657/vod?page=0&size=1", parameters={masked}
lumo-e2e-api  | 2026-09-30T16:02:34.779151520Z 2026-09-30T16:02:34.778Z DEBUG 1 --- [lumo-api] [cat-handler-491] o.s.web.servlet.DispatcherServlet        : GET "/v1/sources/d5a51467-7a60-4d16-b1fa-0daf2205ff36/vod?page=0&size=1", parameters={masked}
lumo-e2e-api  | 2026-09-30T16:02:34.779256604Z 2026-09-30T16:02:34.779Z DEBUG 1 --- [lumo-api] [cat-handler-493] o.s.web.servlet.DispatcherServlet        : GET "/v1/sources/ad90cb4a-1d61-43a0-b62b-050c6bbf897f/vod?page=0&size=1", parameters={masked}
lumo-e2e-api  | 2026-09-30T16:02:34.781950899Z 2026-09-30T16:02:34.781Z DEBUG 1 --- [lumo-api] [cat-handler-492] o.s.web.servlet.DispatcherServlet        : Completed 200 OK
lumo-e2e-api  | 2026-09-30T16:02:34.782208245Z 2026-09-30T16:02:34.781Z DEBUG 1 --- [lumo-api] [cat-handler-491] o.s.web.servlet.DispatcherServlet        : Completed 200 OK
lumo-e2e-api  | 2026-09-30T16:02:34.782230116Z 2026-09-30T16:02:34.782Z DEBUG 1 --- [lumo-api] [cat-handler-493] o.s.web.servlet.DispatcherServlet        : Completed 200 OK
lumo-e2e-api  | 2026-09-30T16:02:34.820430168Z 2026-09-30T16:02:34.820Z DEBUG 1 --- [lumo-api] [cat-handler-494] o.s.web.servlet.DispatcherServlet        : GET "/v1/me", parameters={}
lumo-e2e-api  | 2026-09-30T16:02:34.820461829Z 2026-09-30T16:02:34.820Z DEBUG 1 --- [lumo-api] [cat-handler-495] o.s.web.servlet.DispatcherServlet        : GET "/v1/sources/20c73bc1-31a1-48f4-aa46-4da889a90a72", parameters={}
lumo-e2e-api  | 2026-09-30T16:02:34.820514953Z 2026-09-30T16:02:34.820Z DEBUG 1 --- [lumo-api] [cat-handler-496] o.s.web.servlet.DispatcherServlet        : GET "/v1/sources", parameters={}
lumo-e2e-api  | 2026-09-30T16:02:34.821798836Z 2026-09-30T16:02:34.821Z DEBUG 1 --- [lumo-api] [cat-handler-494] o.s.web.servlet.DispatcherServlet        : Completed 200 OK
lumo-e2e-api  | 2026-09-30T16:02:34.822433236Z 2026-09-30T16:02:34.822Z DEBUG 1 --- [lumo-api] [cat-handler-495] o.s.web.servlet.DispatcherServlet        : Completed 200 OK
lumo-e2e-api  | 2026-09-30T16:02:34.822453647Z 2026-09-30T16:02:34.822Z DEBUG 1 --- [lumo-api] [cat-handler-496] o.s.web.servlet.DispatcherServlet        : Completed 200 OK
lumo-e2e-api  | 2026-09-30T16:02:34.826489239Z 2026-09-30T16:02:34.826Z DEBUG 1 --- [lumo-api] [cat-handler-497] o.s.web.servlet.DispatcherServlet        : GET "/v1/sources/20c73bc1-31a1-48f4-aa46-4da889a90a72/vod?page=0&size=1", parameters={masked}
lumo-e2e-api  | 2026-09-30T16:02:34.829914738Z 2026-09-30T16:02:34.829Z DEBUG 1 --- [lumo-api] [cat-handler-497] o.s.web.servlet.DispatcherServlet        : Completed 200 OK
lumo-e2e-api  | 2026-09-30T16:02:34.839766786Z 2026-09-30T16:02:34.839Z DEBUG 1 --- [lumo-api] [cat-handler-499] o.s.web.servlet.DispatcherServlet        : GET "/v1/sources", parameters={}
lumo-e2e-api  | 2026-09-30T16:02:34.839799167Z 2026-09-30T16:02:34.839Z DEBUG 1 --- [lumo-api] [cat-handler-501] o.s.web.servlet.DispatcherServlet        : GET "/v1/sources/87a5ecb8-18c5-4ffb-9e0a-c6b309b79e54/channels?page=0&size=50", parameters={masked}
lumo-e2e-api  | 2026-09-30T16:02:34.839860212Z 2026-09-30T16:02:34.839Z DEBUG 1 --- [lumo-api] [cat-handler-498] o.s.web.servlet.DispatcherServlet        : GET "/v1/me", parameters={}
lumo-e2e-api  | 2026-09-30T16:02:34.839868852Z 2026-09-30T16:02:34.839Z DEBUG 1 --- [lumo-api] [cat-handler-502] o.s.web.servlet.DispatcherServlet        : GET "/v1/sources/87a5ecb8-18c5-4ffb-9e0a-c6b309b79e54", parameters={}
lumo-e2e-api  | 2026-09-30T16:02:34.840025413Z 2026-09-30T16:02:34.839Z DEBUG 1 --- [lumo-api] [cat-handler-500] o.s.web.servlet.DispatcherServlet        : GET "/v1/sources/87a5ecb8-18c5-4ffb-9e0a-c6b309b79e54/categories?contentType=LIVE", parameters={masked}
lumo-e2e-api  | 2026-09-30T16:02:34.840157111Z 2026-09-30T16:02:34.840Z DEBUG 1 --- [lumo-api] [cat-handler-503] o.s.web.servlet.DispatcherServlet        : GET "/v1/me/favorites", parameters={}
lumo-e2e-api  | 2026-09-30T16:02:34.840308950Z 2026-09-30T16:02:34.840Z DEBUG 1 --- [lumo-api] [cat-handler-504] o.s.web.servlet.DispatcherServlet        : GET "/v1/me/recent-channels?limit=12", parameters={masked}
lumo-e2e-api  | 2026-09-30T16:02:34.840892099Z 2026-09-30T16:02:34.840Z DEBUG 1 --- [lumo-api] [cat-handler-505] o.s.web.servlet.DispatcherServlet        : GET "/v1/me/favorite-groups", parameters={}
lumo-e2e-api  | 2026-09-30T16:02:34.840993972Z 2026-09-30T16:02:34.840Z DEBUG 1 --- [lumo-api] [cat-handler-498] o.s.web.servlet.DispatcherServlet        : Completed 200 OK
lumo-e2e-api  | 2026-09-30T16:02:34.841370146Z 2026-09-30T16:02:34.841Z DEBUG 1 --- [lumo-api] [cat-handler-504] o.s.web.servlet.DispatcherServlet        : Completed 200 OK
lumo-e2e-api  | 2026-09-30T16:02:34.841455968Z 2026-09-30T16:02:34.841Z DEBUG 1 --- [lumo-api] [cat-handler-503] o.s.web.servlet.DispatcherServlet        : Completed 200 OK
lumo-e2e-api  | 2026-09-30T16:02:34.841584051Z 2026-09-30T16:02:34.841Z DEBUG 1 --- [lumo-api] [cat-handler-505] o.s.web.servlet.DispatcherServlet        : Completed 200 OK
lumo-e2e-api  | 2026-09-30T16:02:34.841724885Z 2026-09-30T16:02:34.841Z DEBUG 1 --- [lumo-api] [cat-handler-499] o.s.web.servlet.DispatcherServlet        : Completed 200 OK
lumo-e2e-api  | 2026-09-30T16:02:34.841850658Z 2026-09-30T16:02:34.841Z DEBUG 1 --- [lumo-api] [cat-handler-502] o.s.web.servlet.DispatcherServlet        : Completed 200 OK
lumo-e2e-api  | 2026-09-30T16:02:34.842028842Z 2026-09-30T16:02:34.841Z DEBUG 1 --- [lumo-api] [cat-handler-501] o.s.web.servlet.DispatcherServlet        : Completed 200 OK
lumo-e2e-api  | 2026-09-30T16:02:34.842486279Z 2026-09-30T16:02:34.842Z DEBUG 1 --- [lumo-api] [cat-handler-500] o.s.web.servlet.DispatcherServlet        : Completed 200 OK
lumo-e2e-api  | 2026-09-30T16:02:34.847867188Z 2026-09-30T16:02:34.847Z DEBUG 1 --- [lumo-api] [cat-handler-506] o.s.web.servlet.DispatcherServlet        : GET "/v1/sources/87a5ecb8-18c5-4ffb-9e0a-c6b309b79e54/epg?channelIds=a9c650d3-6fe0-4328-b20d-176144bf1924&channelIds=fa26e887-bd80-43c3-bc94-b361f67194d7&channelIds=f2c8f57f-8ef1-4b34-90e3-a8c104a4f581&channelIds=bd4069da-3e18-4ed1-b607-2ad0a733de44&channelIds=94bc6706-726a-41be-9773-31c77e06d720&from=2026-09-29T22%3A00%3A00.000Z&to=2026-09-30T22%3A00%3A00.000Z", parameters={masked}
lumo-e2e-api  | 2026-09-30T16:02:34.853818971Z 2026-09-30T16:02:34.853Z DEBUG 1 --- [lumo-api] [cat-handler-506] o.s.web.servlet.DispatcherServlet        : Completed 200 OK
lumo-e2e-api  | 2026-09-30T16:02:34.870620425Z 2026-09-30T16:02:34.870Z DEBUG 1 --- [lumo-api] [cat-handler-507] o.s.web.servlet.DispatcherServlet        : GET "/v1/me", parameters={}
lumo-e2e-api  | 2026-09-30T16:02:34.870656086Z 2026-09-30T16:02:34.870Z DEBUG 1 --- [lumo-api] [cat-handler-509] o.s.web.servlet.DispatcherServlet        : GET "/v1/sources", parameters={}
lumo-e2e-api  | 2026-09-30T16:02:34.870658886Z 2026-09-30T16:02:34.870Z DEBUG 1 --- [lumo-api] [cat-handler-508] o.s.web.servlet.DispatcherServlet        : GET "/v1/sources/ad90cb4a-1d61-43a0-b62b-050c6bbf897f", parameters={}
lumo-e2e-api  | 2026-09-30T16:02:34.872184518Z 2026-09-30T16:02:34.871Z DEBUG 1 --- [lumo-api] [cat-handler-507] o.s.web.servlet.DispatcherServlet        : Completed 200 OK
lumo-e2e-api  | 2026-09-30T16:02:34.872898713Z 2026-09-30T16:02:34.872Z DEBUG 1 --- [lumo-api] [cat-handler-508] o.s.web.servlet.DispatcherServlet        : Completed 200 OK
lumo-e2e-api  | 2026-09-30T16:02:34.874438018Z 2026-09-30T16:02:34.874Z DEBUG 1 --- [lumo-api] [cat-handler-509] o.s.web.servlet.DispatcherServlet        : Completed 200 OK
lumo-e2e-api  | 2026-09-30T16:02:34.878286976Z 2026-09-30T16:02:34.877Z DEBUG 1 --- [lumo-api] [cat-handler-510] o.s.web.servlet.DispatcherServlet        : GET "/v1/sources/ad90cb4a-1d61-43a0-b62b-050c6bbf897f/vod?page=0&size=1", parameters={masked}
lumo-e2e-api  | 2026-09-30T16:02:34.881655078Z 2026-09-30T16:02:34.881Z DEBUG 1 --- [lumo-api] [cat-handler-511] o.s.web.servlet.DispatcherServlet        : GET "/v1/sources", parameters={}
lumo-e2e-api  | 2026-09-30T16:02:34.882118970Z 2026-09-30T16:02:34.881Z DEBUG 1 --- [lumo-api] [cat-handler-510] o.s.web.servlet.DispatcherServlet        : Completed 200 OK
lumo-e2e-api  | 2026-09-30T16:02:34.883947919Z 2026-09-30T16:02:34.883Z DEBUG 1 --- [lumo-api] [cat-handler-511] o.s.web.servlet.DispatcherServlet        : Completed 200 OK
lumo-e2e-api  | 2026-09-30T16:02:34.893700244Z 2026-09-30T16:02:34.893Z DEBUG 1 --- [lumo-api] [cat-handler-512] o.s.web.servlet.DispatcherServlet        : POST "/v1/sources", parameters={}
lumo-e2e-api  | 2026-09-30T16:02:34.893732485Z 2026-09-30T16:02:34.893Z DEBUG 1 --- [lumo-api] [cat-handler-514] o.s.web.servlet.DispatcherServlet        : GET "/v1/sources", parameters={}
lumo-e2e-api  | 2026-09-30T16:02:34.893738415Z 2026-09-30T16:02:34.893Z DEBUG 1 --- [lumo-api] [cat-handler-513] o.s.web.servlet.DispatcherServlet        : GET "/v1/me", parameters={}
lumo-e2e-api  | 2026-09-30T16:02:34.894040592Z 2026-09-30T16:02:34.893Z DEBUG 1 --- [lumo-api] [cat-handler-515] o.s.web.servlet.DispatcherServlet        : GET "/v1/me/entitlement", parameters={}
lumo-e2e-api  | 2026-09-30T16:02:34.894265707Z 2026-09-30T16:02:34.894Z DEBUG 1 --- [lumo-api] [cat-handler-516] o.s.web.servlet.DispatcherServlet        : GET "/v1/me/devices", parameters={}
lumo-e2e-api  | 2026-09-30T16:02:34.895142779Z 2026-09-30T16:02:34.894Z DEBUG 1 --- [lumo-api] [cat-handler-514] o.s.web.servlet.DispatcherServlet        : Completed 200 OK
lumo-e2e-api  | 2026-09-30T16:02:34.895153119Z 2026-09-30T16:02:34.894Z DEBUG 1 --- [lumo-api] [cat-handler-513] o.s.web.servlet.DispatcherServlet        : Completed 200 OK
lumo-e2e-api  | 2026-09-30T16:02:34.895472917Z 2026-09-30T16:02:34.895Z DEBUG 1 --- [lumo-api] [cat-handler-515] o.s.web.servlet.DispatcherServlet        : Completed 200 OK
lumo-e2e-api  | 2026-09-30T16:02:34.895684415Z 2026-09-30T16:02:34.895Z DEBUG 1 --- [lumo-api] [cat-handler-516] o.s.web.servlet.DispatcherServlet        : Completed 200 OK
lumo-e2e-api  | 2026-09-30T16:02:34.936611014Z 2026-09-30T16:02:34.936Z DEBUG 1 --- [lumo-api] [cat-handler-517] o.s.web.servlet.DispatcherServlet        : GET "/v1/me", parameters={}
lumo-e2e-api  | 2026-09-30T16:02:34.936688786Z 2026-09-30T16:02:34.936Z DEBUG 1 --- [lumo-api] [cat-handler-518] o.s.web.servlet.DispatcherServlet        : GET "/v1/sources/20c73bc1-31a1-48f4-aa46-4da889a90a72/channels?page=0&size=50", parameters={masked}
lumo-e2e-api  | 2026-09-30T16:02:34.936698926Z 2026-09-30T16:02:34.936Z DEBUG 1 --- [lumo-api] [cat-handler-519] o.s.web.servlet.DispatcherServlet        : GET "/v1/me/favorites", parameters={}
lumo-e2e-api  | 2026-09-30T16:02:34.937011994Z 2026-09-30T16:02:34.936Z DEBUG 1 --- [lumo-api] [cat-handler-520] o.s.web.servlet.DispatcherServlet        : GET "/v1/sources/20c73bc1-31a1-48f4-aa46-4da889a90a72", parameters={}
lumo-e2e-api  | 2026-09-30T16:02:34.937468790Z 2026-09-30T16:02:34.937Z DEBUG 1 --- [lumo-api] [cat-handler-521] o.s.web.servlet.DispatcherServlet        : GET "/v1/sources", parameters={}
lumo-e2e-api  | 2026-09-30T16:02:34.938007048Z 2026-09-30T16:02:34.937Z DEBUG 1 --- [lumo-api] [cat-handler-517] o.s.web.servlet.DispatcherServlet        : Completed 200 OK
lumo-e2e-api  | 2026-09-30T16:02:34.938148017Z 2026-09-30T16:02:34.938Z DEBUG 1 --- [lumo-api] [cat-handler-519] o.s.web.servlet.DispatcherServlet        : Completed 200 OK
lumo-e2e-api  | 2026-09-30T16:02:34.938748516Z 2026-09-30T16:02:34.938Z DEBUG 1 --- [lumo-api] [cat-handler-520] o.s.web.servlet.DispatcherServlet        : Completed 200 OK
lumo-e2e-api  | 2026-09-30T16:02:34.938767267Z 2026-09-30T16:02:34.938Z DEBUG 1 --- [lumo-api] [cat-handler-512] o.s.web.servlet.DispatcherServlet        : Completed 202 ACCEPTED
lumo-e2e-api  | 2026-09-30T16:02:34.938849138Z 2026-09-30T16:02:34.938Z DEBUG 1 --- [lumo-api] [cat-handler-521] o.s.web.servlet.DispatcherServlet        : Completed 200 OK
lumo-e2e-api  | 2026-09-30T16:02:34.939053054Z 2026-09-30T16:02:34.938Z  INFO 1 --- [lumo-api] [    virtual-615] tv.lumo.api.ingest.IngestionService      : Ingesting source 128f7716-c6f4-45ed-9f25-6a4c3c4035e2 (M3U_URL)
lumo-e2e-api  | 2026-09-30T16:02:34.939476624Z 2026-09-30T16:02:34.939Z DEBUG 1 --- [lumo-api] [cat-handler-518] o.s.web.servlet.DispatcherServlet        : Completed 200 OK
lumo-e2e-api  | 2026-09-30T16:02:34.940258983Z 2026-09-30T16:02:34.940Z DEBUG 1 --- [lumo-api] [cat-handler-522] o.s.web.servlet.DispatcherServlet        : GET "/v1/me/recent-channels?limit=12", parameters={masked}
lumo-e2e-api  | 2026-09-30T16:02:34.940682984Z 2026-09-30T16:02:34.940Z DEBUG 1 --- [lumo-api] [cat-handler-523] o.s.web.servlet.DispatcherServlet        : GET "/v1/me/favorite-groups", parameters={}
lumo-e2e-api  | 2026-09-30T16:02:34.940691644Z 2026-09-30T16:02:34.940Z DEBUG 1 --- [lumo-api] [cat-handler-524] o.s.web.servlet.DispatcherServlet        : GET "/v1/sources/20c73bc1-31a1-48f4-aa46-4da889a90a72/categories?contentType=LIVE", parameters={masked}
lumo-e2e-api  | 2026-09-30T16:02:34.941514744Z 2026-09-30T16:02:34.941Z DEBUG 1 --- [lumo-api] [cat-handler-523] o.s.web.servlet.DispatcherServlet        : Completed 200 OK
lumo-e2e-api  | 2026-09-30T16:02:34.941522284Z 2026-09-30T16:02:34.941Z DEBUG 1 --- [lumo-api] [cat-handler-522] o.s.web.servlet.DispatcherServlet        : Completed 200 OK
lumo-e2e-api  | 2026-09-30T16:02:34.942707898Z 2026-09-30T16:02:34.942Z DEBUG 1 --- [lumo-api] [cat-handler-524] o.s.web.servlet.DispatcherServlet        : Completed 200 OK
lumo-e2e-api  | 2026-09-30T16:02:34.944086137Z 2026-09-30T16:02:34.943Z  INFO 1 --- [lumo-api] [    virtual-615] tv.lumo.api.ingest.IngestionService      : Source 128f7716-c6f4-45ed-9f25-6a4c3c4035e2: ingested 3 channel(s) and 0 film(s) from playlist
lumo-e2e-api  | 2026-09-30T16:02:34.949219385Z 2026-09-30T16:02:34.948Z DEBUG 1 --- [lumo-api] [cat-handler-525] o.s.web.servlet.DispatcherServlet        : GET "/v1/sources/20c73bc1-31a1-48f4-aa46-4da889a90a72/epg?channelIds=4d619439-2cc9-49b7-af0f-57fb22f95d20&channelIds=a50f046b-88c2-4e67-b8e9-51ae0c0000f0&channelIds=b9985112-160d-48b3-b6b4-63a4f8280f44&channelIds=c041ffb1-0685-4cde-acd0-6beb3bacefe1&channelIds=d84e8a60-4165-4768-be71-6205bb667856&from=2026-09-30T16%3A02%3A04.929Z&to=2026-09-30T19%3A02%3A04.929Z", parameters={masked}
lumo-e2e-api  | 2026-09-30T16:02:34.954230213Z 2026-09-30T16:02:34.953Z DEBUG 1 --- [lumo-api] [cat-handler-525] o.s.web.servlet.DispatcherServlet        : Completed 200 OK
lumo-e2e-api  | 2026-09-30T16:02:34.957633855Z 2026-09-30T16:02:34.957Z DEBUG 1 --- [lumo-api] [cat-handler-526] o.s.web.servlet.DispatcherServlet        : GET "/v1/me", parameters={}
lumo-e2e-api  | 2026-09-30T16:02:34.957934492Z 2026-09-30T16:02:34.957Z DEBUG 1 --- [lumo-api] [cat-handler-527] o.s.web.servlet.DispatcherServlet        : GET "/v1/sources/128f7716-c6f4-45ed-9f25-6a4c3c4035e2", parameters={}
lumo-e2e-api  | 2026-09-30T16:02:34.958069251Z 2026-09-30T16:02:34.957Z DEBUG 1 --- [lumo-api] [cat-handler-528] o.s.web.servlet.DispatcherServlet        : GET "/v1/sources", parameters={}
lumo-e2e-api  | 2026-09-30T16:02:34.958977213Z 2026-09-30T16:02:34.958Z DEBUG 1 --- [lumo-api] [cat-handler-526] o.s.web.servlet.DispatcherServlet        : Completed 200 OK
lumo-e2e-api  | 2026-09-30T16:02:34.958997413Z 2026-09-30T16:02:34.958Z DEBUG 1 --- [lumo-api] [cat-handler-528] o.s.web.servlet.DispatcherServlet        : Completed 200 OK
lumo-e2e-api  | 2026-09-30T16:02:34.959009973Z 2026-09-30T16:02:34.958Z DEBUG 1 --- [lumo-api] [cat-handler-527] o.s.web.servlet.DispatcherServlet        : Completed 200 OK
lumo-e2e-api  | 2026-09-30T16:02:34.972089345Z 2026-09-30T16:02:34.971Z DEBUG 1 --- [lumo-api] [cat-handler-531] o.s.web.servlet.DispatcherServlet        : GET "/v1/me/favorites", parameters={}
lumo-e2e-api  | 2026-09-30T16:02:34.972120306Z 2026-09-30T16:02:34.971Z DEBUG 1 --- [lumo-api] [cat-handler-529] o.s.web.servlet.DispatcherServlet        : GET "/v1/sources/ad90cb4a-1d61-43a0-b62b-050c6bbf897f/categories?contentType=LIVE", parameters={masked}
lumo-e2e-api  | 2026-09-30T16:02:34.972124906Z 2026-09-30T16:02:34.971Z DEBUG 1 --- [lumo-api] [cat-handler-530] o.s.web.servlet.DispatcherServlet        : GET "/v1/sources/ad90cb4a-1d61-43a0-b62b-050c6bbf897f", parameters={}
lumo-e2e-api  | 2026-09-30T16:02:34.972429834Z 2026-09-30T16:02:34.972Z DEBUG 1 --- [lumo-api] [cat-handler-532] o.s.web.servlet.DispatcherServlet        : GET "/v1/me/recent-channels?limit=12", parameters={masked}
lumo-e2e-api  | 2026-09-30T16:02:34.973751386Z 2026-09-30T16:02:34.973Z DEBUG 1 --- [lumo-api] [cat-handler-531] o.s.web.servlet.DispatcherServlet        : Completed 200 OK
lumo-e2e-api  | 2026-09-30T16:02:34.973766036Z 2026-09-30T16:02:34.973Z DEBUG 1 --- [lumo-api] [cat-handler-532] o.s.web.servlet.DispatcherServlet        : Completed 200 OK
lumo-e2e-api  | 2026-09-30T16:02:34.973836538Z 2026-09-30T16:02:34.973Z DEBUG 1 --- [lumo-api] [cat-handler-530] o.s.web.servlet.DispatcherServlet        : Completed 200 OK
lumo-e2e-api  | 2026-09-30T16:02:34.973997182Z 2026-09-30T16:02:34.973Z DEBUG 1 --- [lumo-api] [cat-handler-529] o.s.web.servlet.DispatcherServlet        : Completed 200 OK
lumo-e2e-api  | 2026-09-30T16:02:34.974167676Z 2026-09-30T16:02:34.973Z DEBUG 1 --- [lumo-api] [cat-handler-533] o.s.web.servlet.DispatcherServlet        : GET "/v1/me", parameters={}
lumo-e2e-api  | 2026-09-30T16:02:34.974988665Z 2026-09-30T16:02:34.974Z DEBUG 1 --- [lumo-api] [cat-handler-533] o.s.web.servlet.DispatcherServlet        : Completed 200 OK
lumo-e2e-api  | 2026-09-30T16:02:34.976561943Z 2026-09-30T16:02:34.976Z DEBUG 1 --- [lumo-api] [cat-handler-536] o.s.web.servlet.DispatcherServlet        : GET "/v1/sources", parameters={}
lumo-e2e-api  | 2026-09-30T16:02:34.976575464Z 2026-09-30T16:02:34.976Z DEBUG 1 --- [lumo-api] [cat-handler-534] o.s.web.servlet.DispatcherServlet        : GET "/v1/me/favorite-groups", parameters={}
lumo-e2e-api  | 2026-09-30T16:02:34.977247435Z 2026-09-30T16:02:34.976Z DEBUG 1 --- [lumo-api] [cat-handler-535] o.s.web.servlet.DispatcherServlet        : GET "/v1/sources/ad90cb4a-1d61-43a0-b62b-050c6bbf897f/channels?page=0&size=50", parameters={masked}
lumo-e2e-api  | 2026-09-30T16:02:34.977775773Z 2026-09-30T16:02:34.977Z DEBUG 1 --- [lumo-api] [cat-handler-534] o.s.web.servlet.DispatcherServlet        : Completed 200 OK
lumo-e2e-api  | 2026-09-30T16:02:34.980493619Z 2026-09-30T16:02:34.980Z DEBUG 1 --- [lumo-api] [cat-handler-536] o.s.web.servlet.DispatcherServlet        : Completed 200 OK
lumo-e2e-api  | 2026-09-30T16:02:34.987054438Z 2026-09-30T16:02:34.986Z DEBUG 1 --- [lumo-api] [cat-handler-535] o.s.web.servlet.DispatcherServlet        : Completed 200 OK
lumo-e2e-api  | 2026-09-30T16:02:34.992013423Z 2026-09-30T16:02:34.991Z DEBUG 1 --- [lumo-api] [cat-handler-537] o.s.web.servlet.DispatcherServlet        : GET "/v1/sources/ad90cb4a-1d61-43a0-b62b-050c6bbf897f/epg?channelIds=44dde50b-22d6-43c6-b365-a0e849a14efe&channelIds=d86afbd4-9df9-44dd-9e8f-90f1cde70a15&channelIds=52e26ab9-3f86-4012-8419-2fe8cea249b2&channelIds=bb169dfd-faa2-4ffd-b47a-7a5830050e3b&channelIds=0f28a112-6514-4cfd-ba49-82466145c007&from=2026-09-30T16%3A02%3A04.929Z&to=2026-09-30T19%3A02%3A04.929Z", parameters={masked}
lumo-e2e-api  | 2026-09-30T16:02:35.001002047Z 2026-09-30T16:02:35.000Z DEBUG 1 --- [lumo-api] [cat-handler-537] o.s.web.servlet.DispatcherServlet        : Completed 200 OK
lumo-e2e-api  | 2026-09-30T16:02:35.004659330Z 2026-09-30T16:02:35.004Z DEBUG 1 --- [lumo-api] [    virtual-615] t.l.api.ingest.xmltv.XmltvStreamParser   : Parsed 763 programme(s) inside the retention window
lumo-e2e-api  | 2026-09-30T16:02:35.023980304Z 2026-09-30T16:02:35.023Z  INFO 1 --- [lumo-api] [    virtual-615] tv.lumo.api.ingest.IngestionService      : Source 128f7716-c6f4-45ed-9f25-6a4c3c4035e2 is READY
lumo-e2e-api  | 2026-09-30T16:02:35.052481680Z 2026-09-30T16:02:35.051Z DEBUG 1 --- [lumo-api] [cat-handler-539] o.s.web.servlet.DispatcherServlet        : GET "/v1/sources", parameters={}
lumo-e2e-api  | 2026-09-30T16:02:35.052588793Z 2026-09-30T16:02:35.051Z DEBUG 1 --- [lumo-api] [cat-handler-538] o.s.web.servlet.DispatcherServlet        : GET "/v1/me", parameters={}
lumo-e2e-api  | 2026-09-30T16:02:35.052594713Z 2026-09-30T16:02:35.051Z DEBUG 1 --- [lumo-api] [cat-handler-540] o.s.web.servlet.DispatcherServlet        : GET "/v1/sources/d5a51467-7a60-4d16-b1fa-0daf2205ff36/categories?contentType=LIVE", parameters={masked}
lumo-e2e-api  | 2026-09-30T16:02:35.052596563Z 2026-09-30T16:02:35.051Z DEBUG 1 --- [lumo-api] [cat-handler-541] o.s.web.servlet.DispatcherServlet        : GET "/v1/sources/d5a51467-7a60-4d16-b1fa-0daf2205ff36/channels?page=0&size=50", parameters={masked}
lumo-e2e-api  | 2026-09-30T16:02:35.054870959Z 2026-09-30T16:02:35.054Z DEBUG 1 --- [lumo-api] [cat-handler-540] o.s.web.servlet.DispatcherServlet        : Completed 200 OK
lumo-e2e-api  | 2026-09-30T16:02:35.056494573Z 2026-09-30T16:02:35.055Z DEBUG 1 --- [lumo-api] [cat-handler-541] o.s.web.servlet.DispatcherServlet        : Completed 200 OK
lumo-e2e-api  | 2026-09-30T16:02:35.057429106Z 2026-09-30T16:02:35.056Z DEBUG 1 --- [lumo-api] [cat-handler-538] o.s.web.servlet.DispatcherServlet        : Completed 200 OK
lumo-e2e-api  | 2026-09-30T16:02:35.058868870Z 2026-09-30T16:02:35.058Z DEBUG 1 --- [lumo-api] [cat-handler-539] o.s.web.servlet.DispatcherServlet        : Completed 200 OK
lumo-e2e-api  | 2026-09-30T16:02:35.070359792Z 2026-09-30T16:02:35.068Z DEBUG 1 --- [lumo-api] [cat-handler-542] o.s.web.servlet.DispatcherServlet        : GET "/v1/me/favorite-groups", parameters={}
lumo-e2e-api  | 2026-09-30T16:02:35.074448351Z 2026-09-30T16:02:35.070Z DEBUG 1 --- [lumo-api] [cat-handler-543] o.s.web.servlet.DispatcherServlet        : GET "/v1/me/favorites", parameters={}
lumo-e2e-api  | 2026-09-30T16:02:35.074480692Z 2026-09-30T16:02:35.071Z DEBUG 1 --- [lumo-api] [cat-handler-544] o.s.web.servlet.DispatcherServlet        : GET "/v1/sources/d5a51467-7a60-4d16-b1fa-0daf2205ff36", parameters={}
lumo-e2e-api  | 2026-09-30T16:02:35.079533094Z 2026-09-30T16:02:35.077Z DEBUG 1 --- [lumo-api] [cat-handler-547] o.s.web.servlet.DispatcherServlet        : GET "/v1/sources", parameters={}
lumo-e2e-api  | 2026-09-30T16:02:35.079562015Z 2026-09-30T16:02:35.078Z DEBUG 1 --- [lumo-api] [cat-handler-542] o.s.web.servlet.DispatcherServlet        : Completed 200 OK
lumo-e2e-api  | 2026-09-30T16:02:35.079563785Z 2026-09-30T16:02:35.079Z DEBUG 1 --- [lumo-api] [cat-handler-543] o.s.web.servlet.DispatcherServlet        : Completed 200 OK
lumo-e2e-api  | 2026-09-30T16:02:35.082265310Z 2026-09-30T16:02:35.080Z DEBUG 1 --- [lumo-api] [cat-handler-546] o.s.web.servlet.DispatcherServlet        : GET "/v1/me", parameters={}
lumo-e2e-api  | 2026-09-30T16:02:35.082294230Z 2026-09-30T16:02:35.080Z DEBUG 1 --- [lumo-api] [cat-handler-547] o.s.web.servlet.DispatcherServlet        : Completed 200 OK
lumo-e2e-api  | 2026-09-30T16:02:35.082296190Z 2026-09-30T16:02:35.080Z DEBUG 1 --- [lumo-api] [cat-handler-545] o.s.web.servlet.DispatcherServlet        : GET "/v1/me/recent-channels?limit=12", parameters={masked}
lumo-e2e-api  | 2026-09-30T16:02:35.082298011Z 2026-09-30T16:02:35.080Z DEBUG 1 --- [lumo-api] [cat-handler-544] o.s.web.servlet.DispatcherServlet        : Completed 200 OK
lumo-e2e-api  | 2026-09-30T16:02:35.091765684Z 2026-09-30T16:02:35.083Z DEBUG 1 --- [lumo-api] [cat-handler-546] o.s.web.servlet.DispatcherServlet        : Completed 200 OK
lumo-e2e-api  | 2026-09-30T16:02:35.091794625Z 2026-09-30T16:02:35.083Z DEBUG 1 --- [lumo-api] [cat-handler-545] o.s.web.servlet.DispatcherServlet        : Completed 200 OK
lumo-e2e-api  | 2026-09-30T16:02:35.091796285Z 2026-09-30T16:02:35.085Z DEBUG 1 --- [lumo-api] [cat-handler-548] o.s.web.servlet.DispatcherServlet        : GET "/v1/me", parameters={}
lumo-e2e-api  | 2026-09-30T16:02:35.091797765Z 2026-09-30T16:02:35.086Z DEBUG 1 --- [lumo-api] [cat-handler-549] o.s.web.servlet.DispatcherServlet        : GET "/v1/me/favorites", parameters={}
lumo-e2e-api  | 2026-09-30T16:02:35.091799135Z 2026-09-30T16:02:35.087Z DEBUG 1 --- [lumo-api] [cat-handler-550] o.s.web.servlet.DispatcherServlet        : GET "/v1/sources/20c73bc1-31a1-48f4-aa46-4da889a90a72/categories?contentType=LIVE", parameters={masked}
lumo-e2e-api  | 2026-09-30T16:02:35.091800495Z 2026-09-30T16:02:35.090Z DEBUG 1 --- [lumo-api] [cat-handler-556] o.s.web.servlet.DispatcherServlet        : GET "/v1/sources/d5a51467-7a60-4d16-b1fa-0daf2205ff36/epg?channelIds=b47c54eb-47ac-448f-82c5-880f2fd0d6ec&channelIds=cfbc5833-0dba-46a2-ba73-4b335320f433&channelIds=a1bdd7f4-044d-48aa-b422-72050855d43f&channelIds=1fba5944-059d-428f-a010-cc486103692d&channelIds=02385b49-fbd9-4b7e-bb36-a0a7c8a5816b&from=2026-09-29T22%3A00%3A00.000Z&to=2026-09-30T22%3A00%3A00.000Z", parameters={masked}
lumo-e2e-api  | 2026-09-30T16:02:35.094513760Z 2026-09-30T16:02:35.088Z DEBUG 1 --- [lumo-api] [cat-handler-551] o.s.web.servlet.DispatcherServlet        : GET "/v1/sources", parameters={}
lumo-e2e-api  | 2026-09-30T16:02:35.094546811Z 2026-09-30T16:02:35.088Z DEBUG 1 --- [lumo-api] [cat-handler-552] o.s.web.servlet.DispatcherServlet        : GET "/v1/sources/20c73bc1-31a1-48f4-aa46-4da889a90a72", parameters={}
lumo-e2e-api  | 2026-09-30T16:02:35.094551311Z 2026-09-30T16:02:35.089Z DEBUG 1 --- [lumo-api] [cat-handler-553] o.s.web.servlet.DispatcherServlet        : GET "/v1/me/recent-channels?limit=12", parameters={masked}
lumo-e2e-api  | 2026-09-30T16:02:35.094553171Z 2026-09-30T16:02:35.089Z DEBUG 1 --- [lumo-api] [cat-handler-554] o.s.web.servlet.DispatcherServlet        : GET "/v1/sources/20c73bc1-31a1-48f4-aa46-4da889a90a72/channels?categoryId=baa820c6-4a6e-4006-a37c-c19a2f8546d7&page=0&size=50", parameters={masked}
lumo-e2e-api  | 2026-09-30T16:02:35.094567382Z 2026-09-30T16:02:35.089Z DEBUG 1 --- [lumo-api] [cat-handler-555] o.s.web.servlet.DispatcherServlet        : GET "/v1/me/favorite-groups", parameters={}
lumo-e2e-api  | 2026-09-30T16:02:35.094568922Z 2026-09-30T16:02:35.092Z DEBUG 1 --- [lumo-api] [cat-handler-553] o.s.web.servlet.DispatcherServlet        : Completed 200 OK
lumo-e2e-api  | 2026-09-30T16:02:35.094570102Z 2026-09-30T16:02:35.093Z DEBUG 1 --- [lumo-api] [cat-handler-549] o.s.web.servlet.DispatcherServlet        : Completed 200 OK
lumo-e2e-api  | 2026-09-30T16:02:35.099054487Z 2026-09-30T16:02:35.096Z DEBUG 1 --- [lumo-api] [cat-handler-555] o.s.web.servlet.DispatcherServlet        : Completed 200 OK
lumo-e2e-api  | 2026-09-30T16:02:35.099070548Z 2026-09-30T16:02:35.096Z DEBUG 1 --- [lumo-api] [cat-handler-548] o.s.web.servlet.DispatcherServlet        : Completed 200 OK
lumo-e2e-api  | 2026-09-30T16:02:35.099072398Z 2026-09-30T16:02:35.097Z DEBUG 1 --- [lumo-api] [cat-handler-550] o.s.web.servlet.DispatcherServlet        : Completed 200 OK
lumo-e2e-api  | 2026-09-30T16:02:35.103613540Z 2026-09-30T16:02:35.103Z DEBUG 1 --- [lumo-api] [cat-handler-551] o.s.web.servlet.DispatcherServlet        : Completed 200 OK
lumo-e2e-api  | 2026-09-30T16:02:35.103665891Z 2026-09-30T16:02:35.103Z DEBUG 1 --- [lumo-api] [cat-handler-552] o.s.web.servlet.DispatcherServlet        : Completed 200 OK
lumo-e2e-api  | 2026-09-30T16:02:35.110111034Z 2026-09-30T16:02:35.109Z DEBUG 1 --- [lumo-api] [cat-handler-554] o.s.web.servlet.DispatcherServlet        : Completed 200 OK
lumo-e2e-api  | 2026-09-30T16:02:35.112649225Z 2026-09-30T16:02:35.112Z DEBUG 1 --- [lumo-api] [cat-handler-556] o.s.web.servlet.DispatcherServlet        : Completed 200 OK
lumo-e2e-api  | 2026-09-30T16:02:35.119618433Z 2026-09-30T16:02:35.118Z DEBUG 1 --- [lumo-api] [cat-handler-557] o.s.web.servlet.DispatcherServlet        : GET "/v1/sources/20c73bc1-31a1-48f4-aa46-4da889a90a72/epg?channelIds=c041ffb1-0685-4cde-acd0-6beb3bacefe1&channelIds=d84e8a60-4165-4768-be71-6205bb667856&from=2026-09-30T16%3A02%3A04.929Z&to=2026-09-30T19%3A02%3A04.929Z", parameters={masked}
lumo-e2e-api  | 2026-09-30T16:02:35.119646884Z 2026-09-30T16:02:35.118Z DEBUG 1 --- [lumo-api] [cat-handler-558] o.s.web.servlet.DispatcherServlet        : GET "/v1/sources/20c73bc1-31a1-48f4-aa46-4da889a90a72/channels?ids=4d619439-2cc9-49b7-af0f-57fb22f95d20&size=1", parameters={masked}
lumo-e2e-api  | 2026-09-30T16:02:35.122075962Z 2026-09-30T16:02:35.121Z DEBUG 1 --- [lumo-api] [cat-handler-558] o.s.web.servlet.DispatcherServlet        : Completed 200 OK
lumo-e2e-api  | 2026-09-30T16:02:35.144291930Z 2026-09-30T16:02:35.144Z DEBUG 1 --- [lumo-api] [cat-handler-557] o.s.web.servlet.DispatcherServlet        : Completed 200 OK
lumo-e2e-api  | 2026-09-30T16:02:35.185151657Z 2026-09-30T16:02:35.184Z DEBUG 1 --- [lumo-api] [cat-handler-560] o.s.web.servlet.DispatcherServlet        : GET "/v1/sources", parameters={}
lumo-e2e-api  | 2026-09-30T16:02:35.185183568Z 2026-09-30T16:02:35.184Z DEBUG 1 --- [lumo-api] [cat-handler-562] o.s.web.servlet.DispatcherServlet        : GET "/v1/sources/87a5ecb8-18c5-4ffb-9e0a-c6b309b79e54/channels?page=0&size=50", parameters={masked}
lumo-e2e-api  | 2026-09-30T16:02:35.185185898Z 2026-09-30T16:02:35.184Z DEBUG 1 --- [lumo-api] [cat-handler-559] o.s.web.servlet.DispatcherServlet        : GET "/v1/me", parameters={}
lumo-e2e-api  | 2026-09-30T16:02:35.185267205Z 2026-09-30T16:02:35.184Z DEBUG 1 --- [lumo-api] [cat-handler-561] o.s.web.servlet.DispatcherServlet        : GET "/v1/sources/87a5ecb8-18c5-4ffb-9e0a-c6b309b79e54/categories?contentType=LIVE", parameters={masked}
lumo-e2e-api  | 2026-09-30T16:02:35.185292556Z 2026-09-30T16:02:35.185Z DEBUG 1 --- [lumo-api] [cat-handler-563] o.s.web.servlet.DispatcherServlet        : GET "/v1/sources/87a5ecb8-18c5-4ffb-9e0a-c6b309b79e54", parameters={}
lumo-e2e-api  | 2026-09-30T16:02:35.186831193Z 2026-09-30T16:02:35.186Z DEBUG 1 --- [lumo-api] [cat-handler-559] o.s.web.servlet.DispatcherServlet        : Completed 200 OK
lumo-e2e-api  | 2026-09-30T16:02:35.187178981Z 2026-09-30T16:02:35.186Z DEBUG 1 --- [lumo-api] [cat-handler-560] o.s.web.servlet.DispatcherServlet        : Completed 200 OK
lumo-e2e-api  | 2026-09-30T16:02:35.187187431Z 2026-09-30T16:02:35.186Z DEBUG 1 --- [lumo-api] [cat-handler-563] o.s.web.servlet.DispatcherServlet        : Completed 200 OK
lumo-e2e-api  | 2026-09-30T16:02:35.187347488Z 2026-09-30T16:02:35.187Z DEBUG 1 --- [lumo-api] [cat-handler-561] o.s.web.servlet.DispatcherServlet        : Completed 200 OK
lumo-e2e-api  | 2026-09-30T16:02:35.187840950Z 2026-09-30T16:02:35.187Z DEBUG 1 --- [lumo-api] [cat-handler-562] o.s.web.servlet.DispatcherServlet        : Completed 200 OK
lumo-e2e-api  | 2026-09-30T16:02:35.188095666Z 2026-09-30T16:02:35.187Z DEBUG 1 --- [lumo-api] [cat-handler-564] o.s.web.servlet.DispatcherServlet        : GET "/v1/me/recent-channels?limit=12", parameters={masked}
lumo-e2e-api  | 2026-09-30T16:02:35.188612181Z 2026-09-30T16:02:35.188Z DEBUG 1 --- [lumo-api] [cat-handler-566] o.s.web.servlet.DispatcherServlet        : GET "/v1/me/favorite-groups", parameters={}
lumo-e2e-api  | 2026-09-30T16:02:35.188874977Z 2026-09-30T16:02:35.188Z DEBUG 1 --- [lumo-api] [cat-handler-565] o.s.web.servlet.DispatcherServlet        : GET "/v1/me/favorites", parameters={}
lumo-e2e-api  | 2026-09-30T16:02:35.189137923Z 2026-09-30T16:02:35.188Z DEBUG 1 --- [lumo-api] [cat-handler-564] o.s.web.servlet.DispatcherServlet        : Completed 200 OK
lumo-e2e-api  | 2026-09-30T16:02:35.189588104Z 2026-09-30T16:02:35.189Z DEBUG 1 --- [lumo-api] [cat-handler-566] o.s.web.servlet.DispatcherServlet        : Completed 200 OK
lumo-e2e-api  | 2026-09-30T16:02:35.189980102Z 2026-09-30T16:02:35.189Z DEBUG 1 --- [lumo-api] [cat-handler-565] o.s.web.servlet.DispatcherServlet        : Completed 200 OK
lumo-e2e-api  | 2026-09-30T16:02:35.194837543Z 2026-09-30T16:02:35.194Z DEBUG 1 --- [lumo-api] [cat-handler-567] o.s.web.servlet.DispatcherServlet        : GET "/v1/sources/87a5ecb8-18c5-4ffb-9e0a-c6b309b79e54/epg?channelIds=a9c650d3-6fe0-4328-b20d-176144bf1924&channelIds=fa26e887-bd80-43c3-bc94-b361f67194d7&channelIds=f2c8f57f-8ef1-4b34-90e3-a8c104a4f581&channelIds=bd4069da-3e18-4ed1-b607-2ad0a733de44&channelIds=94bc6706-726a-41be-9773-31c77e06d720&from=2026-09-29T22%3A00%3A00.000Z&to=2026-09-30T22%3A00%3A00.000Z", parameters={masked}
lumo-e2e-api  | 2026-09-30T16:02:35.200466559Z 2026-09-30T16:02:35.200Z DEBUG 1 --- [lumo-api] [cat-handler-567] o.s.web.servlet.DispatcherServlet        : Completed 200 OK
lumo-e2e-api  | 2026-09-30T16:02:35.225634764Z 2026-09-30T16:02:35.224Z DEBUG 1 --- [lumo-api] [cat-handler-571] o.s.web.servlet.DispatcherServlet        : GET "/v1/sources/d5a51467-7a60-4d16-b1fa-0daf2205ff36/categories?contentType=LIVE", parameters={masked}
lumo-e2e-api  | 2026-09-30T16:02:35.225665035Z 2026-09-30T16:02:35.224Z DEBUG 1 --- [lumo-api] [cat-handler-568] o.s.web.servlet.DispatcherServlet        : GET "/v1/me", parameters={}
lumo-e2e-api  | 2026-09-30T16:02:35.225667025Z 2026-09-30T16:02:35.224Z DEBUG 1 --- [lumo-api] [cat-handler-570] o.s.web.servlet.DispatcherServlet        : GET "/v1/sources/d5a51467-7a60-4d16-b1fa-0daf2205ff36/channels?page=0&size=50", parameters={masked}
lumo-e2e-api  | 2026-09-30T16:02:35.225681545Z 2026-09-30T16:02:35.225Z DEBUG 1 --- [lumo-api] [cat-handler-569] o.s.web.servlet.DispatcherServlet        : GET "/v1/sources", parameters={}
lumo-e2e-api  | 2026-09-30T16:02:35.225682955Z 2026-09-30T16:02:35.225Z DEBUG 1 --- [lumo-api] [cat-handler-572] o.s.web.servlet.DispatcherServlet        : GET "/v1/sources/d5a51467-7a60-4d16-b1fa-0daf2205ff36", parameters={}
lumo-e2e-api  | 2026-09-30T16:02:35.225684215Z 2026-09-30T16:02:35.225Z DEBUG 1 --- [lumo-api] [cat-handler-573] o.s.web.servlet.DispatcherServlet        : GET "/v1/me/favorites", parameters={}
lumo-e2e-api  | 2026-09-30T16:02:35.227248083Z 2026-09-30T16:02:35.227Z DEBUG 1 --- [lumo-api] [cat-handler-568] o.s.web.servlet.DispatcherServlet        : Completed 200 OK
lumo-e2e-api  | 2026-09-30T16:02:35.228230190Z 2026-09-30T16:02:35.228Z DEBUG 1 --- [lumo-api] [cat-handler-571] o.s.web.servlet.DispatcherServlet        : Completed 200 OK
lumo-e2e-api  | 2026-09-30T16:02:35.228513127Z 2026-09-30T16:02:35.228Z DEBUG 1 --- [lumo-api] [cat-handler-574] o.s.web.servlet.DispatcherServlet        : GET "/v1/me/recent-channels?limit=12", parameters={masked}
lumo-e2e-api  | 2026-09-30T16:02:35.228785020Z 2026-09-30T16:02:35.228Z DEBUG 1 --- [lumo-api] [cat-handler-572] o.s.web.servlet.DispatcherServlet        : Completed 200 OK
lumo-e2e-api  | 2026-09-30T16:02:35.229854636Z 2026-09-30T16:02:35.228Z DEBUG 1 --- [lumo-api] [cat-handler-570] o.s.web.servlet.DispatcherServlet        : Completed 200 OK
lumo-e2e-api  | 2026-09-30T16:02:35.229866196Z 2026-09-30T16:02:35.229Z DEBUG 1 --- [lumo-api] [cat-handler-573] o.s.web.servlet.DispatcherServlet        : Completed 200 OK
lumo-e2e-api  | 2026-09-30T16:02:35.229867836Z 2026-09-30T16:02:35.229Z DEBUG 1 --- [lumo-api] [cat-handler-569] o.s.web.servlet.DispatcherServlet        : Completed 200 OK
lumo-e2e-api  | 2026-09-30T16:02:35.232754471Z 2026-09-30T16:02:35.232Z DEBUG 1 --- [lumo-api] [cat-handler-574] o.s.web.servlet.DispatcherServlet        : Completed 200 OK
lumo-e2e-api  | 2026-09-30T16:02:35.239124200Z 2026-09-30T16:02:35.237Z DEBUG 1 --- [lumo-api] [cat-handler-575] o.s.web.servlet.DispatcherServlet        : GET "/v1/me/favorite-groups", parameters={}
lumo-e2e-api  | 2026-09-30T16:02:35.241204270Z 2026-09-30T16:02:35.240Z DEBUG 1 --- [lumo-api] [cat-handler-575] o.s.web.servlet.DispatcherServlet        : Completed 200 OK
lumo-e2e-api  | 2026-09-30T16:02:35.243038325Z 2026-09-30T16:02:35.242Z DEBUG 1 --- [lumo-api] [cat-handler-576] o.s.web.servlet.DispatcherServlet        : GET "/v1/me", parameters={}
lumo-e2e-api  | 2026-09-30T16:02:35.243069185Z 2026-09-30T16:02:35.242Z DEBUG 1 --- [lumo-api] [cat-handler-578] o.s.web.servlet.DispatcherServlet        : GET "/v1/sources/20c73bc1-31a1-48f4-aa46-4da889a90a72/categories?contentType=LIVE", parameters={masked}
lumo-e2e-api  | 2026-09-30T16:02:35.243071405Z 2026-09-30T16:02:35.242Z DEBUG 1 --- [lumo-api] [cat-handler-579] o.s.web.servlet.DispatcherServlet        : GET "/v1/sources/20c73bc1-31a1-48f4-aa46-4da889a90a72/channels?categoryId=baa820c6-4a6e-4006-a37c-c19a2f8546d7&page=0&size=50", parameters={masked}
lumo-e2e-api  | 2026-09-30T16:02:35.243463525Z 2026-09-30T16:02:35.242Z DEBUG 1 --- [lumo-api] [cat-handler-580] o.s.web.servlet.DispatcherServlet        : GET "/v1/sources/20c73bc1-31a1-48f4-aa46-4da889a90a72", parameters={}
lumo-e2e-api  | 2026-09-30T16:02:35.243478545Z 2026-09-30T16:02:35.242Z DEBUG 1 --- [lumo-api] [cat-handler-577] o.s.web.servlet.DispatcherServlet        : GET "/v1/sources", parameters={}
lumo-e2e-api  | 2026-09-30T16:02:35.243494456Z 2026-09-30T16:02:35.243Z DEBUG 1 --- [lumo-api] [cat-handler-581] o.s.web.servlet.DispatcherServlet        : GET "/v1/me/favorites", parameters={}
lumo-e2e-api  | 2026-09-30T16:02:35.244305865Z 2026-09-30T16:02:35.244Z DEBUG 1 --- [lumo-api] [cat-handler-582] o.s.web.servlet.DispatcherServlet        : GET "/v1/me/recent-channels?limit=12", parameters={masked}
lumo-e2e-api  | 2026-09-30T16:02:35.244358907Z 2026-09-30T16:02:35.244Z DEBUG 1 --- [lumo-api] [cat-handler-576] o.s.web.servlet.DispatcherServlet        : Completed 200 OK
lumo-e2e-api  | 2026-09-30T16:02:35.244599677Z 2026-09-30T16:02:35.244Z DEBUG 1 --- [lumo-api] [cat-handler-583] o.s.web.servlet.DispatcherServlet        : GET "/v1/me/favorite-groups", parameters={}
lumo-e2e-api  | 2026-09-30T16:02:35.245395677Z 2026-09-30T16:02:35.244Z DEBUG 1 --- [lumo-api] [cat-handler-581] o.s.web.servlet.DispatcherServlet        : Completed 200 OK
lumo-e2e-api  | 2026-09-30T16:02:35.245405137Z 2026-09-30T16:02:35.245Z DEBUG 1 --- [lumo-api] [cat-handler-578] o.s.web.servlet.DispatcherServlet        : Completed 200 OK
lumo-e2e-api  | 2026-09-30T16:02:35.245406957Z 2026-09-30T16:02:35.245Z DEBUG 1 --- [lumo-api] [cat-handler-582] o.s.web.servlet.DispatcherServlet        : Completed 200 OK
lumo-e2e-api  | 2026-09-30T16:02:35.245408397Z 2026-09-30T16:02:35.245Z DEBUG 1 --- [lumo-api] [cat-handler-577] o.s.web.servlet.DispatcherServlet        : Completed 200 OK
lumo-e2e-api  | 2026-09-30T16:02:35.245409557Z 2026-09-30T16:02:35.245Z DEBUG 1 --- [lumo-api] [cat-handler-583] o.s.web.servlet.DispatcherServlet        : Completed 200 OK
lumo-e2e-api  | 2026-09-30T16:02:35.246611221Z 2026-09-30T16:02:35.246Z DEBUG 1 --- [lumo-api] [cat-handler-579] o.s.web.servlet.DispatcherServlet        : Completed 200 OK
lumo-e2e-api  | 2026-09-30T16:02:35.246633721Z 2026-09-30T16:02:35.246Z DEBUG 1 --- [lumo-api] [cat-handler-580] o.s.web.servlet.DispatcherServlet        : Completed 200 OK
lumo-e2e-api  | 2026-09-30T16:02:35.254041437Z 2026-09-30T16:02:35.253Z DEBUG 1 --- [lumo-api] [cat-handler-584] o.s.web.servlet.DispatcherServlet        : GET "/v1/sources/d5a51467-7a60-4d16-b1fa-0daf2205ff36/epg?channelIds=b47c54eb-47ac-448f-82c5-880f2fd0d6ec&channelIds=cfbc5833-0dba-46a2-ba73-4b335320f433&channelIds=a1bdd7f4-044d-48aa-b422-72050855d43f&channelIds=1fba5944-059d-428f-a010-cc486103692d&channelIds=02385b49-fbd9-4b7e-bb36-a0a7c8a5816b&from=2026-09-29T22%3A00%3A00.000Z&to=2026-09-30T22%3A00%3A00.000Z", parameters={masked}
lumo-e2e-api  | 2026-09-30T16:02:35.257303451Z 2026-09-30T16:02:35.257Z DEBUG 1 --- [lumo-api] [cat-handler-585] o.s.web.servlet.DispatcherServlet        : GET "/v1/sources/20c73bc1-31a1-48f4-aa46-4da889a90a72/channels?ids=4d619439-2cc9-49b7-af0f-57fb22f95d20&size=1", parameters={masked}
lumo-e2e-api  | 2026-09-30T16:02:35.258252043Z 2026-09-30T16:02:35.257Z DEBUG 1 --- [lumo-api] [cat-handler-586] o.s.web.servlet.DispatcherServlet        : GET "/v1/sources/20c73bc1-31a1-48f4-aa46-4da889a90a72/epg?channelIds=c041ffb1-0685-4cde-acd0-6beb3bacefe1&channelIds=d84e8a60-4165-4768-be71-6205bb667856&from=2026-09-30T16%3A02%3A04.929Z&to=2026-09-30T19%3A02%3A04.929Z", parameters={masked}
lumo-e2e-api  | 2026-09-30T16:02:35.259847532Z 2026-09-30T16:02:35.259Z DEBUG 1 --- [lumo-api] [cat-handler-584] o.s.web.servlet.DispatcherServlet        : Completed 200 OK
lumo-e2e-api  | 2026-09-30T16:02:35.260212054Z 2026-09-30T16:02:35.260Z DEBUG 1 --- [lumo-api] [cat-handler-585] o.s.web.servlet.DispatcherServlet        : Completed 200 OK
lumo-e2e-api  | 2026-09-30T16:02:35.262520047Z 2026-09-30T16:02:35.262Z DEBUG 1 --- [lumo-api] [cat-handler-586] o.s.web.servlet.DispatcherServlet        : Completed 200 OK
lumo-e2e-api  | 2026-09-30T16:02:35.262749652Z 2026-09-30T16:02:35.262Z DEBUG 1 --- [lumo-api] [cat-handler-587] o.s.web.servlet.DispatcherServlet        : GET "/v1/sources", parameters={}
lumo-e2e-api  | 2026-09-30T16:02:35.269570638Z 2026-09-30T16:02:35.269Z DEBUG 1 --- [lumo-api] [cat-handler-587] o.s.web.servlet.DispatcherServlet        : Completed 200 OK
lumo-e2e-api  | 2026-09-30T16:02:35.278999167Z 2026-09-30T16:02:35.278Z DEBUG 1 --- [lumo-api] [cat-handler-588] o.s.web.servlet.DispatcherServlet        : POST "/v1/sources", parameters={}
lumo-e2e-api  | 2026-09-30T16:02:35.323191959Z 2026-09-30T16:02:35.322Z  INFO 1 --- [lumo-api] [    virtual-683] tv.lumo.api.ingest.IngestionService      : Ingesting source 265d02e2-29da-4aad-b32f-b563e8314487 (M3U_URL)
lumo-e2e-api  | 2026-09-30T16:02:35.323598108Z 2026-09-30T16:02:35.323Z DEBUG 1 --- [lumo-api] [cat-handler-588] o.s.web.servlet.DispatcherServlet        : Completed 202 ACCEPTED
lumo-e2e-api  | 2026-09-30T16:02:35.329319577Z 2026-09-30T16:02:35.329Z  INFO 1 --- [lumo-api] [    virtual-683] tv.lumo.api.ingest.IngestionService      : Source 265d02e2-29da-4aad-b32f-b563e8314487: ingested 5 channel(s) and 0 film(s) from playlist
lumo-e2e-api  | 2026-09-30T16:02:35.330039744Z 2026-09-30T16:02:35.329Z  INFO 1 --- [lumo-api] [    virtual-683] tv.lumo.api.ingest.IngestionService      : Source 265d02e2-29da-4aad-b32f-b563e8314487 is READY
lumo-e2e-api  | 2026-09-30T16:02:35.334998075Z 2026-09-30T16:02:35.334Z DEBUG 1 --- [lumo-api] [cat-handler-589] o.s.web.servlet.DispatcherServlet        : GET "/v1/channels/4d619439-2cc9-49b7-af0f-57fb22f95d20/playback", parameters={}
lumo-e2e-api  | 2026-09-30T16:02:35.335392725Z 2026-09-30T16:02:35.335Z DEBUG 1 --- [lumo-api] [cat-handler-591] o.s.web.servlet.DispatcherServlet        : GET "/v1/sources", parameters={}
lumo-e2e-api  | 2026-09-30T16:02:35.335406505Z 2026-09-30T16:02:35.335Z DEBUG 1 --- [lumo-api] [cat-handler-590] o.s.web.servlet.DispatcherServlet        : GET "/v1/me", parameters={}
lumo-e2e-api  | 2026-09-30T16:02:35.335751923Z 2026-09-30T16:02:35.335Z DEBUG 1 --- [lumo-api] [cat-handler-592] o.s.web.servlet.DispatcherServlet        : GET "/v1/sources/265d02e2-29da-4aad-b32f-b563e8314487", parameters={}
lumo-e2e-api  | 2026-09-30T16:02:35.336822339Z 2026-09-30T16:02:35.336Z DEBUG 1 --- [lumo-api] [cat-handler-589] o.s.web.servlet.DispatcherServlet        : Completed 200 OK
lumo-e2e-api  | 2026-09-30T16:02:35.336835210Z 2026-09-30T16:02:35.336Z DEBUG 1 --- [lumo-api] [cat-handler-590] o.s.web.servlet.DispatcherServlet        : Completed 200 OK
lumo-e2e-api  | 2026-09-30T16:02:35.337369772Z 2026-09-30T16:02:35.337Z DEBUG 1 --- [lumo-api] [cat-handler-591] o.s.web.servlet.DispatcherServlet        : Completed 200 OK
lumo-e2e-api  | 2026-09-30T16:02:35.337672855Z 2026-09-30T16:02:35.337Z DEBUG 1 --- [lumo-api] [cat-handler-592] o.s.web.servlet.DispatcherServlet        : Completed 200 OK
lumo-e2e-api  | 2026-09-30T16:02:35.342354593Z 2026-09-30T16:02:35.341Z DEBUG 1 --- [lumo-api] [cat-handler-593] o.s.web.servlet.DispatcherServlet        : GET "/v1/sources/265d02e2-29da-4aad-b32f-b563e8314487/vod?page=0&size=1", parameters={masked}
lumo-e2e-api  | 2026-09-30T16:02:35.345849127Z 2026-09-30T16:02:35.345Z DEBUG 1 --- [lumo-api] [cat-handler-593] o.s.web.servlet.DispatcherServlet        : Completed 200 OK
lumo-e2e-api  | 2026-09-30T16:02:35.403189318Z 2026-09-30T16:02:35.402Z DEBUG 1 --- [lumo-api] [cat-handler-594] o.s.web.servlet.DispatcherServlet        : GET "/v1/me", parameters={}
lumo-e2e-api  | 2026-09-30T16:02:35.403237229Z 2026-09-30T16:02:35.402Z DEBUG 1 --- [lumo-api] [cat-handler-595] o.s.web.servlet.DispatcherServlet        : GET "/v1/sources", parameters={}
lumo-e2e-api  | 2026-09-30T16:02:35.404531841Z 2026-09-30T16:02:35.404Z DEBUG 1 --- [lumo-api] [cat-handler-594] o.s.web.servlet.DispatcherServlet        : Completed 200 OK
lumo-e2e-api  | 2026-09-30T16:02:35.406680103Z 2026-09-30T16:02:35.406Z DEBUG 1 --- [lumo-api] [cat-handler-595] o.s.web.servlet.DispatcherServlet        : Completed 200 OK
lumo-e2e-api  | 2026-09-30T16:02:35.407301758Z 2026-09-30T16:02:35.407Z DEBUG 1 --- [lumo-api] [cat-handler-597] o.s.web.servlet.DispatcherServlet        : GET "/v1/sources", parameters={}
lumo-e2e-api  | 2026-09-30T16:02:35.407316059Z 2026-09-30T16:02:35.407Z DEBUG 1 --- [lumo-api] [cat-handler-596] o.s.web.servlet.DispatcherServlet        : GET "/v1/me", parameters={}
lumo-e2e-api  | 2026-09-30T16:02:35.407467587Z 2026-09-30T16:02:35.407Z DEBUG 1 --- [lumo-api] [cat-handler-598] o.s.web.servlet.DispatcherServlet        : GET "/v1/me/entitlement", parameters={}
lumo-e2e-api  | 2026-09-30T16:02:35.407781103Z 2026-09-30T16:02:35.407Z DEBUG 1 --- [lumo-api] [cat-handler-599] o.s.web.servlet.DispatcherServlet        : GET "/v1/me/devices", parameters={}
lumo-e2e-api  | 2026-09-30T16:02:35.408277122Z 2026-09-30T16:02:35.408Z DEBUG 1 --- [lumo-api] [cat-handler-596] o.s.web.servlet.DispatcherServlet        : Completed 200 OK
lumo-e2e-api  | 2026-09-30T16:02:35.408727728Z 2026-09-30T16:02:35.408Z DEBUG 1 --- [lumo-api] [cat-handler-598] o.s.web.servlet.DispatcherServlet        : Completed 200 OK
lumo-e2e-api  | 2026-09-30T16:02:35.408979574Z 2026-09-30T16:02:35.408Z DEBUG 1 --- [lumo-api] [cat-handler-597] o.s.web.servlet.DispatcherServlet        : Completed 200 OK
lumo-e2e-api  | 2026-09-30T16:02:35.409209229Z 2026-09-30T16:02:35.409Z DEBUG 1 --- [lumo-api] [cat-handler-599] o.s.web.servlet.DispatcherServlet        : Completed 200 OK
lumo-e2e-api  | 2026-09-30T16:02:35.411546391Z 2026-09-30T16:02:35.411Z DEBUG 1 --- [lumo-api] [cat-handler-600] o.s.web.servlet.DispatcherServlet        : GET "/v1/sources/20c73bc1-31a1-48f4-aa46-4da889a90a72/vod?page=0&size=1", parameters={masked}
lumo-e2e-api  | 2026-09-30T16:02:35.414100317Z 2026-09-30T16:02:35.413Z DEBUG 1 --- [lumo-api] [cat-handler-600] o.s.web.servlet.DispatcherServlet        : Completed 200 OK
lumo-e2e-api  | 2026-09-30T16:02:35.450215689Z 2026-09-30T16:02:35.449Z DEBUG 1 --- [lumo-api] [cat-handler-605] o.s.web.servlet.DispatcherServlet        : GET "/v1/me/favorites", parameters={}
lumo-e2e-api  | 2026-09-30T16:02:35.450387443Z 2026-09-30T16:02:35.449Z DEBUG 1 --- [lumo-api] [cat-handler-601] o.s.web.servlet.DispatcherServlet        : GET "/v1/me", parameters={}
lumo-e2e-api  | 2026-09-30T16:02:35.450406353Z 2026-09-30T16:02:35.449Z DEBUG 1 --- [lumo-api] [cat-handler-603] o.s.web.servlet.DispatcherServlet        : GET "/v1/sources/87a5ecb8-18c5-4ffb-9e0a-c6b309b79e54/channels?page=0&size=50", parameters={masked}
lumo-e2e-api  | 2026-09-30T16:02:35.450408713Z 2026-09-30T16:02:35.449Z DEBUG 1 --- [lumo-api] [cat-handler-604] o.s.web.servlet.DispatcherServlet        : GET "/v1/sources/87a5ecb8-18c5-4ffb-9e0a-c6b309b79e54", parameters={}
lumo-e2e-api  | 2026-09-30T16:02:35.450410193Z 2026-09-30T16:02:35.449Z DEBUG 1 --- [lumo-api] [cat-handler-602] o.s.web.servlet.DispatcherServlet        : GET "/v1/sources/87a5ecb8-18c5-4ffb-9e0a-c6b309b79e54/categories?contentType=LIVE", parameters={masked}
lumo-e2e-api  | 2026-09-30T16:02:35.450584358Z 2026-09-30T16:02:35.450Z DEBUG 1 --- [lumo-api] [cat-handler-607] o.s.web.servlet.DispatcherServlet        : GET "/v1/me/favorite-groups", parameters={}
lumo-e2e-api  | 2026-09-30T16:02:35.450595388Z 2026-09-30T16:02:35.450Z DEBUG 1 --- [lumo-api] [cat-handler-606] o.s.web.servlet.DispatcherServlet        : GET "/v1/me/recent-channels?limit=12", parameters={masked}
lumo-e2e-api  | 2026-09-30T16:02:35.451730258Z 2026-09-30T16:02:35.451Z DEBUG 1 --- [lumo-api] [cat-handler-607] o.s.web.servlet.DispatcherServlet        : Completed 200 OK
lumo-e2e-api  | 2026-09-30T16:02:35.451739398Z 2026-09-30T16:02:35.451Z DEBUG 1 --- [lumo-api] [cat-handler-601] o.s.web.servlet.DispatcherServlet        : Completed 200 OK
lumo-e2e-api  | 2026-09-30T16:02:35.451741418Z 2026-09-30T16:02:35.451Z DEBUG 1 --- [lumo-api] [cat-handler-606] o.s.web.servlet.DispatcherServlet        : Completed 200 OK
lumo-e2e-api  | 2026-09-30T16:02:35.451742918Z 2026-09-30T16:02:35.451Z DEBUG 1 --- [lumo-api] [cat-handler-605] o.s.web.servlet.DispatcherServlet        : Completed 200 OK
lumo-e2e-api  | 2026-09-30T16:02:35.452258991Z 2026-09-30T16:02:35.452Z DEBUG 1 --- [lumo-api] [cat-handler-604] o.s.web.servlet.DispatcherServlet        : Completed 200 OK
lumo-e2e-api  | 2026-09-30T16:02:35.452267931Z 2026-09-30T16:02:35.452Z DEBUG 1 --- [lumo-api] [cat-handler-602] o.s.web.servlet.DispatcherServlet        : Completed 200 OK
lumo-e2e-api  | 2026-09-30T16:02:35.452991168Z 2026-09-30T16:02:35.452Z DEBUG 1 --- [lumo-api] [cat-handler-603] o.s.web.servlet.DispatcherServlet        : Completed 200 OK
lumo-e2e-api  | 2026-09-30T16:02:35.455075406Z 2026-09-30T16:02:35.454Z DEBUG 1 --- [lumo-api] [cat-handler-608] o.s.web.servlet.DispatcherServlet        : GET "/v1/sources", parameters={}
lumo-e2e-api  | 2026-09-30T16:02:35.456459612Z 2026-09-30T16:02:35.456Z DEBUG 1 --- [lumo-api] [cat-handler-609] o.s.web.servlet.DispatcherServlet        : GET "/v1/sources/87a5ecb8-18c5-4ffb-9e0a-c6b309b79e54/epg?channelIds=a9c650d3-6fe0-4328-b20d-176144bf1924&channelIds=fa26e887-bd80-43c3-bc94-b361f67194d7&channelIds=f2c8f57f-8ef1-4b34-90e3-a8c104a4f581&channelIds=bd4069da-3e18-4ed1-b607-2ad0a733de44&channelIds=94bc6706-726a-41be-9773-31c77e06d720&from=2026-09-29T22%3A00%3A00.000Z&to=2026-09-30T22%3A00%3A00.000Z", parameters={masked}
lumo-e2e-api  | 2026-09-30T16:02:35.457251461Z 2026-09-30T16:02:35.457Z DEBUG 1 --- [lumo-api] [cat-handler-608] o.s.web.servlet.DispatcherServlet        : Completed 200 OK
lumo-e2e-api  | 2026-09-30T16:02:35.461232166Z 2026-09-30T16:02:35.460Z DEBUG 1 --- [lumo-api] [cat-handler-609] o.s.web.servlet.DispatcherServlet        : Completed 200 OK
lumo-e2e-api  | 2026-09-30T16:02:35.471317494Z 2026-09-30T16:02:35.471Z DEBUG 1 --- [lumo-api] [cat-handler-611] o.s.web.servlet.DispatcherServlet        : GET "/v1/sources", parameters={}
lumo-e2e-api  | 2026-09-30T16:02:35.471350455Z 2026-09-30T16:02:35.471Z DEBUG 1 --- [lumo-api] [cat-handler-610] o.s.web.servlet.DispatcherServlet        : GET "/v1/me", parameters={}
lumo-e2e-api  | 2026-09-30T16:02:35.471352615Z 2026-09-30T16:02:35.471Z DEBUG 1 --- [lumo-api] [cat-handler-613] o.s.web.servlet.DispatcherServlet        : GET "/v1/me/devices", parameters={}
lumo-e2e-api  | 2026-09-30T16:02:35.471521004Z 2026-09-30T16:02:35.471Z DEBUG 1 --- [lumo-api] [cat-handler-612] o.s.web.servlet.DispatcherServlet        : GET "/v1/me/entitlement", parameters={}
lumo-e2e-api  | 2026-09-30T16:02:35.472639991Z 2026-09-30T16:02:35.472Z DEBUG 1 --- [lumo-api] [cat-handler-613] o.s.web.servlet.DispatcherServlet        : Completed 200 OK
lumo-e2e-api  | 2026-09-30T16:02:35.472667842Z 2026-09-30T16:02:35.472Z DEBUG 1 --- [lumo-api] [cat-handler-610] o.s.web.servlet.DispatcherServlet        : Completed 200 OK
lumo-e2e-api  | 2026-09-30T16:02:35.472957549Z 2026-09-30T16:02:35.472Z DEBUG 1 --- [lumo-api] [cat-handler-612] o.s.web.servlet.DispatcherServlet        : Completed 200 OK
lumo-e2e-api  | 2026-09-30T16:02:35.473208325Z 2026-09-30T16:02:35.473Z DEBUG 1 --- [lumo-api] [cat-handler-611] o.s.web.servlet.DispatcherServlet        : Completed 200 OK
lumo-e2e-api  | 2026-09-30T16:02:35.475868055Z 2026-09-30T16:02:35.475Z DEBUG 1 --- [lumo-api] [cat-handler-614] o.s.web.servlet.DispatcherServlet        : GET "/v1/sources/265d02e2-29da-4aad-b32f-b563e8314487/vod?page=0&size=1", parameters={masked}
lumo-e2e-api  | 2026-09-30T16:02:35.478760281Z 2026-09-30T16:02:35.478Z DEBUG 1 --- [lumo-api] [cat-handler-614] o.s.web.servlet.DispatcherServlet        : Completed 200 OK
lumo-e2e-api  | 2026-09-30T16:02:35.525669033Z 2026-09-30T16:02:35.525Z DEBUG 1 --- [lumo-api] [cat-handler-616] o.s.web.servlet.DispatcherServlet        : GET "/v1/sources", parameters={}
lumo-e2e-api  | 2026-09-30T16:02:35.525701424Z 2026-09-30T16:02:35.525Z DEBUG 1 --- [lumo-api] [cat-handler-615] o.s.web.servlet.DispatcherServlet        : GET "/v1/me", parameters={}
lumo-e2e-api  | 2026-09-30T16:02:35.527132753Z 2026-09-30T16:02:35.526Z DEBUG 1 --- [lumo-api] [cat-handler-615] o.s.web.servlet.DispatcherServlet        : Completed 200 OK
lumo-e2e-api  | 2026-09-30T16:02:35.527942532Z 2026-09-30T16:02:35.527Z DEBUG 1 --- [lumo-api] [cat-handler-616] o.s.web.servlet.DispatcherServlet        : Completed 200 OK
lumo-e2e-api  | 2026-09-30T16:02:35.547556434Z 2026-09-30T16:02:35.547Z DEBUG 1 --- [lumo-api] [cat-handler-619] o.s.web.servlet.DispatcherServlet        : GET "/v1/sources/20c73bc1-31a1-48f4-aa46-4da889a90a72", parameters={}
lumo-e2e-api  | 2026-09-30T16:02:35.547592095Z 2026-09-30T16:02:35.547Z DEBUG 1 --- [lumo-api] [cat-handler-617] o.s.web.servlet.DispatcherServlet        : GET "/v1/me", parameters={}
lumo-e2e-api  | 2026-09-30T16:02:35.547594275Z 2026-09-30T16:02:35.547Z DEBUG 1 --- [lumo-api] [cat-handler-618] o.s.web.servlet.DispatcherServlet        : GET "/v1/sources", parameters={}
lumo-e2e-api  | 2026-09-30T16:02:35.548939357Z 2026-09-30T16:02:35.548Z DEBUG 1 --- [lumo-api] [cat-handler-617] o.s.web.servlet.DispatcherServlet        : Completed 200 OK
lumo-e2e-api  | 2026-09-30T16:02:35.549448700Z 2026-09-30T16:02:35.549Z DEBUG 1 --- [lumo-api] [cat-handler-619] o.s.web.servlet.DispatcherServlet        : Completed 200 OK
lumo-e2e-api  | 2026-09-30T16:02:35.549462690Z 2026-09-30T16:02:35.549Z DEBUG 1 --- [lumo-api] [cat-handler-618] o.s.web.servlet.DispatcherServlet        : Completed 200 OK
lumo-e2e-api  | 2026-09-30T16:02:35.552726799Z 2026-09-30T16:02:35.552Z DEBUG 1 --- [lumo-api] [cat-handler-620] o.s.web.servlet.DispatcherServlet        : GET "/v1/sources/20c73bc1-31a1-48f4-aa46-4da889a90a72/vod?page=0&size=1", parameters={masked}
lumo-e2e-api  | 2026-09-30T16:02:35.555634179Z 2026-09-30T16:02:35.555Z DEBUG 1 --- [lumo-api] [cat-handler-620] o.s.web.servlet.DispatcherServlet        : Completed 200 OK
lumo-e2e-api  | 2026-09-30T16:02:35.582256705Z 2026-09-30T16:02:35.581Z DEBUG 1 --- [lumo-api] [cat-handler-621] o.s.web.servlet.DispatcherServlet        : GET "/v1/sources", parameters={}
lumo-e2e-api  | 2026-09-30T16:02:35.586548733Z 2026-09-30T16:02:35.586Z DEBUG 1 --- [lumo-api] [cat-handler-621] o.s.web.servlet.DispatcherServlet        : Completed 200 OK
lumo-e2e-api  | 2026-09-30T16:02:35.593696562Z 2026-09-30T16:02:35.593Z DEBUG 1 --- [lumo-api] [cat-handler-623] o.s.web.servlet.DispatcherServlet        : GET "/v1/sources", parameters={}
lumo-e2e-api  | 2026-09-30T16:02:35.593765074Z 2026-09-30T16:02:35.593Z DEBUG 1 --- [lumo-api] [cat-handler-622] o.s.web.servlet.DispatcherServlet        : GET "/v1/me", parameters={}
lumo-e2e-api  | 2026-09-30T16:02:35.595062360Z 2026-09-30T16:02:35.594Z DEBUG 1 --- [lumo-api] [cat-handler-622] o.s.web.servlet.DispatcherServlet        : Completed 200 OK
lumo-e2e-api  | 2026-09-30T16:02:35.597451033Z 2026-09-30T16:02:35.597Z DEBUG 1 --- [lumo-api] [cat-handler-623] o.s.web.servlet.DispatcherServlet        : Completed 200 OK
lumo-e2e-api  | 2026-09-30T16:02:35.599760894Z 2026-09-30T16:02:35.599Z DEBUG 1 --- [lumo-api] [cat-handler-624] o.s.web.servlet.DispatcherServlet        : GET "/v1/me/progress?sourceId=ad90cb4a-1d61-43a0-b62b-050c6bbf897f&itemType=VOD&size=24", parameters={masked}
lumo-e2e-api  | 2026-09-30T16:02:35.599789144Z 2026-09-30T16:02:35.599Z DEBUG 1 --- [lumo-api] [cat-handler-625] o.s.web.servlet.DispatcherServlet        : GET "/v1/me/progress?sourceId=ad90cb4a-1d61-43a0-b62b-050c6bbf897f&itemType=EPISODE&size=48", parameters={masked}
lumo-e2e-api  | 2026-09-30T16:02:35.599791184Z 2026-09-30T16:02:35.599Z DEBUG 1 --- [lumo-api] [cat-handler-626] o.s.web.servlet.DispatcherServlet        : GET "/v1/me/favorites", parameters={}
lumo-e2e-api  | 2026-09-30T16:02:35.599921363Z 2026-09-30T16:02:35.599Z DEBUG 1 --- [lumo-api] [cat-handler-627] o.s.web.servlet.DispatcherServlet        : GET "/v1/me/favorite-groups", parameters={}
lumo-e2e-api  | 2026-09-30T16:02:35.600031825Z 2026-09-30T16:02:35.599Z DEBUG 1 --- [lumo-api] [cat-handler-628] o.s.web.servlet.DispatcherServlet        : GET "/v1/me/recent-channels?limit=50", parameters={masked}
lumo-e2e-api  | 2026-09-30T16:02:35.601133817Z 2026-09-30T16:02:35.600Z DEBUG 1 --- [lumo-api] [cat-handler-627] o.s.web.servlet.DispatcherServlet        : Completed 200 OK
lumo-e2e-api  | 2026-09-30T16:02:35.601143037Z 2026-09-30T16:02:35.600Z DEBUG 1 --- [lumo-api] [cat-handler-628] o.s.web.servlet.DispatcherServlet        : Completed 200 OK
lumo-e2e-api  | 2026-09-30T16:02:35.601182658Z 2026-09-30T16:02:35.600Z DEBUG 1 --- [lumo-api] [cat-handler-626] o.s.web.servlet.DispatcherServlet        : Completed 200 OK
lumo-e2e-api  | 2026-09-30T16:02:35.612969484Z 2026-09-30T16:02:35.612Z DEBUG 1 --- [lumo-api] [cat-handler-625] o.s.web.servlet.DispatcherServlet        : Completed 200 OK
lumo-e2e-api  | 2026-09-30T16:02:35.613003825Z 2026-09-30T16:02:35.612Z DEBUG 1 --- [lumo-api] [cat-handler-624] o.s.web.servlet.DispatcherServlet        : Completed 200 OK
lumo-e2e-api  | 2026-09-30T16:02:35.623502495Z 2026-09-30T16:02:35.623Z DEBUG 1 --- [lumo-api] [cat-handler-632] o.s.web.servlet.DispatcherServlet        : GET "/v1/sources/20c73bc1-31a1-48f4-aa46-4da889a90a72/channels?page=0&size=50", parameters={masked}
lumo-e2e-api  | 2026-09-30T16:02:35.623536546Z 2026-09-30T16:02:35.623Z DEBUG 1 --- [lumo-api] [cat-handler-630] o.s.web.servlet.DispatcherServlet        : GET "/v1/sources/20c73bc1-31a1-48f4-aa46-4da889a90a72/categories?contentType=LIVE", parameters={masked}
lumo-e2e-api  | 2026-09-30T16:02:35.623538706Z 2026-09-30T16:02:35.623Z DEBUG 1 --- [lumo-api] [cat-handler-633] o.s.web.servlet.DispatcherServlet        : GET "/v1/sources/20c73bc1-31a1-48f4-aa46-4da889a90a72", parameters={}
lumo-e2e-api  | 2026-09-30T16:02:35.623563056Z 2026-09-30T16:02:35.623Z DEBUG 1 --- [lumo-api] [cat-handler-631] o.s.web.servlet.DispatcherServlet        : GET "/v1/sources", parameters={}
lumo-e2e-api  | 2026-09-30T16:02:35.623570536Z 2026-09-30T16:02:35.623Z DEBUG 1 --- [lumo-api] [cat-handler-634] o.s.web.servlet.DispatcherServlet        : GET "/v1/me/favorites", parameters={}
lumo-e2e-api  | 2026-09-30T16:02:35.623587487Z 2026-09-30T16:02:35.623Z DEBUG 1 --- [lumo-api] [cat-handler-636] o.s.web.servlet.DispatcherServlet        : GET "/v1/me/favorite-groups", parameters={}
lumo-e2e-api  | 2026-09-30T16:02:35.623605837Z 2026-09-30T16:02:35.623Z DEBUG 1 --- [lumo-api] [cat-handler-635] o.s.web.servlet.DispatcherServlet        : GET "/v1/me/recent-channels?limit=12", parameters={masked}
lumo-e2e-api  | 2026-09-30T16:02:35.623607907Z 2026-09-30T16:02:35.623Z DEBUG 1 --- [lumo-api] [cat-handler-629] o.s.web.servlet.DispatcherServlet        : GET "/v1/me", parameters={}
lumo-e2e-api  | 2026-09-30T16:02:35.624823405Z 2026-09-30T16:02:35.624Z DEBUG 1 --- [lumo-api] [cat-handler-629] o.s.web.servlet.DispatcherServlet        : Completed 200 OK
lumo-e2e-api  | 2026-09-30T16:02:35.625001829Z 2026-09-30T16:02:35.624Z DEBUG 1 --- [lumo-api] [cat-handler-634] o.s.web.servlet.DispatcherServlet        : Completed 200 OK
lumo-e2e-api  | 2026-09-30T16:02:35.625008539Z 2026-09-30T16:02:35.624Z DEBUG 1 --- [lumo-api] [cat-handler-636] o.s.web.servlet.DispatcherServlet        : Completed 200 OK
lumo-e2e-api  | 2026-09-30T16:02:35.625063228Z 2026-09-30T16:02:35.624Z DEBUG 1 --- [lumo-api] [cat-handler-635] o.s.web.servlet.DispatcherServlet        : Completed 200 OK
lumo-e2e-api  | 2026-09-30T16:02:35.625250152Z 2026-09-30T16:02:35.625Z DEBUG 1 --- [lumo-api] [cat-handler-630] o.s.web.servlet.DispatcherServlet        : Completed 200 OK
lumo-e2e-api  | 2026-09-30T16:02:35.625259482Z 2026-09-30T16:02:35.624Z DEBUG 1 --- [lumo-api] [cat-handler-631] o.s.web.servlet.DispatcherServlet        : Completed 200 OK
lumo-e2e-api  | 2026-09-30T16:02:35.626112278Z 2026-09-30T16:02:35.625Z DEBUG 1 --- [lumo-api] [cat-handler-633] o.s.web.servlet.DispatcherServlet        : Completed 200 OK
lumo-e2e-api  | 2026-09-30T16:02:35.626119688Z 2026-09-30T16:02:35.625Z DEBUG 1 --- [lumo-api] [cat-handler-632] o.s.web.servlet.DispatcherServlet        : Completed 200 OK
lumo-e2e-api  | 2026-09-30T16:02:35.634217700Z 2026-09-30T16:02:35.633Z DEBUG 1 --- [lumo-api] [cat-handler-637] o.s.web.servlet.DispatcherServlet        : GET "/v1/sources/20c73bc1-31a1-48f4-aa46-4da889a90a72/epg?channelIds=4d619439-2cc9-49b7-af0f-57fb22f95d20&channelIds=a50f046b-88c2-4e67-b8e9-51ae0c0000f0&channelIds=b9985112-160d-48b3-b6b4-63a4f8280f44&channelIds=c041ffb1-0685-4cde-acd0-6beb3bacefe1&channelIds=d84e8a60-4165-4768-be71-6205bb667856&from=2026-09-30T16%3A02%3A04.929Z&to=2026-09-30T19%3A02%3A04.929Z", parameters={masked}
lumo-e2e-api  | 2026-09-30T16:02:35.634462889Z 2026-09-30T16:02:35.634Z DEBUG 1 --- [lumo-api] [cat-handler-638] o.s.web.servlet.DispatcherServlet        : GET "/v1/sources", parameters={}
lumo-e2e-api  | 2026-09-30T16:02:35.636903688Z 2026-09-30T16:02:35.636Z DEBUG 1 --- [lumo-api] [cat-handler-638] o.s.web.servlet.DispatcherServlet        : Completed 200 OK
lumo-e2e-api  | 2026-09-30T16:02:35.639063197Z 2026-09-30T16:02:35.638Z DEBUG 1 --- [lumo-api] [cat-handler-637] o.s.web.servlet.DispatcherServlet        : Completed 200 OK
lumo-e2e-api  | 2026-09-30T16:02:35.639967369Z 2026-09-30T16:02:35.639Z DEBUG 1 --- [lumo-api] [cat-handler-639] o.s.web.servlet.DispatcherServlet        : POST "/v1/sources", parameters={}
lumo-e2e-api  | 2026-09-30T16:02:35.690715385Z 2026-09-30T16:02:35.690Z  INFO 1 --- [lumo-api] [    virtual-735] tv.lumo.api.ingest.IngestionService      : Ingesting source 97a12fde-825d-47a3-a853-5277c3d31088 (M3U_URL)
lumo-e2e-api  | 2026-09-30T16:02:35.691081414Z 2026-09-30T16:02:35.690Z DEBUG 1 --- [lumo-api] [cat-handler-639] o.s.web.servlet.DispatcherServlet        : Completed 202 ACCEPTED
lumo-e2e-api  | 2026-09-30T16:02:35.697998066Z 2026-09-30T16:02:35.697Z  INFO 1 --- [lumo-api] [    virtual-735] tv.lumo.api.ingest.IngestionService      : Source 97a12fde-825d-47a3-a853-5277c3d31088: ingested 5 channel(s) and 0 film(s) from playlist
lumo-e2e-api  | 2026-09-30T16:02:35.699084462Z 2026-09-30T16:02:35.698Z  INFO 1 --- [lumo-api] [    virtual-735] tv.lumo.api.ingest.IngestionService      : Source 97a12fde-825d-47a3-a853-5277c3d31088 is READY
lumo-e2e-api  | 2026-09-30T16:02:35.702944252Z 2026-09-30T16:02:35.702Z DEBUG 1 --- [lumo-api] [cat-handler-641] o.s.web.servlet.DispatcherServlet        : GET "/v1/sources", parameters={}
lumo-e2e-api  | 2026-09-30T16:02:35.702972053Z 2026-09-30T16:02:35.702Z DEBUG 1 --- [lumo-api] [cat-handler-642] o.s.web.servlet.DispatcherServlet        : GET "/v1/sources/97a12fde-825d-47a3-a853-5277c3d31088", parameters={}
lumo-e2e-api  | 2026-09-30T16:02:35.702974083Z 2026-09-30T16:02:35.702Z DEBUG 1 --- [lumo-api] [cat-handler-640] o.s.web.servlet.DispatcherServlet        : GET "/v1/me", parameters={}
lumo-e2e-api  | 2026-09-30T16:02:35.704309533Z 2026-09-30T16:02:35.704Z DEBUG 1 --- [lumo-api] [cat-handler-640] o.s.web.servlet.DispatcherServlet        : Completed 200 OK
lumo-e2e-api  | 2026-09-30T16:02:35.704989386Z 2026-09-30T16:02:35.704Z DEBUG 1 --- [lumo-api] [cat-handler-642] o.s.web.servlet.DispatcherServlet        : Completed 200 OK
lumo-e2e-api  | 2026-09-30T16:02:35.705918819Z 2026-09-30T16:02:35.705Z DEBUG 1 --- [lumo-api] [cat-handler-641] o.s.web.servlet.DispatcherServlet        : Completed 200 OK
lumo-e2e-api  | 2026-09-30T16:02:35.711346274Z 2026-09-30T16:02:35.711Z DEBUG 1 --- [lumo-api] [cat-handler-643] o.s.web.servlet.DispatcherServlet        : GET "/v1/sources/97a12fde-825d-47a3-a853-5277c3d31088/vod?page=0&size=1", parameters={masked}
lumo-e2e-api  | 2026-09-30T16:02:35.716440303Z 2026-09-30T16:02:35.715Z DEBUG 1 --- [lumo-api] [cat-handler-643] o.s.web.servlet.DispatcherServlet        : Completed 200 OK
lumo-e2e-api  | 2026-09-30T16:02:35.732635366Z 2026-09-30T16:02:35.732Z DEBUG 1 --- [lumo-api] [cat-handler-644] o.s.web.servlet.DispatcherServlet        : POST "/v1/me/favorites", parameters={}
lumo-e2e-api  | 2026-09-30T16:02:35.779351388Z 2026-09-30T16:02:35.779Z DEBUG 1 --- [lumo-api] [cat-handler-644] o.s.web.servlet.DispatcherServlet        : Completed 201 CREATED
lumo-e2e-api  | 2026-09-30T16:02:35.787098691Z 2026-09-30T16:02:35.786Z DEBUG 1 --- [lumo-api] [cat-handler-646] o.s.web.servlet.DispatcherServlet        : GET "/v1/sources", parameters={}
lumo-e2e-api  | 2026-09-30T16:02:35.787578268Z 2026-09-30T16:02:35.786Z DEBUG 1 --- [lumo-api] [cat-handler-647] o.s.web.servlet.DispatcherServlet        : GET "/v1/sources/20c73bc1-31a1-48f4-aa46-4da889a90a72/categories?contentType=LIVE", parameters={masked}
lumo-e2e-api  | 2026-09-30T16:02:35.787593558Z 2026-09-30T16:02:35.786Z DEBUG 1 --- [lumo-api] [cat-handler-645] o.s.web.servlet.DispatcherServlet        : GET "/v1/me", parameters={}
lumo-e2e-api  | 2026-09-30T16:02:35.787595668Z 2026-09-30T16:02:35.787Z DEBUG 1 --- [lumo-api] [cat-handler-648] o.s.web.servlet.DispatcherServlet        : GET "/v1/sources/20c73bc1-31a1-48f4-aa46-4da889a90a72/channels?page=0&size=50", parameters={masked}
lumo-e2e-api  | 2026-09-30T16:02:35.787597888Z 2026-09-30T16:02:35.787Z DEBUG 1 --- [lumo-api] [cat-handler-649] o.s.web.servlet.DispatcherServlet        : GET "/v1/sources/20c73bc1-31a1-48f4-aa46-4da889a90a72", parameters={}
lumo-e2e-api  | 2026-09-30T16:02:35.787613178Z 2026-09-30T16:02:35.787Z DEBUG 1 --- [lumo-api] [cat-handler-650] o.s.web.servlet.DispatcherServlet        : GET "/v1/me/favorites", parameters={}
lumo-e2e-api  | 2026-09-30T16:02:35.787707796Z 2026-09-30T16:02:35.787Z DEBUG 1 --- [lumo-api] [cat-handler-651] o.s.web.servlet.DispatcherServlet        : GET "/v1/me/recent-channels?limit=12", parameters={masked}
lumo-e2e-api  | 2026-09-30T16:02:35.787896755Z 2026-09-30T16:02:35.787Z DEBUG 1 --- [lumo-api] [cat-handler-652] o.s.web.servlet.DispatcherServlet        : GET "/v1/me/favorite-groups", parameters={}
lumo-e2e-api  | 2026-09-30T16:02:35.788720801Z 2026-09-30T16:02:35.788Z DEBUG 1 --- [lumo-api] [cat-handler-645] o.s.web.servlet.DispatcherServlet        : Completed 200 OK
lumo-e2e-api  | 2026-09-30T16:02:35.788868734Z 2026-09-30T16:02:35.788Z DEBUG 1 --- [lumo-api] [cat-handler-646] o.s.web.servlet.DispatcherServlet        : Completed 200 OK
lumo-e2e-api  | 2026-09-30T16:02:35.788875795Z 2026-09-30T16:02:35.788Z DEBUG 1 --- [lumo-api] [cat-handler-651] o.s.web.servlet.DispatcherServlet        : Completed 200 OK
lumo-e2e-api  | 2026-09-30T16:02:35.788939981Z 2026-09-30T16:02:35.788Z DEBUG 1 --- [lumo-api] [cat-handler-649] o.s.web.servlet.DispatcherServlet        : Completed 200 OK
lumo-e2e-api  | 2026-09-30T16:02:35.789071439Z 2026-09-30T16:02:35.788Z DEBUG 1 --- [lumo-api] [cat-handler-652] o.s.web.servlet.DispatcherServlet        : Completed 200 OK
lumo-e2e-api  | 2026-09-30T16:02:35.789078090Z 2026-09-30T16:02:35.788Z DEBUG 1 --- [lumo-api] [cat-handler-650] o.s.web.servlet.DispatcherServlet        : Completed 200 OK
lumo-e2e-api  | 2026-09-30T16:02:35.789127396Z 2026-09-30T16:02:35.789Z DEBUG 1 --- [lumo-api] [cat-handler-647] o.s.web.servlet.DispatcherServlet        : Completed 200 OK
lumo-e2e-api  | 2026-09-30T16:02:35.789625153Z 2026-09-30T16:02:35.789Z DEBUG 1 --- [lumo-api] [cat-handler-648] o.s.web.servlet.DispatcherServlet        : Completed 200 OK
lumo-e2e-api  | 2026-09-30T16:02:35.794099611Z 2026-09-30T16:02:35.793Z DEBUG 1 --- [lumo-api] [cat-handler-653] o.s.web.servlet.DispatcherServlet        : GET "/v1/sources/20c73bc1-31a1-48f4-aa46-4da889a90a72/epg?channelIds=4d619439-2cc9-49b7-af0f-57fb22f95d20&channelIds=a50f046b-88c2-4e67-b8e9-51ae0c0000f0&channelIds=b9985112-160d-48b3-b6b4-63a4f8280f44&channelIds=c041ffb1-0685-4cde-acd0-6beb3bacefe1&channelIds=d84e8a60-4165-4768-be71-6205bb667856&from=2026-09-30T16%3A02%3A04.929Z&to=2026-09-30T19%3A02%3A04.929Z", parameters={masked}
lumo-e2e-api  | 2026-09-30T16:02:35.798087752Z 2026-09-30T16:02:35.797Z DEBUG 1 --- [lumo-api] [cat-handler-653] o.s.web.servlet.DispatcherServlet        : Completed 200 OK
lumo-e2e-api  | 2026-09-30T16:02:35.840064530Z 2026-09-30T16:02:35.839Z DEBUG 1 --- [lumo-api] [cat-handler-657] o.s.web.servlet.DispatcherServlet        : GET "/v1/me/devices", parameters={}
lumo-e2e-api  | 2026-09-30T16:02:35.840094521Z 2026-09-30T16:02:35.839Z DEBUG 1 --- [lumo-api] [cat-handler-656] o.s.web.servlet.DispatcherServlet        : GET "/v1/me/entitlement", parameters={}
lumo-e2e-api  | 2026-09-30T16:02:35.840096481Z 2026-09-30T16:02:35.839Z DEBUG 1 --- [lumo-api] [cat-handler-654] o.s.web.servlet.DispatcherServlet        : GET "/v1/me", parameters={}
lumo-e2e-api  | 2026-09-30T16:02:35.840097801Z 2026-09-30T16:02:35.839Z DEBUG 1 --- [lumo-api] [cat-handler-655] o.s.web.servlet.DispatcherServlet        : GET "/v1/sources", parameters={}
lumo-e2e-api  | 2026-09-30T16:02:35.841297380Z 2026-09-30T16:02:35.841Z DEBUG 1 --- [lumo-api] [cat-handler-657] o.s.web.servlet.DispatcherServlet        : Completed 200 OK
lumo-e2e-api  | 2026-09-30T16:02:35.841329051Z 2026-09-30T16:02:35.841Z DEBUG 1 --- [lumo-api] [cat-handler-656] o.s.web.servlet.DispatcherServlet        : Completed 200 OK
lumo-e2e-api  | 2026-09-30T16:02:35.841336131Z 2026-09-30T16:02:35.841Z DEBUG 1 --- [lumo-api] [cat-handler-654] o.s.web.servlet.DispatcherServlet        : Completed 200 OK
lumo-e2e-api  | 2026-09-30T16:02:35.842522280Z 2026-09-30T16:02:35.842Z DEBUG 1 --- [lumo-api] [cat-handler-655] o.s.web.servlet.DispatcherServlet        : Completed 200 OK
lumo-e2e-api  | 2026-09-30T16:02:35.844122099Z 2026-09-30T16:02:35.843Z DEBUG 1 --- [lumo-api] [cat-handler-658] o.s.web.servlet.DispatcherServlet        : GET "/v1/sources/265d02e2-29da-4aad-b32f-b563e8314487/vod?page=0&size=1", parameters={masked}
lumo-e2e-api  | 2026-09-30T16:02:35.844358210Z 2026-09-30T16:02:35.844Z DEBUG 1 --- [lumo-api] [cat-handler-659] o.s.web.servlet.DispatcherServlet        : GET "/v1/sources/97a12fde-825d-47a3-a853-5277c3d31088/vod?page=0&size=1", parameters={masked}
lumo-e2e-api  | 2026-09-30T16:02:35.846361134Z 2026-09-30T16:02:35.846Z DEBUG 1 --- [lumo-api] [cat-handler-658] o.s.web.servlet.DispatcherServlet        : Completed 200 OK
lumo-e2e-api  | 2026-09-30T16:02:35.846470399Z 2026-09-30T16:02:35.846Z DEBUG 1 --- [lumo-api] [cat-handler-659] o.s.web.servlet.DispatcherServlet        : Completed 200 OK
lumo-e2e-api  | 2026-09-30T16:02:35.882861683Z 2026-09-30T16:02:35.882Z DEBUG 1 --- [lumo-api] [cat-handler-660] o.s.web.servlet.DispatcherServlet        : GET "/v1/me", parameters={}
lumo-e2e-api  | 2026-09-30T16:02:35.882893334Z 2026-09-30T16:02:35.882Z DEBUG 1 --- [lumo-api] [cat-handler-661] o.s.web.servlet.DispatcherServlet        : GET "/v1/sources", parameters={}
lumo-e2e-api  | 2026-09-30T16:02:35.883965335Z 2026-09-30T16:02:35.883Z DEBUG 1 --- [lumo-api] [cat-handler-660] o.s.web.servlet.DispatcherServlet        : Completed 200 OK
lumo-e2e-api  | 2026-09-30T16:02:35.885300823Z 2026-09-30T16:02:35.885Z DEBUG 1 --- [lumo-api] [cat-handler-661] o.s.web.servlet.DispatcherServlet        : Completed 200 OK
lumo-e2e-api  | 2026-09-30T16:02:35.909868708Z 2026-09-30T16:02:35.909Z DEBUG 1 --- [lumo-api] [cat-handler-662] o.s.web.servlet.DispatcherServlet        : DELETE "/v1/me/favorites/a6dd0fbe-70ea-4d61-9c49-01d6e53b523c", parameters={}
lumo-e2e-api  | 2026-09-30T16:02:35.911136014Z 2026-09-30T16:02:35.910Z DEBUG 1 --- [lumo-api] [cat-handler-662] o.s.web.servlet.DispatcherServlet        : Completed 204 NO_CONTENT
lumo-e2e-api  | 2026-09-30T16:02:35.924830015Z 2026-09-30T16:02:35.924Z DEBUG 1 --- [lumo-api] [cat-handler-668] o.s.web.servlet.DispatcherServlet        : GET "/v1/me/favorites", parameters={}
lumo-e2e-api  | 2026-09-30T16:02:35.924861576Z 2026-09-30T16:02:35.924Z DEBUG 1 --- [lumo-api] [cat-handler-664] o.s.web.servlet.DispatcherServlet        : GET "/v1/sources", parameters={}
lumo-e2e-api  | 2026-09-30T16:02:35.924863646Z 2026-09-30T16:02:35.924Z DEBUG 1 --- [lumo-api] [cat-handler-669] o.s.web.servlet.DispatcherServlet        : GET "/v1/me/recent-channels?limit=12", parameters={masked}
lumo-e2e-api  | 2026-09-30T16:02:35.924865066Z 2026-09-30T16:02:35.924Z DEBUG 1 --- [lumo-api] [cat-handler-670] o.s.web.servlet.DispatcherServlet        : GET "/v1/me/favorite-groups", parameters={}
lumo-e2e-api  | 2026-09-30T16:02:35.924866366Z 2026-09-30T16:02:35.924Z DEBUG 1 --- [lumo-api] [cat-handler-665] o.s.web.servlet.DispatcherServlet        : GET "/v1/sources/20c73bc1-31a1-48f4-aa46-4da889a90a72/categories?contentType=LIVE", parameters={masked}
lumo-e2e-api  | 2026-09-30T16:02:35.924867666Z 2026-09-30T16:02:35.924Z DEBUG 1 --- [lumo-api] [cat-handler-666] o.s.web.servlet.DispatcherServlet        : GET "/v1/sources/20c73bc1-31a1-48f4-aa46-4da889a90a72/channels?page=0&size=50", parameters={masked}
lumo-e2e-api  | 2026-09-30T16:02:35.924891337Z 2026-09-30T16:02:35.924Z DEBUG 1 --- [lumo-api] [cat-handler-663] o.s.web.servlet.DispatcherServlet        : GET "/v1/me", parameters={}
lumo-e2e-api  | 2026-09-30T16:02:35.924892817Z 2026-09-30T16:02:35.924Z DEBUG 1 --- [lumo-api] [cat-handler-667] o.s.web.servlet.DispatcherServlet        : GET "/v1/sources/20c73bc1-31a1-48f4-aa46-4da889a90a72", parameters={}
lumo-e2e-api  | 2026-09-30T16:02:35.925898366Z 2026-09-30T16:02:35.925Z DEBUG 1 --- [lumo-api] [cat-handler-670] o.s.web.servlet.DispatcherServlet        : Completed 200 OK
lumo-e2e-api  | 2026-09-30T16:02:35.925914317Z 2026-09-30T16:02:35.925Z DEBUG 1 --- [lumo-api] [cat-handler-663] o.s.web.servlet.DispatcherServlet        : Completed 200 OK
lumo-e2e-api  | 2026-09-30T16:02:35.925954978Z 2026-09-30T16:02:35.925Z DEBUG 1 --- [lumo-api] [cat-handler-669] o.s.web.servlet.DispatcherServlet        : Completed 200 OK
lumo-e2e-api  | 2026-09-30T16:02:35.925957808Z 2026-09-30T16:02:35.925Z DEBUG 1 --- [lumo-api] [cat-handler-668] o.s.web.servlet.DispatcherServlet        : Completed 200 OK
lumo-e2e-api  | 2026-09-30T16:02:35.926591373Z 2026-09-30T16:02:35.926Z DEBUG 1 --- [lumo-api] [cat-handler-665] o.s.web.servlet.DispatcherServlet        : Completed 200 OK
lumo-e2e-api  | 2026-09-30T16:02:35.926660495Z 2026-09-30T16:02:35.926Z DEBUG 1 --- [lumo-api] [cat-handler-666] o.s.web.servlet.DispatcherServlet        : Completed 200 OK
lumo-e2e-api  | 2026-09-30T16:02:35.926665755Z 2026-09-30T16:02:35.926Z DEBUG 1 --- [lumo-api] [cat-handler-664] o.s.web.servlet.DispatcherServlet        : Completed 200 OK
lumo-e2e-api  | 2026-09-30T16:02:35.926816194Z 2026-09-30T16:02:35.926Z DEBUG 1 --- [lumo-api] [cat-handler-667] o.s.web.servlet.DispatcherServlet        : Completed 200 OK
lumo-e2e-api  | 2026-09-30T16:02:35.931223772Z 2026-09-30T16:02:35.930Z DEBUG 1 --- [lumo-api] [cat-handler-671] o.s.web.servlet.DispatcherServlet        : GET "/v1/sources/20c73bc1-31a1-48f4-aa46-4da889a90a72/epg?channelIds=4d619439-2cc9-49b7-af0f-57fb22f95d20&channelIds=a50f046b-88c2-4e67-b8e9-51ae0c0000f0&channelIds=b9985112-160d-48b3-b6b4-63a4f8280f44&channelIds=c041ffb1-0685-4cde-acd0-6beb3bacefe1&channelIds=d84e8a60-4165-4768-be71-6205bb667856&from=2026-09-30T16%3A02%3A04.929Z&to=2026-09-30T19%3A02%3A04.929Z", parameters={masked}
lumo-e2e-api  | 2026-09-30T16:02:35.935376151Z 2026-09-30T16:02:35.935Z DEBUG 1 --- [lumo-api] [cat-handler-671] o.s.web.servlet.DispatcherServlet        : Completed 200 OK
lumo-e2e-api  | 2026-09-30T16:02:35.981576491Z 2026-09-30T16:02:35.981Z DEBUG 1 --- [lumo-api] [cat-handler-672] o.s.web.servlet.DispatcherServlet        : GET "/v1/sources", parameters={}
lumo-e2e-api  | 2026-09-30T16:02:35.984432586Z 2026-09-30T16:02:35.984Z DEBUG 1 --- [lumo-api] [cat-handler-672] o.s.web.servlet.DispatcherServlet        : Completed 200 OK
lumo-e2e-api  | 2026-09-30T16:02:35.987009069Z 2026-09-30T16:02:35.986Z DEBUG 1 --- [lumo-api] [cat-handler-673] o.s.web.servlet.DispatcherServlet        : POST "/v1/sources", parameters={}
lumo-e2e-api  | 2026-09-30T16:02:36.027979583Z 2026-09-30T16:02:36.027Z  INFO 1 --- [lumo-api] [    virtual-770] tv.lumo.api.ingest.IngestionService      : Ingesting source 8f4e11f2-2ce6-46a2-87d9-e39cb68eee80 (M3U_URL)
lumo-e2e-api  | 2026-09-30T16:02:36.028581548Z 2026-09-30T16:02:36.028Z DEBUG 1 --- [lumo-api] [cat-handler-673] o.s.web.servlet.DispatcherServlet        : Completed 202 ACCEPTED
lumo-e2e-api  | 2026-09-30T16:02:36.032776632Z 2026-09-30T16:02:36.032Z  INFO 1 --- [lumo-api] [    virtual-770] tv.lumo.api.ingest.IngestionService      : Source 8f4e11f2-2ce6-46a2-87d9-e39cb68eee80: ingested 5 channel(s) and 0 film(s) from playlist
lumo-e2e-api  | 2026-09-30T16:02:36.033470737Z 2026-09-30T16:02:36.033Z  INFO 1 --- [lumo-api] [    virtual-770] tv.lumo.api.ingest.IngestionService      : Source 8f4e11f2-2ce6-46a2-87d9-e39cb68eee80 is READY
lumo-e2e-api  | 2026-09-30T16:02:36.036765633Z 2026-09-30T16:02:36.036Z DEBUG 1 --- [lumo-api] [cat-handler-675] o.s.web.servlet.DispatcherServlet        : GET "/v1/sources", parameters={}
lumo-e2e-api  | 2026-09-30T16:02:36.036793833Z 2026-09-30T16:02:36.036Z DEBUG 1 --- [lumo-api] [cat-handler-674] o.s.web.servlet.DispatcherServlet        : GET "/v1/me", parameters={}
lumo-e2e-api  | 2026-09-30T16:02:36.036809538Z 2026-09-30T16:02:36.036Z DEBUG 1 --- [lumo-api] [cat-handler-676] o.s.web.servlet.DispatcherServlet        : GET "/v1/sources/8f4e11f2-2ce6-46a2-87d9-e39cb68eee80", parameters={}
lumo-e2e-api  | 2026-09-30T16:02:36.038083724Z 2026-09-30T16:02:36.037Z DEBUG 1 --- [lumo-api] [cat-handler-674] o.s.web.servlet.DispatcherServlet        : Completed 200 OK
lumo-e2e-api  | 2026-09-30T16:02:36.038869813Z 2026-09-30T16:02:36.038Z DEBUG 1 --- [lumo-api] [cat-handler-676] o.s.web.servlet.DispatcherServlet        : Completed 200 OK
lumo-e2e-api  | 2026-09-30T16:02:36.040869766Z 2026-09-30T16:02:36.040Z DEBUG 1 --- [lumo-api] [cat-handler-675] o.s.web.servlet.DispatcherServlet        : Completed 200 OK
lumo-e2e-api  | 2026-09-30T16:02:36.045066977Z 2026-09-30T16:02:36.044Z DEBUG 1 --- [lumo-api] [cat-handler-677] o.s.web.servlet.DispatcherServlet        : GET "/v1/sources/8f4e11f2-2ce6-46a2-87d9-e39cb68eee80/vod?page=0&size=1", parameters={masked}
lumo-e2e-api  | 2026-09-30T16:02:36.045115884Z 2026-09-30T16:02:36.045Z DEBUG 1 --- [lumo-api] [cat-handler-678] o.s.web.servlet.DispatcherServlet        : GET "/v1/me", parameters={}
lumo-e2e-api  | 2026-09-30T16:02:36.045363274Z 2026-09-30T16:02:36.045Z DEBUG 1 --- [lumo-api] [cat-handler-679] o.s.web.servlet.DispatcherServlet        : GET "/v1/sources", parameters={}
lumo-e2e-api  | 2026-09-30T16:02:36.045592145Z 2026-09-30T16:02:36.045Z DEBUG 1 --- [lumo-api] [cat-handler-680] o.s.web.servlet.DispatcherServlet        : GET "/v1/me/entitlement", parameters={}
lumo-e2e-api  | 2026-09-30T16:02:36.045677052Z 2026-09-30T16:02:36.045Z DEBUG 1 --- [lumo-api] [cat-handler-681] o.s.web.servlet.DispatcherServlet        : GET "/v1/me/devices", parameters={}
lumo-e2e-api  | 2026-09-30T16:02:36.046689156Z 2026-09-30T16:02:36.046Z DEBUG 1 --- [lumo-api] [cat-handler-678] o.s.web.servlet.DispatcherServlet        : Completed 200 OK
lumo-e2e-api  | 2026-09-30T16:02:36.046697607Z 2026-09-30T16:02:36.046Z DEBUG 1 --- [lumo-api] [cat-handler-679] o.s.web.servlet.DispatcherServlet        : Completed 200 OK
lumo-e2e-api  | 2026-09-30T16:02:36.047187614Z 2026-09-30T16:02:36.047Z DEBUG 1 --- [lumo-api] [cat-handler-680] o.s.web.servlet.DispatcherServlet        : Completed 200 OK
lumo-e2e-api  | 2026-09-30T16:02:36.047195774Z 2026-09-30T16:02:36.047Z DEBUG 1 --- [lumo-api] [cat-handler-677] o.s.web.servlet.DispatcherServlet        : Completed 200 OK
lumo-e2e-api  | 2026-09-30T16:02:36.047799133Z 2026-09-30T16:02:36.047Z DEBUG 1 --- [lumo-api] [cat-handler-681] o.s.web.servlet.DispatcherServlet        : Completed 200 OK
lumo-e2e-api  | 2026-09-30T16:02:36.050079069Z 2026-09-30T16:02:36.049Z DEBUG 1 --- [lumo-api] [cat-handler-682] o.s.web.servlet.DispatcherServlet        : GET "/v1/sources/20c73bc1-31a1-48f4-aa46-4da889a90a72/vod?page=0&size=1", parameters={masked}
lumo-e2e-api  | 2026-09-30T16:02:36.052575073Z 2026-09-30T16:02:36.052Z DEBUG 1 --- [lumo-api] [cat-handler-682] o.s.web.servlet.DispatcherServlet        : Completed 200 OK
lumo-e2e-api  | 2026-09-30T16:02:36.085276243Z 2026-09-30T16:02:36.085Z DEBUG 1 --- [lumo-api] [cat-handler-686] o.s.web.servlet.DispatcherServlet        : GET "/v1/me/devices", parameters={}
lumo-e2e-api  | 2026-09-30T16:02:36.085309593Z 2026-09-30T16:02:36.085Z DEBUG 1 --- [lumo-api] [cat-handler-684] o.s.web.servlet.DispatcherServlet        : GET "/v1/sources", parameters={}
lumo-e2e-api  | 2026-09-30T16:02:36.085315664Z 2026-09-30T16:02:36.085Z DEBUG 1 --- [lumo-api] [cat-handler-685] o.s.web.servlet.DispatcherServlet        : GET "/v1/me/entitlement", parameters={}
lumo-e2e-api  | 2026-09-30T16:02:36.085601291Z 2026-09-30T16:02:36.085Z DEBUG 1 --- [lumo-api] [cat-handler-683] o.s.web.servlet.DispatcherServlet        : GET "/v1/me", parameters={}
lumo-e2e-api  | 2026-09-30T16:02:36.086470207Z 2026-09-30T16:02:36.086Z DEBUG 1 --- [lumo-api] [cat-handler-683] o.s.web.servlet.DispatcherServlet        : Completed 200 OK
lumo-e2e-api  | 2026-09-30T16:02:36.086612505Z 2026-09-30T16:02:36.086Z DEBUG 1 --- [lumo-api] [cat-handler-686] o.s.web.servlet.DispatcherServlet        : Completed 200 OK
lumo-e2e-api  | 2026-09-30T16:02:36.087054395Z 2026-09-30T16:02:36.086Z DEBUG 1 --- [lumo-api] [cat-handler-685] o.s.web.servlet.DispatcherServlet        : Completed 200 OK
lumo-e2e-api  | 2026-09-30T16:02:36.088426609Z 2026-09-30T16:02:36.088Z DEBUG 1 --- [lumo-api] [cat-handler-684] o.s.web.servlet.DispatcherServlet        : Completed 200 OK
lumo-e2e-api  | 2026-09-30T16:02:36.090141331Z 2026-09-30T16:02:36.089Z DEBUG 1 --- [lumo-api] [cat-handler-687] o.s.web.servlet.DispatcherServlet        : GET "/v1/sources/265d02e2-29da-4aad-b32f-b563e8314487/vod?page=0&size=1", parameters={masked}
lumo-e2e-api  | 2026-09-30T16:02:36.090153981Z 2026-09-30T16:02:36.089Z DEBUG 1 --- [lumo-api] [cat-handler-689] o.s.web.servlet.DispatcherServlet        : GET "/v1/sources/8f4e11f2-2ce6-46a2-87d9-e39cb68eee80/vod?page=0&size=1", parameters={masked}
lumo-e2e-api  | 2026-09-30T16:02:36.090237693Z 2026-09-30T16:02:36.090Z DEBUG 1 --- [lumo-api] [cat-handler-688] o.s.web.servlet.DispatcherServlet        : GET "/v1/sources/97a12fde-825d-47a3-a853-5277c3d31088/vod?page=0&size=1", parameters={masked}
lumo-e2e-api  | 2026-09-30T16:02:36.092179311Z 2026-09-30T16:02:36.091Z DEBUG 1 --- [lumo-api] [cat-handler-689] o.s.web.servlet.DispatcherServlet        : Completed 200 OK
lumo-e2e-api  | 2026-09-30T16:02:36.092211072Z 2026-09-30T16:02:36.092Z DEBUG 1 --- [lumo-api] [cat-handler-687] o.s.web.servlet.DispatcherServlet        : Completed 200 OK
lumo-e2e-api  | 2026-09-30T16:02:36.092890508Z 2026-09-30T16:02:36.092Z DEBUG 1 --- [lumo-api] [cat-handler-688] o.s.web.servlet.DispatcherServlet        : Completed 200 OK
lumo-e2e-api  | 2026-09-30T16:02:36.127655450Z 2026-09-30T16:02:36.127Z DEBUG 1 --- [lumo-api] [cat-handler-692] o.s.web.servlet.DispatcherServlet        : GET "/v1/me/entitlement", parameters={}
lumo-e2e-api  | 2026-09-30T16:02:36.127686941Z 2026-09-30T16:02:36.127Z DEBUG 1 --- [lumo-api] [cat-handler-693] o.s.web.servlet.DispatcherServlet        : GET "/v1/me/devices", parameters={}
lumo-e2e-api  | 2026-09-30T16:02:36.127688741Z 2026-09-30T16:02:36.127Z DEBUG 1 --- [lumo-api] [cat-handler-691] o.s.web.servlet.DispatcherServlet        : GET "/v1/sources", parameters={}
lumo-e2e-api  | 2026-09-30T16:02:36.127797314Z 2026-09-30T16:02:36.127Z DEBUG 1 --- [lumo-api] [cat-handler-690] o.s.web.servlet.DispatcherServlet        : GET "/v1/me", parameters={}
lumo-e2e-api  | 2026-09-30T16:02:36.129205658Z 2026-09-30T16:02:36.129Z DEBUG 1 --- [lumo-api] [cat-handler-692] o.s.web.servlet.DispatcherServlet        : Completed 200 OK
lumo-e2e-api  | 2026-09-30T16:02:36.129226558Z 2026-09-30T16:02:36.129Z DEBUG 1 --- [lumo-api] [cat-handler-693] o.s.web.servlet.DispatcherServlet        : Completed 200 OK
lumo-e2e-api  | 2026-09-30T16:02:36.130244623Z 2026-09-30T16:02:36.130Z DEBUG 1 --- [lumo-api] [cat-handler-690] o.s.web.servlet.DispatcherServlet        : Completed 200 OK
lumo-e2e-api  | 2026-09-30T16:02:36.131169205Z 2026-09-30T16:02:36.130Z DEBUG 1 --- [lumo-api] [cat-handler-691] o.s.web.servlet.DispatcherServlet        : Completed 200 OK
lumo-e2e-api  | 2026-09-30T16:02:36.133077132Z 2026-09-30T16:02:36.132Z DEBUG 1 --- [lumo-api] [cat-handler-694] o.s.web.servlet.DispatcherServlet        : GET "/v1/sources/265d02e2-29da-4aad-b32f-b563e8314487/vod?page=0&size=1", parameters={masked}
lumo-e2e-api  | 2026-09-30T16:02:36.133478887Z 2026-09-30T16:02:36.133Z DEBUG 1 --- [lumo-api] [cat-handler-695] o.s.web.servlet.DispatcherServlet        : GET "/v1/sources/8f4e11f2-2ce6-46a2-87d9-e39cb68eee80/vod?page=0&size=1", parameters={masked}
lumo-e2e-api  | 2026-09-30T16:02:36.135494081Z 2026-09-30T16:02:36.135Z DEBUG 1 --- [lumo-api] [cat-handler-694] o.s.web.servlet.DispatcherServlet        : Completed 200 OK
lumo-e2e-api  | 2026-09-30T16:02:36.135818459Z 2026-09-30T16:02:36.135Z DEBUG 1 --- [lumo-api] [cat-handler-695] o.s.web.servlet.DispatcherServlet        : Completed 200 OK
lumo-e2e-api  | 2026-09-30T16:02:36.136883410Z 2026-09-30T16:02:36.136Z DEBUG 1 --- [lumo-api] [cat-handler-696] o.s.web.servlet.DispatcherServlet        : GET "/v1/sources/97a12fde-825d-47a3-a853-5277c3d31088/vod?page=0&size=1", parameters={masked}
lumo-e2e-api  | 2026-09-30T16:02:36.139119178Z 2026-09-30T16:02:36.138Z DEBUG 1 --- [lumo-api] [cat-handler-696] o.s.web.servlet.DispatcherServlet        : Completed 200 OK
lumo-e2e-api  | 2026-09-30T16:02:36.178768786Z 2026-09-30T16:02:36.178Z DEBUG 1 --- [lumo-api] [cat-handler-698] o.s.web.servlet.DispatcherServlet        : GET "/v1/sources", parameters={}
lumo-e2e-api  | 2026-09-30T16:02:36.178800676Z 2026-09-30T16:02:36.178Z DEBUG 1 --- [lumo-api] [cat-handler-699] o.s.web.servlet.DispatcherServlet        : GET "/v1/sources/20c73bc1-31a1-48f4-aa46-4da889a90a72", parameters={}
lumo-e2e-api  | 2026-09-30T16:02:36.178802706Z 2026-09-30T16:02:36.178Z DEBUG 1 --- [lumo-api] [cat-handler-697] o.s.web.servlet.DispatcherServlet        : GET "/v1/me", parameters={}
lumo-e2e-api  | 2026-09-30T16:02:36.180340648Z 2026-09-30T16:02:36.180Z DEBUG 1 --- [lumo-api] [cat-handler-697] o.s.web.servlet.DispatcherServlet        : Completed 200 OK
lumo-e2e-api  | 2026-09-30T16:02:36.180982139Z 2026-09-30T16:02:36.180Z DEBUG 1 --- [lumo-api] [cat-handler-699] o.s.web.servlet.DispatcherServlet        : Completed 200 OK
lumo-e2e-api  | 2026-09-30T16:02:36.180994679Z 2026-09-30T16:02:36.180Z DEBUG 1 --- [lumo-api] [cat-handler-698] o.s.web.servlet.DispatcherServlet        : Completed 200 OK
lumo-e2e-api  | 2026-09-30T16:02:36.183058104Z 2026-09-30T16:02:36.182Z DEBUG 1 --- [lumo-api] [cat-handler-700] o.s.web.servlet.DispatcherServlet        : GET "/v1/sources/20c73bc1-31a1-48f4-aa46-4da889a90a72/vod?page=0&size=1", parameters={masked}
lumo-e2e-api  | 2026-09-30T16:02:36.185402060Z 2026-09-30T16:02:36.185Z DEBUG 1 --- [lumo-api] [cat-handler-700] o.s.web.servlet.DispatcherServlet        : Completed 200 OK
lumo-e2e-api  | 2026-09-30T16:02:36.259060911Z 2026-09-30T16:02:36.258Z DEBUG 1 --- [lumo-api] [cat-handler-702] o.s.web.servlet.DispatcherServlet        : GET "/v1/sources", parameters={}
lumo-e2e-api  | 2026-09-30T16:02:36.259110393Z 2026-09-30T16:02:36.258Z DEBUG 1 --- [lumo-api] [cat-handler-701] o.s.web.servlet.DispatcherServlet        : GET "/v1/me", parameters={}
lumo-e2e-api  | 2026-09-30T16:02:36.259201375Z 2026-09-30T16:02:36.258Z DEBUG 1 --- [lumo-api] [cat-handler-703] o.s.web.servlet.DispatcherServlet        : GET "/v1/sources/20c73bc1-31a1-48f4-aa46-4da889a90a72", parameters={}
lumo-e2e-api  | 2026-09-30T16:02:36.260320117Z 2026-09-30T16:02:36.260Z DEBUG 1 --- [lumo-api] [cat-handler-701] o.s.web.servlet.DispatcherServlet        : Completed 200 OK
lumo-e2e-api  | 2026-09-30T16:02:36.260930224Z 2026-09-30T16:02:36.260Z DEBUG 1 --- [lumo-api] [cat-handler-702] o.s.web.servlet.DispatcherServlet        : Completed 200 OK
lumo-e2e-api  | 2026-09-30T16:02:36.260939855Z 2026-09-30T16:02:36.260Z DEBUG 1 --- [lumo-api] [cat-handler-703] o.s.web.servlet.DispatcherServlet        : Completed 200 OK
lumo-e2e-api  | 2026-09-30T16:02:36.262533244Z 2026-09-30T16:02:36.262Z DEBUG 1 --- [lumo-api] [cat-handler-704] o.s.web.servlet.DispatcherServlet        : GET "/v1/sources/20c73bc1-31a1-48f4-aa46-4da889a90a72/vod?page=0&size=1", parameters={masked}
lumo-e2e-api  | 2026-09-30T16:02:36.264281314Z 2026-09-30T16:02:36.264Z DEBUG 1 --- [lumo-api] [cat-handler-704] o.s.web.servlet.DispatcherServlet        : Completed 200 OK
lumo-e2e-api  | 2026-09-30T16:02:36.345168707Z 2026-09-30T16:02:36.344Z DEBUG 1 --- [lumo-api] [cat-handler-705] o.s.web.servlet.DispatcherServlet        : DELETE "/v1/sources/20c73bc1-31a1-48f4-aa46-4da889a90a72", parameters={}
lumo-e2e-api  | 2026-09-30T16:02:36.349504425Z 2026-09-30T16:02:36.348Z  INFO 1 --- [lumo-api] [cat-handler-705] tv.lumo.api.source.SourceService         : Source 20c73bc1-31a1-48f4-aa46-4da889a90a72 deleted
lumo-e2e-api  | 2026-09-30T16:02:36.349853624Z 2026-09-30T16:02:36.349Z DEBUG 1 --- [lumo-api] [cat-handler-705] o.s.web.servlet.DispatcherServlet        : Completed 204 NO_CONTENT
lumo-e2e-api  | 2026-09-30T16:02:36.356764818Z 2026-09-30T16:02:36.356Z DEBUG 1 --- [lumo-api] [cat-handler-707] o.s.web.servlet.DispatcherServlet        : GET "/v1/sources", parameters={}
lumo-e2e-api  | 2026-09-30T16:02:36.356798769Z 2026-09-30T16:02:36.356Z DEBUG 1 --- [lumo-api] [cat-handler-708] o.s.web.servlet.DispatcherServlet        : GET "/v1/me/entitlement", parameters={}
lumo-e2e-api  | 2026-09-30T16:02:36.356804119Z 2026-09-30T16:02:36.356Z DEBUG 1 --- [lumo-api] [cat-handler-706] o.s.web.servlet.DispatcherServlet        : GET "/v1/me", parameters={}
lumo-e2e-api  | 2026-09-30T16:02:36.356917269Z 2026-09-30T16:02:36.356Z DEBUG 1 --- [lumo-api] [cat-handler-709] o.s.web.servlet.DispatcherServlet        : GET "/v1/me/devices", parameters={}
lumo-e2e-api  | 2026-09-30T16:02:36.357849522Z 2026-09-30T16:02:36.357Z DEBUG 1 --- [lumo-api] [cat-handler-706] o.s.web.servlet.DispatcherServlet        : Completed 200 OK
lumo-e2e-api  | 2026-09-30T16:02:36.357860842Z 2026-09-30T16:02:36.357Z DEBUG 1 --- [lumo-api] [cat-handler-707] o.s.web.servlet.DispatcherServlet        : Completed 200 OK
lumo-e2e-api  | 2026-09-30T16:02:36.358046572Z 2026-09-30T16:02:36.357Z DEBUG 1 --- [lumo-api] [cat-handler-708] o.s.web.servlet.DispatcherServlet        : Completed 200 OK
lumo-e2e-api  | 2026-09-30T16:02:36.358209206Z 2026-09-30T16:02:36.357Z DEBUG 1 --- [lumo-api] [cat-handler-709] o.s.web.servlet.DispatcherServlet        : Completed 200 OK
lumo-e2e-api  | 2026-09-30T16:02:36.444886809Z 2026-09-30T16:02:36.444Z DEBUG 1 --- [lumo-api] [cat-handler-710] o.s.web.servlet.DispatcherServlet        : GET "/v1/me", parameters={}
lumo-e2e-api  | 2026-09-30T16:02:36.444936330Z 2026-09-30T16:02:36.444Z DEBUG 1 --- [lumo-api] [cat-handler-711] o.s.web.servlet.DispatcherServlet        : GET "/v1/sources", parameters={}
lumo-e2e-api  | 2026-09-30T16:02:36.445897418Z 2026-09-30T16:02:36.445Z DEBUG 1 --- [lumo-api] [cat-handler-710] o.s.web.servlet.DispatcherServlet        : Completed 200 OK
lumo-e2e-api  | 2026-09-30T16:02:36.445913739Z 2026-09-30T16:02:36.445Z DEBUG 1 --- [lumo-api] [cat-handler-711] o.s.web.servlet.DispatcherServlet        : Completed 200 OK
lumo-e2e-api  | 2026-09-30T16:02:36.578545129Z 2026-09-30T16:02:36.578Z DEBUG 1 --- [lumo-api] [cat-handler-712] o.s.web.servlet.DispatcherServlet        : GET "/v1/sources", parameters={}
lumo-e2e-api  | 2026-09-30T16:02:36.579836843Z 2026-09-30T16:02:36.579Z DEBUG 1 --- [lumo-api] [cat-handler-712] o.s.web.servlet.DispatcherServlet        : Completed 200 OK
lumo-e2e-api  | 2026-09-30T16:02:36.581735422Z 2026-09-30T16:02:36.581Z DEBUG 1 --- [lumo-api] [cat-handler-713] o.s.web.servlet.DispatcherServlet        : POST "/v1/sources", parameters={}
lumo-e2e-api  | 2026-09-30T16:02:36.627587823Z 2026-09-30T16:02:36.627Z  INFO 1 --- [lumo-api] [    virtual-811] tv.lumo.api.ingest.IngestionService      : Ingesting source 4466946c-1a98-41c5-acfa-ea87c97e02f1 (M3U_URL)
lumo-e2e-api  | 2026-09-30T16:02:36.627940634Z 2026-09-30T16:02:36.627Z DEBUG 1 --- [lumo-api] [cat-handler-713] o.s.web.servlet.DispatcherServlet        : Completed 202 ACCEPTED
lumo-e2e-api  | 2026-09-30T16:02:36.630562611Z 2026-09-30T16:02:36.630Z  INFO 1 --- [lumo-api] [    virtual-811] tv.lumo.api.ingest.IngestionService      : Ingestion of source 4466946c-1a98-41c5-acfa-ea87c97e02f1 failed: SOURCE_INVALID_FORMAT — The response does not start with #EXTM3U [host=bench, call=playlist, http=200, content-type=text/html; charset=utf-8, content-encoding=absent]
lumo-e2e-api  | 2026-09-30T16:02:36.634173960Z 2026-09-30T16:02:36.633Z DEBUG 1 --- [lumo-api] [cat-handler-714] o.s.web.servlet.DispatcherServlet        : GET "/v1/me", parameters={}
lumo-e2e-api  | 2026-09-30T16:02:36.634197190Z 2026-09-30T16:02:36.633Z DEBUG 1 --- [lumo-api] [cat-handler-716] o.s.web.servlet.DispatcherServlet        : GET "/v1/sources/4466946c-1a98-41c5-acfa-ea87c97e02f1", parameters={}
lumo-e2e-api  | 2026-09-30T16:02:36.634225557Z 2026-09-30T16:02:36.633Z DEBUG 1 --- [lumo-api] [cat-handler-715] o.s.web.servlet.DispatcherServlet        : GET "/v1/sources", parameters={}
lumo-e2e-api  | 2026-09-30T16:02:36.635215091Z 2026-09-30T16:02:36.635Z DEBUG 1 --- [lumo-api] [cat-handler-714] o.s.web.servlet.DispatcherServlet        : Completed 200 OK
lumo-e2e-api  | 2026-09-30T16:02:36.635307561Z 2026-09-30T16:02:36.635Z DEBUG 1 --- [lumo-api] [cat-handler-715] o.s.web.servlet.DispatcherServlet        : Completed 200 OK
lumo-e2e-api  | 2026-09-30T16:02:36.635410146Z 2026-09-30T16:02:36.635Z DEBUG 1 --- [lumo-api] [cat-handler-716] o.s.web.servlet.DispatcherServlet        : Completed 200 OK
lumo-e2e-api  | 2026-09-30T16:02:36.744283244Z 2026-09-30T16:02:36.743Z DEBUG 1 --- [lumo-api] [cat-handler-718] o.s.web.servlet.DispatcherServlet        : GET "/v1/sources", parameters={}
lumo-e2e-api  | 2026-09-30T16:02:36.744308644Z 2026-09-30T16:02:36.743Z DEBUG 1 --- [lumo-api] [cat-handler-717] o.s.web.servlet.DispatcherServlet        : GET "/v1/me", parameters={}
lumo-e2e-api  | 2026-09-30T16:02:36.745821128Z 2026-09-30T16:02:36.745Z DEBUG 1 --- [lumo-api] [cat-handler-718] o.s.web.servlet.DispatcherServlet        : Completed 200 OK
lumo-e2e-api  | 2026-09-30T16:02:36.745848528Z 2026-09-30T16:02:36.745Z DEBUG 1 --- [lumo-api] [cat-handler-717] o.s.web.servlet.DispatcherServlet        : Completed 200 OK
lumo-e2e-api  | 2026-09-30T16:02:36.951198381Z 2026-09-30T16:02:36.950Z DEBUG 1 --- [lumo-api] [cat-handler-719] o.s.web.servlet.DispatcherServlet        : GET "/v1/sources", parameters={}
lumo-e2e-api  | 2026-09-30T16:02:36.952785406Z 2026-09-30T16:02:36.952Z DEBUG 1 --- [lumo-api] [cat-handler-719] o.s.web.servlet.DispatcherServlet        : Completed 200 OK
lumo-e2e-api  | 2026-09-30T16:02:36.955268573Z 2026-09-30T16:02:36.955Z DEBUG 1 --- [lumo-api] [cat-handler-720] o.s.web.servlet.DispatcherServlet        : POST "/v1/sources", parameters={}
lumo-e2e-api  | 2026-09-30T16:02:37.003740709Z 2026-09-30T16:02:37.003Z  INFO 1 --- [lumo-api] [    virtual-819] tv.lumo.api.ingest.IngestionService      : Ingesting source c1ac4404-047e-46dc-a11e-b79ef9ed1a4f (M3U_URL)
lumo-e2e-api  | 2026-09-30T16:02:37.004179205Z 2026-09-30T16:02:37.003Z DEBUG 1 --- [lumo-api] [cat-handler-720] o.s.web.servlet.DispatcherServlet        : Completed 202 ACCEPTED
lumo-e2e-api  | 2026-09-30T16:02:37.011366817Z 2026-09-30T16:02:37.011Z DEBUG 1 --- [lumo-api] [cat-handler-722] o.s.web.servlet.DispatcherServlet        : GET "/v1/sources", parameters={}
lumo-e2e-api  | 2026-09-30T16:02:37.011395547Z 2026-09-30T16:02:37.011Z DEBUG 1 --- [lumo-api] [cat-handler-723] o.s.web.servlet.DispatcherServlet        : GET "/v1/sources/c1ac4404-047e-46dc-a11e-b79ef9ed1a4f", parameters={}
lumo-e2e-api  | 2026-09-30T16:02:37.011397667Z 2026-09-30T16:02:37.011Z DEBUG 1 --- [lumo-api] [cat-handler-721] o.s.web.servlet.DispatcherServlet        : GET "/v1/me", parameters={}
lumo-e2e-api  | 2026-09-30T16:02:37.012406215Z 2026-09-30T16:02:37.012Z DEBUG 1 --- [lumo-api] [cat-handler-722] o.s.web.servlet.DispatcherServlet        : Completed 200 OK
lumo-e2e-api  | 2026-09-30T16:02:37.012539775Z 2026-09-30T16:02:37.012Z DEBUG 1 --- [lumo-api] [cat-handler-723] o.s.web.servlet.DispatcherServlet        : Completed 200 OK
lumo-e2e-api  | 2026-09-30T16:02:37.012551945Z 2026-09-30T16:02:37.012Z DEBUG 1 --- [lumo-api] [cat-handler-721] o.s.web.servlet.DispatcherServlet        : Completed 200 OK
lumo-e2e-api  | 2026-09-30T16:02:37.241922631Z 2026-09-30T16:02:37.241Z  INFO 1 --- [lumo-api] [    virtual-819] tv.lumo.api.ingest.IngestionService      : Ingestion of source c1ac4404-047e-46dc-a11e-b79ef9ed1a4f failed: SOURCE_TOO_LARGE — Payload exceeds the 200 MB ingestion limit
lumo-e2e-api  | 2026-09-30T16:02:37.583307779Z 2026-09-30T16:02:37.583Z DEBUG 1 --- [lumo-api] [cat-handler-724] o.s.web.servlet.DispatcherServlet        : GET "/v1/me", parameters={}
lumo-e2e-api  | 2026-09-30T16:02:37.583335149Z 2026-09-30T16:02:37.583Z DEBUG 1 --- [lumo-api] [cat-handler-726] o.s.web.servlet.DispatcherServlet        : GET "/v1/sources/ef1b808c-58af-4a15-b60d-530528c106a9", parameters={}
lumo-e2e-api  | 2026-09-30T16:02:37.583339569Z 2026-09-30T16:02:37.583Z DEBUG 1 --- [lumo-api] [cat-handler-725] o.s.web.servlet.DispatcherServlet        : GET "/v1/sources", parameters={}
lumo-e2e-api  | 2026-09-30T16:02:37.585448840Z 2026-09-30T16:02:37.585Z DEBUG 1 --- [lumo-api] [cat-handler-724] o.s.web.servlet.DispatcherServlet        : Completed 200 OK
lumo-e2e-api  | 2026-09-30T16:02:37.585879004Z 2026-09-30T16:02:37.585Z DEBUG 1 --- [lumo-api] [cat-handler-726] o.s.web.servlet.DispatcherServlet        : Completed 200 OK
lumo-e2e-api  | 2026-09-30T16:02:37.587142775Z 2026-09-30T16:02:37.586Z DEBUG 1 --- [lumo-api] [cat-handler-725] o.s.web.servlet.DispatcherServlet        : Completed 200 OK
lumo-e2e-api  | 2026-09-30T16:02:37.588707239Z 2026-09-30T16:02:37.588Z DEBUG 1 --- [lumo-api] [cat-handler-727] o.s.web.servlet.DispatcherServlet        : GET "/v1/sources/ef1b808c-58af-4a15-b60d-530528c106a9/vod?page=0&size=1", parameters={masked}
lumo-e2e-api  | 2026-09-30T16:02:37.591280293Z 2026-09-30T16:02:37.591Z DEBUG 1 --- [lumo-api] [cat-handler-727] o.s.web.servlet.DispatcherServlet        : Completed 200 OK
lumo-e2e-api  | 2026-09-30T16:02:37.711407009Z 2026-09-30T16:02:37.711Z DEBUG 1 --- [lumo-api] [cat-handler-731] o.s.web.servlet.DispatcherServlet        : GET "/v1/me/devices", parameters={}
lumo-e2e-api  | 2026-09-30T16:02:37.711438789Z 2026-09-30T16:02:37.711Z DEBUG 1 --- [lumo-api] [cat-handler-729] o.s.web.servlet.DispatcherServlet        : GET "/v1/sources", parameters={}
lumo-e2e-api  | 2026-09-30T16:02:37.711463382Z 2026-09-30T16:02:37.711Z DEBUG 1 --- [lumo-api] [cat-handler-728] o.s.web.servlet.DispatcherServlet        : GET "/v1/me", parameters={}
lumo-e2e-api  | 2026-09-30T16:02:37.711568160Z 2026-09-30T16:02:37.711Z DEBUG 1 --- [lumo-api] [cat-handler-730] o.s.web.servlet.DispatcherServlet        : GET "/v1/me/entitlement", parameters={}
lumo-e2e-api  | 2026-09-30T16:02:37.712562753Z 2026-09-30T16:02:37.712Z DEBUG 1 --- [lumo-api] [cat-handler-728] o.s.web.servlet.DispatcherServlet        : Completed 200 OK
lumo-e2e-api  | 2026-09-30T16:02:37.712754883Z 2026-09-30T16:02:37.712Z DEBUG 1 --- [lumo-api] [cat-handler-730] o.s.web.servlet.DispatcherServlet        : Completed 200 OK
lumo-e2e-api  | 2026-09-30T16:02:37.713103570Z 2026-09-30T16:02:37.712Z DEBUG 1 --- [lumo-api] [cat-handler-729] o.s.web.servlet.DispatcherServlet        : Completed 200 OK
lumo-e2e-api  | 2026-09-30T16:02:37.713243415Z 2026-09-30T16:02:37.713Z DEBUG 1 --- [lumo-api] [cat-handler-731] o.s.web.servlet.DispatcherServlet        : Completed 200 OK
lumo-e2e-api  | 2026-09-30T16:02:37.715110231Z 2026-09-30T16:02:37.714Z DEBUG 1 --- [lumo-api] [cat-handler-732] o.s.web.servlet.DispatcherServlet        : GET "/v1/sources/ef1b808c-58af-4a15-b60d-530528c106a9/vod?page=0&size=1", parameters={masked}
lumo-e2e-api  | 2026-09-30T16:02:37.716781966Z 2026-09-30T16:02:37.716Z DEBUG 1 --- [lumo-api] [cat-handler-732] o.s.web.servlet.DispatcherServlet        : Completed 200 OK
lumo-e2e-api  | 2026-09-30T16:02:37.797600349Z 2026-09-30T16:02:37.796Z DEBUG 1 --- [lumo-api] [cat-handler-733] o.s.web.servlet.DispatcherServlet        : GET "/v1/me", parameters={}
lumo-e2e-api  | 2026-09-30T16:02:37.797628239Z 2026-09-30T16:02:37.796Z DEBUG 1 --- [lumo-api] [cat-handler-735] o.s.web.servlet.DispatcherServlet        : GET "/v1/sources", parameters={}
lumo-e2e-api  | 2026-09-30T16:02:37.797630069Z 2026-09-30T16:02:37.796Z DEBUG 1 --- [lumo-api] [cat-handler-734] o.s.web.servlet.DispatcherServlet        : GET "/v1/sources/ef1b808c-58af-4a15-b60d-530528c106a9", parameters={}
lumo-e2e-api  | 2026-09-30T16:02:37.797955503Z 2026-09-30T16:02:37.797Z DEBUG 1 --- [lumo-api] [cat-handler-733] o.s.web.servlet.DispatcherServlet        : Completed 200 OK
lumo-e2e-api  | 2026-09-30T16:02:37.798823622Z 2026-09-30T16:02:37.798Z DEBUG 1 --- [lumo-api] [cat-handler-735] o.s.web.servlet.DispatcherServlet        : Completed 200 OK
lumo-e2e-api  | 2026-09-30T16:02:37.798865265Z 2026-09-30T16:02:37.798Z DEBUG 1 --- [lumo-api] [cat-handler-734] o.s.web.servlet.DispatcherServlet        : Completed 200 OK
lumo-e2e-api  | 2026-09-30T16:02:37.803846943Z 2026-09-30T16:02:37.803Z DEBUG 1 --- [lumo-api] [cat-handler-736] o.s.web.servlet.DispatcherServlet        : GET "/v1/sources/ef1b808c-58af-4a15-b60d-530528c106a9/vod?page=0&size=1", parameters={masked}
lumo-e2e-api  | 2026-09-30T16:02:37.806010059Z 2026-09-30T16:02:37.805Z DEBUG 1 --- [lumo-api] [cat-handler-736] o.s.web.servlet.DispatcherServlet        : Completed 200 OK
lumo-e2e-api  | 2026-09-30T16:02:37.860104246Z 2026-09-30T16:02:37.859Z DEBUG 1 --- [lumo-api] [cat-handler-739] o.s.web.servlet.DispatcherServlet        : GET "/v1/sources/ef1b808c-58af-4a15-b60d-530528c106a9/categories?contentType=LIVE", parameters={masked}
lumo-e2e-api  | 2026-09-30T16:02:37.860138456Z 2026-09-30T16:02:37.859Z DEBUG 1 --- [lumo-api] [cat-handler-741] o.s.web.servlet.DispatcherServlet        : GET "/v1/sources/ef1b808c-58af-4a15-b60d-530528c106a9", parameters={}
lumo-e2e-api  | 2026-09-30T16:02:37.860142756Z 2026-09-30T16:02:37.859Z DEBUG 1 --- [lumo-api] [cat-handler-738] o.s.web.servlet.DispatcherServlet        : GET "/v1/sources", parameters={}
lumo-e2e-api  | 2026-09-30T16:02:37.860144576Z 2026-09-30T16:02:37.859Z DEBUG 1 --- [lumo-api] [cat-handler-740] o.s.web.servlet.DispatcherServlet        : GET "/v1/sources/ef1b808c-58af-4a15-b60d-530528c106a9/channels?page=0&size=50", parameters={masked}
lumo-e2e-api  | 2026-09-30T16:02:37.860229302Z 2026-09-30T16:02:37.860Z DEBUG 1 --- [lumo-api] [cat-handler-743] o.s.web.servlet.DispatcherServlet        : GET "/v1/me/recent-channels?limit=12", parameters={masked}
lumo-e2e-api  | 2026-09-30T16:02:37.860290057Z 2026-09-30T16:02:37.859Z DEBUG 1 --- [lumo-api] [cat-handler-742] o.s.web.servlet.DispatcherServlet        : GET "/v1/me/favorites", parameters={}
lumo-e2e-api  | 2026-09-30T16:02:37.860297377Z 2026-09-30T16:02:37.859Z DEBUG 1 --- [lumo-api] [cat-handler-737] o.s.web.servlet.DispatcherServlet        : GET "/v1/me", parameters={}
lumo-e2e-api  | 2026-09-30T16:02:37.860376822Z 2026-09-30T16:02:37.860Z DEBUG 1 --- [lumo-api] [cat-handler-744] o.s.web.servlet.DispatcherServlet        : GET "/v1/me/favorite-groups", parameters={}
lumo-e2e-api  | 2026-09-30T16:02:37.861605971Z 2026-09-30T16:02:37.861Z DEBUG 1 --- [lumo-api] [cat-handler-743] o.s.web.servlet.DispatcherServlet        : Completed 200 OK
lumo-e2e-api  | 2026-09-30T16:02:37.861613801Z 2026-09-30T16:02:37.861Z DEBUG 1 --- [lumo-api] [cat-handler-744] o.s.web.servlet.DispatcherServlet        : Completed 200 OK
lumo-e2e-api  | 2026-09-30T16:02:37.861615491Z 2026-09-30T16:02:37.861Z DEBUG 1 --- [lumo-api] [cat-handler-742] o.s.web.servlet.DispatcherServlet        : Completed 200 OK
lumo-e2e-api  | 2026-09-30T16:02:37.861616831Z 2026-09-30T16:02:37.861Z DEBUG 1 --- [lumo-api] [cat-handler-737] o.s.web.servlet.DispatcherServlet        : Completed 200 OK
lumo-e2e-api  | 2026-09-30T16:02:37.861617941Z 2026-09-30T16:02:37.861Z DEBUG 1 --- [lumo-api] [cat-handler-738] o.s.web.servlet.DispatcherServlet        : Completed 200 OK
lumo-e2e-api  | 2026-09-30T16:02:37.861986617Z 2026-09-30T16:02:37.861Z DEBUG 1 --- [lumo-api] [cat-handler-739] o.s.web.servlet.DispatcherServlet        : Completed 200 OK
lumo-e2e-api  | 2026-09-30T16:02:37.861995237Z 2026-09-30T16:02:37.861Z DEBUG 1 --- [lumo-api] [cat-handler-740] o.s.web.servlet.DispatcherServlet        : Completed 200 OK
lumo-e2e-api  | 2026-09-30T16:02:37.862016502Z 2026-09-30T16:02:37.861Z DEBUG 1 --- [lumo-api] [cat-handler-741] o.s.web.servlet.DispatcherServlet        : Completed 200 OK
lumo-e2e-api  | 2026-09-30T16:02:37.866977447Z 2026-09-30T16:02:37.866Z DEBUG 1 --- [lumo-api] [cat-handler-745] o.s.web.servlet.DispatcherServlet        : GET "/v1/sources/ef1b808c-58af-4a15-b60d-530528c106a9/epg?channelIds=f0cb11ad-6bd9-4997-8b56-1eb674a613c1&channelIds=0c1e212a-a224-4b94-bbe2-1efb7e0215a4&channelIds=64cc7deb-3c7b-4e50-848d-f26c3c93ecef&channelIds=236dc742-eedc-4e93-b0cd-9fcc248b96be&channelIds=d611038b-03f6-47fe-a70b-8aff075321be&from=2026-09-30T16%3A02%3A04.929Z&to=2026-09-30T19%3A02%3A04.929Z", parameters={masked}
lumo-e2e-api  | 2026-09-30T16:02:37.870980634Z 2026-09-30T16:02:37.870Z DEBUG 1 --- [lumo-api] [cat-handler-745] o.s.web.servlet.DispatcherServlet        : Completed 200 OK
lumo-e2e-api  | 2026-09-30T16:02:37.888572102Z 2026-09-30T16:02:37.888Z DEBUG 1 --- [lumo-api] [cat-handler-751] o.s.web.servlet.DispatcherServlet        : GET "/v1/me/favorites", parameters={}
lumo-e2e-api  | 2026-09-30T16:02:37.888606212Z 2026-09-30T16:02:37.888Z DEBUG 1 --- [lumo-api] [cat-handler-753] o.s.web.servlet.DispatcherServlet        : GET "/v1/me/favorite-groups", parameters={}
lumo-e2e-api  | 2026-09-30T16:02:37.888608472Z 2026-09-30T16:02:37.888Z DEBUG 1 --- [lumo-api] [cat-handler-749] o.s.web.servlet.DispatcherServlet        : GET "/v1/sources/ef1b808c-58af-4a15-b60d-530528c106a9/channels?page=0&size=50", parameters={masked}
lumo-e2e-api  | 2026-09-30T16:02:37.888610352Z 2026-09-30T16:02:37.888Z DEBUG 1 --- [lumo-api] [cat-handler-748] o.s.web.servlet.DispatcherServlet        : GET "/v1/sources", parameters={}
lumo-e2e-api  | 2026-09-30T16:02:37.888611702Z 2026-09-30T16:02:37.888Z DEBUG 1 --- [lumo-api] [cat-handler-750] o.s.web.servlet.DispatcherServlet        : GET "/v1/sources/ef1b808c-58af-4a15-b60d-530528c106a9", parameters={}
lumo-e2e-api  | 2026-09-30T16:02:37.888612902Z 2026-09-30T16:02:37.888Z DEBUG 1 --- [lumo-api] [cat-handler-747] o.s.web.servlet.DispatcherServlet        : GET "/v1/sources/ef1b808c-58af-4a15-b60d-530528c106a9/categories?contentType=LIVE", parameters={masked}
lumo-e2e-api  | 2026-09-30T16:02:37.888727752Z 2026-09-30T16:02:37.888Z DEBUG 1 --- [lumo-api] [cat-handler-752] o.s.web.servlet.DispatcherServlet        : GET "/v1/me/recent-channels?limit=12", parameters={masked}
lumo-e2e-api  | 2026-09-30T16:02:37.888738922Z 2026-09-30T16:02:37.888Z DEBUG 1 --- [lumo-api] [cat-handler-746] o.s.web.servlet.DispatcherServlet        : GET "/v1/me", parameters={}
lumo-e2e-api  | 2026-09-30T16:02:37.889673910Z 2026-09-30T16:02:37.889Z DEBUG 1 --- [lumo-api] [cat-handler-753] o.s.web.servlet.DispatcherServlet        : Completed 200 OK
lumo-e2e-api  | 2026-09-30T16:02:37.889685070Z 2026-09-30T16:02:37.889Z DEBUG 1 --- [lumo-api] [cat-handler-751] o.s.web.servlet.DispatcherServlet        : Completed 200 OK
lumo-e2e-api  | 2026-09-30T16:02:37.889686820Z 2026-09-30T16:02:37.889Z DEBUG 1 --- [lumo-api] [cat-handler-752] o.s.web.servlet.DispatcherServlet        : Completed 200 OK
lumo-e2e-api  | 2026-09-30T16:02:37.889935006Z 2026-09-30T16:02:37.889Z DEBUG 1 --- [lumo-api] [cat-handler-750] o.s.web.servlet.DispatcherServlet        : Completed 200 OK
lumo-e2e-api  | 2026-09-30T16:02:37.889948666Z 2026-09-30T16:02:37.889Z DEBUG 1 --- [lumo-api] [cat-handler-748] o.s.web.servlet.DispatcherServlet        : Completed 200 OK
lumo-e2e-api  | 2026-09-30T16:02:37.890065421Z 2026-09-30T16:02:37.889Z DEBUG 1 --- [lumo-api] [cat-handler-746] o.s.web.servlet.DispatcherServlet        : Completed 200 OK
lumo-e2e-api  | 2026-09-30T16:02:37.890078332Z 2026-09-30T16:02:37.890Z DEBUG 1 --- [lumo-api] [cat-handler-747] o.s.web.servlet.DispatcherServlet        : Completed 200 OK
lumo-e2e-api  | 2026-09-30T16:02:37.890563988Z 2026-09-30T16:02:37.890Z DEBUG 1 --- [lumo-api] [cat-handler-749] o.s.web.servlet.DispatcherServlet        : Completed 200 OK
lumo-e2e-api  | 2026-09-30T16:02:37.894189035Z 2026-09-30T16:02:37.893Z DEBUG 1 --- [lumo-api] [cat-handler-754] o.s.web.servlet.DispatcherServlet        : GET "/v1/sources/ef1b808c-58af-4a15-b60d-530528c106a9/epg?channelIds=f0cb11ad-6bd9-4997-8b56-1eb674a613c1&channelIds=0c1e212a-a224-4b94-bbe2-1efb7e0215a4&channelIds=64cc7deb-3c7b-4e50-848d-f26c3c93ecef&channelIds=236dc742-eedc-4e93-b0cd-9fcc248b96be&channelIds=d611038b-03f6-47fe-a70b-8aff075321be&from=2026-09-29T22%3A00%3A00.000Z&to=2026-09-30T22%3A00%3A00.000Z", parameters={masked}
lumo-e2e-api  | 2026-09-30T16:02:37.900049366Z 2026-09-30T16:02:37.899Z DEBUG 1 --- [lumo-api] [cat-handler-754] o.s.web.servlet.DispatcherServlet        : Completed 200 OK
lumo-e2e-api  | 2026-09-30T16:02:38.031779713Z 2026-09-30T16:02:38.031Z DEBUG 1 --- [lumo-api] [cat-handler-757] o.s.web.servlet.DispatcherServlet        : GET "/v1/sources/ef1b808c-58af-4a15-b60d-530528c106a9/categories?contentType=LIVE", parameters={masked}
lumo-e2e-api  | 2026-09-30T16:02:38.031833443Z 2026-09-30T16:02:38.031Z DEBUG 1 --- [lumo-api] [cat-handler-759] o.s.web.servlet.DispatcherServlet        : GET "/v1/sources/ef1b808c-58af-4a15-b60d-530528c106a9", parameters={}
lumo-e2e-api  | 2026-09-30T16:02:38.031838403Z 2026-09-30T16:02:38.031Z DEBUG 1 --- [lumo-api] [cat-handler-760] o.s.web.servlet.DispatcherServlet        : GET "/v1/me/favorites", parameters={}
lumo-e2e-api  | 2026-09-30T16:02:38.031840083Z 2026-09-30T16:02:38.031Z DEBUG 1 --- [lumo-api] [cat-handler-755] o.s.web.servlet.DispatcherServlet        : GET "/v1/me", parameters={}
lumo-e2e-api  | 2026-09-30T16:02:38.031845353Z 2026-09-30T16:02:38.031Z DEBUG 1 --- [lumo-api] [cat-handler-756] o.s.web.servlet.DispatcherServlet        : GET "/v1/sources", parameters={}
lumo-e2e-api  | 2026-09-30T16:02:38.031897983Z 2026-09-30T16:02:38.031Z DEBUG 1 --- [lumo-api] [cat-handler-758] o.s.web.servlet.DispatcherServlet        : GET "/v1/sources/ef1b808c-58af-4a15-b60d-530528c106a9/channels?page=0&size=50", parameters={masked}
lumo-e2e-api  | 2026-09-30T16:02:38.031987653Z 2026-09-30T16:02:38.031Z DEBUG 1 --- [lumo-api] [cat-handler-761] o.s.web.servlet.DispatcherServlet        : GET "/v1/me/recent-channels?limit=12", parameters={masked}
lumo-e2e-api  | 2026-09-30T16:02:38.032512980Z 2026-09-30T16:02:38.032Z DEBUG 1 --- [lumo-api] [cat-handler-762] o.s.web.servlet.DispatcherServlet        : GET "/v1/me", parameters={}
lumo-e2e-api  | 2026-09-30T16:02:38.048134118Z 2026-09-30T16:02:38.032Z DEBUG 1 --- [lumo-api] [cat-handler-761] o.s.web.servlet.DispatcherServlet        : Completed 200 OK
lumo-e2e-api  | 2026-09-30T16:02:38.048193998Z 2026-09-30T16:02:38.032Z DEBUG 1 --- [lumo-api] [cat-handler-762] o.s.web.servlet.DispatcherServlet        : Completed 200 OK
lumo-e2e-api  | 2026-09-30T16:02:38.048196328Z 2026-09-30T16:02:38.032Z DEBUG 1 --- [lumo-api] [cat-handler-760] o.s.web.servlet.DispatcherServlet        : Completed 200 OK
lumo-e2e-api  | 2026-09-30T16:02:38.048197778Z 2026-09-30T16:02:38.032Z DEBUG 1 --- [lumo-api] [cat-handler-755] o.s.web.servlet.DispatcherServlet        : Completed 200 OK
lumo-e2e-api  | 2026-09-30T16:02:38.048198928Z 2026-09-30T16:02:38.033Z DEBUG 1 --- [lumo-api] [cat-handler-759] o.s.web.servlet.DispatcherServlet        : Completed 200 OK
lumo-e2e-api  | 2026-09-30T16:02:38.048199948Z 2026-09-30T16:02:38.033Z DEBUG 1 --- [lumo-api] [cat-handler-757] o.s.web.servlet.DispatcherServlet        : Completed 200 OK
lumo-e2e-api  | 2026-09-30T16:02:38.048200958Z 2026-09-30T16:02:38.033Z DEBUG 1 --- [lumo-api] [cat-handler-763] o.s.web.servlet.DispatcherServlet        : GET "/v1/sources", parameters={}
lumo-e2e-api  | 2026-09-30T16:02:38.048202218Z 2026-09-30T16:02:38.033Z DEBUG 1 --- [lumo-api] [cat-handler-756] o.s.web.servlet.DispatcherServlet        : Completed 200 OK
lumo-e2e-api  | 2026-09-30T16:02:38.048216728Z 2026-09-30T16:02:38.033Z DEBUG 1 --- [lumo-api] [cat-handler-758] o.s.web.servlet.DispatcherServlet        : Completed 200 OK
lumo-e2e-api  | 2026-09-30T16:02:38.048218008Z 2026-09-30T16:02:38.033Z DEBUG 1 --- [lumo-api] [cat-handler-764] o.s.web.servlet.DispatcherServlet        : GET "/v1/me/favorite-groups", parameters={}
lumo-e2e-api  | 2026-09-30T16:02:38.048219158Z 2026-09-30T16:02:38.034Z DEBUG 1 --- [lumo-api] [cat-handler-765] o.s.web.servlet.DispatcherServlet        : GET "/v1/sources/128f7716-c6f4-45ed-9f25-6a4c3c4035e2", parameters={}
lumo-e2e-api  | 2026-09-30T16:02:38.048220258Z 2026-09-30T16:02:38.034Z DEBUG 1 --- [lumo-api] [cat-handler-764] o.s.web.servlet.DispatcherServlet        : Completed 200 OK
lumo-e2e-api  | 2026-09-30T16:02:38.048221268Z 2026-09-30T16:02:38.034Z DEBUG 1 --- [lumo-api] [cat-handler-763] o.s.web.servlet.DispatcherServlet        : Completed 200 OK
lumo-e2e-api  | 2026-09-30T16:02:38.048222408Z 2026-09-30T16:02:38.035Z DEBUG 1 --- [lumo-api] [cat-handler-765] o.s.web.servlet.DispatcherServlet        : Completed 200 OK
lumo-e2e-api  | 2026-09-30T16:02:38.048225788Z 2026-09-30T16:02:38.038Z DEBUG 1 --- [lumo-api] [cat-handler-766] o.s.web.servlet.DispatcherServlet        : GET "/v1/sources/ef1b808c-58af-4a15-b60d-530528c106a9/epg?channelIds=f0cb11ad-6bd9-4997-8b56-1eb674a613c1&channelIds=0c1e212a-a224-4b94-bbe2-1efb7e0215a4&channelIds=64cc7deb-3c7b-4e50-848d-f26c3c93ecef&channelIds=236dc742-eedc-4e93-b0cd-9fcc248b96be&channelIds=d611038b-03f6-47fe-a70b-8aff075321be&from=2026-09-29T22%3A00%3A00.000Z&to=2026-09-30T22%3A00%3A00.000Z", parameters={masked}
lumo-e2e-api  | 2026-09-30T16:02:38.048229398Z 2026-09-30T16:02:38.038Z DEBUG 1 --- [lumo-api] [cat-handler-767] o.s.web.servlet.DispatcherServlet        : GET "/v1/sources/128f7716-c6f4-45ed-9f25-6a4c3c4035e2/vod?page=0&size=1", parameters={masked}
lumo-e2e-api  | 2026-09-30T16:02:38.048230648Z 2026-09-30T16:02:38.040Z DEBUG 1 --- [lumo-api] [cat-handler-767] o.s.web.servlet.DispatcherServlet        : Completed 200 OK
lumo-e2e-api  | 2026-09-30T16:02:38.048231808Z 2026-09-30T16:02:38.042Z DEBUG 1 --- [lumo-api] [cat-handler-766] o.s.web.servlet.DispatcherServlet        : Completed 200 OK
lumo-e2e-api  | 2026-09-30T16:02:38.227186891Z 2026-09-30T16:02:38.226Z DEBUG 1 --- [lumo-api] [cat-handler-772] o.s.web.servlet.DispatcherServlet        : GET "/v1/sources/ef1b808c-58af-4a15-b60d-530528c106a9", parameters={}
lumo-e2e-api  | 2026-09-30T16:02:38.227221001Z 2026-09-30T16:02:38.226Z DEBUG 1 --- [lumo-api] [cat-handler-768] o.s.web.servlet.DispatcherServlet        : GET "/v1/me", parameters={}
lumo-e2e-api  | 2026-09-30T16:02:38.227232961Z 2026-09-30T16:02:38.226Z DEBUG 1 --- [lumo-api] [cat-handler-769] o.s.web.servlet.DispatcherServlet        : GET "/v1/sources", parameters={}
lumo-e2e-api  | 2026-09-30T16:02:38.227313601Z 2026-09-30T16:02:38.226Z DEBUG 1 --- [lumo-api] [cat-handler-771] o.s.web.servlet.DispatcherServlet        : GET "/v1/sources/ef1b808c-58af-4a15-b60d-530528c106a9/channels?page=0&size=50", parameters={masked}
lumo-e2e-api  | 2026-09-30T16:02:38.227369642Z 2026-09-30T16:02:38.226Z DEBUG 1 --- [lumo-api] [cat-handler-773] o.s.web.servlet.DispatcherServlet        : GET "/v1/me/favorites", parameters={}
lumo-e2e-api  | 2026-09-30T16:02:38.227377562Z 2026-09-30T16:02:38.227Z DEBUG 1 --- [lumo-api] [cat-handler-775] o.s.web.servlet.DispatcherServlet        : GET "/v1/me/favorite-groups", parameters={}
lumo-e2e-api  | 2026-09-30T16:02:38.227644108Z 2026-09-30T16:02:38.226Z DEBUG 1 --- [lumo-api] [cat-handler-770] o.s.web.servlet.DispatcherServlet        : GET "/v1/sources/ef1b808c-58af-4a15-b60d-530528c106a9/categories?contentType=LIVE", parameters={masked}
lumo-e2e-api  | 2026-09-30T16:02:38.227664988Z 2026-09-30T16:02:38.227Z DEBUG 1 --- [lumo-api] [cat-handler-774] o.s.web.servlet.DispatcherServlet        : GET "/v1/me/recent-channels?limit=12", parameters={masked}
lumo-e2e-api  | 2026-09-30T16:02:38.228141259Z 2026-09-30T16:02:38.228Z DEBUG 1 --- [lumo-api] [cat-handler-768] o.s.web.servlet.DispatcherServlet        : Completed 200 OK
lumo-e2e-api  | 2026-09-30T16:02:38.228429355Z 2026-09-30T16:02:38.228Z DEBUG 1 --- [lumo-api] [cat-handler-775] o.s.web.servlet.DispatcherServlet        : Completed 200 OK
lumo-e2e-api  | 2026-09-30T16:02:38.228446455Z 2026-09-30T16:02:38.228Z DEBUG 1 --- [lumo-api] [cat-handler-774] o.s.web.servlet.DispatcherServlet        : Completed 200 OK
lumo-e2e-api  | 2026-09-30T16:02:38.228448155Z 2026-09-30T16:02:38.228Z DEBUG 1 --- [lumo-api] [cat-handler-773] o.s.web.servlet.DispatcherServlet        : Completed 200 OK
lumo-e2e-api  | 2026-09-30T16:02:38.228697181Z 2026-09-30T16:02:38.228Z DEBUG 1 --- [lumo-api] [cat-handler-769] o.s.web.servlet.DispatcherServlet        : Completed 200 OK
lumo-e2e-api  | 2026-09-30T16:02:38.228704351Z 2026-09-30T16:02:38.228Z DEBUG 1 --- [lumo-api] [cat-handler-772] o.s.web.servlet.DispatcherServlet        : Completed 200 OK
lumo-e2e-api  | 2026-09-30T16:02:38.229548833Z 2026-09-30T16:02:38.229Z DEBUG 1 --- [lumo-api] [cat-handler-771] o.s.web.servlet.DispatcherServlet        : Completed 200 OK
lumo-e2e-api  | 2026-09-30T16:02:38.230329685Z 2026-09-30T16:02:38.230Z DEBUG 1 --- [lumo-api] [cat-handler-770] o.s.web.servlet.DispatcherServlet        : Completed 200 OK
lumo-e2e-api  | 2026-09-30T16:02:38.232658717Z 2026-09-30T16:02:38.232Z DEBUG 1 --- [lumo-api] [cat-handler-776] o.s.web.servlet.DispatcherServlet        : GET "/v1/sources/ef1b808c-58af-4a15-b60d-530528c106a9/epg?channelIds=f0cb11ad-6bd9-4997-8b56-1eb674a613c1&channelIds=0c1e212a-a224-4b94-bbe2-1efb7e0215a4&channelIds=64cc7deb-3c7b-4e50-848d-f26c3c93ecef&channelIds=236dc742-eedc-4e93-b0cd-9fcc248b96be&channelIds=d611038b-03f6-47fe-a70b-8aff075321be&from=2026-09-29T22%3A00%3A00.000Z&to=2026-09-30T22%3A00%3A00.000Z", parameters={masked}
lumo-e2e-api  | 2026-09-30T16:02:38.238194714Z 2026-09-30T16:02:38.237Z DEBUG 1 --- [lumo-api] [cat-handler-776] o.s.web.servlet.DispatcherServlet        : Completed 200 OK
lumo-e2e-api  | 2026-09-30T16:02:38.298295634Z 2026-09-30T16:02:38.297Z DEBUG 1 --- [lumo-api] [cat-handler-780] o.s.web.servlet.DispatcherServlet        : GET "/v1/me/devices", parameters={}
lumo-e2e-api  | 2026-09-30T16:02:38.298328584Z 2026-09-30T16:02:38.297Z DEBUG 1 --- [lumo-api] [cat-handler-778] o.s.web.servlet.DispatcherServlet        : GET "/v1/me/entitlement", parameters={}
lumo-e2e-api  | 2026-09-30T16:02:38.298332404Z 2026-09-30T16:02:38.297Z DEBUG 1 --- [lumo-api] [cat-handler-777] o.s.web.servlet.DispatcherServlet        : GET "/v1/me", parameters={}
lumo-e2e-api  | 2026-09-30T16:02:38.298356194Z 2026-09-30T16:02:38.297Z DEBUG 1 --- [lumo-api] [cat-handler-779] o.s.web.servlet.DispatcherServlet        : GET "/v1/sources", parameters={}
lumo-e2e-api  | 2026-09-30T16:02:38.299631423Z 2026-09-30T16:02:38.299Z DEBUG 1 --- [lumo-api] [cat-handler-778] o.s.web.servlet.DispatcherServlet        : Completed 200 OK
lumo-e2e-api  | 2026-09-30T16:02:38.299639303Z 2026-09-30T16:02:38.299Z DEBUG 1 --- [lumo-api] [cat-handler-777] o.s.web.servlet.DispatcherServlet        : Completed 200 OK
lumo-e2e-api  | 2026-09-30T16:02:38.299641093Z 2026-09-30T16:02:38.299Z DEBUG 1 --- [lumo-api] [cat-handler-780] o.s.web.servlet.DispatcherServlet        : Completed 200 OK
lumo-e2e-api  | 2026-09-30T16:02:38.299927728Z 2026-09-30T16:02:38.299Z DEBUG 1 --- [lumo-api] [cat-handler-779] o.s.web.servlet.DispatcherServlet        : Completed 200 OK
lumo-e2e-api  | 2026-09-30T16:02:38.301985585Z 2026-09-30T16:02:38.301Z DEBUG 1 --- [lumo-api] [cat-handler-781] o.s.web.servlet.DispatcherServlet        : GET "/v1/sources/128f7716-c6f4-45ed-9f25-6a4c3c4035e2/vod?page=0&size=1", parameters={masked}
lumo-e2e-api  | 2026-09-30T16:02:38.304069107Z 2026-09-30T16:02:38.303Z DEBUG 1 --- [lumo-api] [cat-handler-781] o.s.web.servlet.DispatcherServlet        : Completed 200 OK
lumo-e2e-api  | 2026-09-30T16:02:38.376405470Z 2026-09-30T16:02:38.376Z DEBUG 1 --- [lumo-api] [cat-handler-783] o.s.web.servlet.DispatcherServlet        : GET "/v1/sources", parameters={}
lumo-e2e-api  | 2026-09-30T16:02:38.376434810Z 2026-09-30T16:02:38.376Z DEBUG 1 --- [lumo-api] [cat-handler-784] o.s.web.servlet.DispatcherServlet        : GET "/v1/sources/128f7716-c6f4-45ed-9f25-6a4c3c4035e2", parameters={}
lumo-e2e-api  | 2026-09-30T16:02:38.376436430Z 2026-09-30T16:02:38.376Z DEBUG 1 --- [lumo-api] [cat-handler-782] o.s.web.servlet.DispatcherServlet        : GET "/v1/me", parameters={}
lumo-e2e-api  | 2026-09-30T16:02:38.377863535Z 2026-09-30T16:02:38.377Z DEBUG 1 --- [lumo-api] [cat-handler-782] o.s.web.servlet.DispatcherServlet        : Completed 200 OK
lumo-e2e-api  | 2026-09-30T16:02:38.378547767Z 2026-09-30T16:02:38.378Z DEBUG 1 --- [lumo-api] [cat-handler-783] o.s.web.servlet.DispatcherServlet        : Completed 200 OK
lumo-e2e-api  | 2026-09-30T16:02:38.378561517Z 2026-09-30T16:02:38.378Z DEBUG 1 --- [lumo-api] [cat-handler-784] o.s.web.servlet.DispatcherServlet        : Completed 200 OK
lumo-e2e-api  | 2026-09-30T16:02:38.380555793Z 2026-09-30T16:02:38.380Z DEBUG 1 --- [lumo-api] [cat-handler-785] o.s.web.servlet.DispatcherServlet        : GET "/v1/sources/128f7716-c6f4-45ed-9f25-6a4c3c4035e2/vod?page=0&size=1", parameters={masked}
lumo-e2e-api  | 2026-09-30T16:02:38.382269283Z 2026-09-30T16:02:38.382Z DEBUG 1 --- [lumo-api] [cat-handler-785] o.s.web.servlet.DispatcherServlet        : Completed 200 OK
lumo-e2e-api  | 2026-09-30T16:02:38.439952498Z 2026-09-30T16:02:38.439Z DEBUG 1 --- [lumo-api] [cat-handler-791] o.s.web.servlet.DispatcherServlet        : GET "/v1/me/favorites", parameters={}
lumo-e2e-api  | 2026-09-30T16:02:38.439986428Z 2026-09-30T16:02:38.439Z DEBUG 1 --- [lumo-api] [cat-handler-790] o.s.web.servlet.DispatcherServlet        : GET "/v1/sources/ef1b808c-58af-4a15-b60d-530528c106a9", parameters={}
lumo-e2e-api  | 2026-09-30T16:02:38.439990688Z 2026-09-30T16:02:38.439Z DEBUG 1 --- [lumo-api] [cat-handler-788] o.s.web.servlet.DispatcherServlet        : GET "/v1/sources/ef1b808c-58af-4a15-b60d-530528c106a9/categories?contentType=LIVE", parameters={masked}
lumo-e2e-api  | 2026-09-30T16:02:38.440030488Z 2026-09-30T16:02:38.439Z DEBUG 1 --- [lumo-api] [cat-handler-789] o.s.web.servlet.DispatcherServlet        : GET "/v1/sources/ef1b808c-58af-4a15-b60d-530528c106a9/channels?page=0&size=50", parameters={masked}
lumo-e2e-api  | 2026-09-30T16:02:38.440038838Z 2026-09-30T16:02:38.439Z DEBUG 1 --- [lumo-api] [cat-handler-787] o.s.web.servlet.DispatcherServlet        : GET "/v1/sources", parameters={}
lumo-e2e-api  | 2026-09-30T16:02:38.440428059Z 2026-09-30T16:02:38.439Z DEBUG 1 --- [lumo-api] [cat-handler-792] o.s.web.servlet.DispatcherServlet        : GET "/v1/me/recent-channels?limit=12", parameters={masked}
lumo-e2e-api  | 2026-09-30T16:02:38.440443849Z 2026-09-30T16:02:38.439Z DEBUG 1 --- [lumo-api] [cat-handler-786] o.s.web.servlet.DispatcherServlet        : GET "/v1/me", parameters={}
lumo-e2e-api  | 2026-09-30T16:02:38.440458569Z 2026-09-30T16:02:38.440Z DEBUG 1 --- [lumo-api] [cat-handler-793] o.s.web.servlet.DispatcherServlet        : GET "/v1/me/favorite-groups", parameters={}
lumo-e2e-api  | 2026-09-30T16:02:38.441445931Z 2026-09-30T16:02:38.441Z DEBUG 1 --- [lumo-api] [cat-handler-793] o.s.web.servlet.DispatcherServlet        : Completed 200 OK
lumo-e2e-api  | 2026-09-30T16:02:38.441454521Z 2026-09-30T16:02:38.441Z DEBUG 1 --- [lumo-api] [cat-handler-792] o.s.web.servlet.DispatcherServlet        : Completed 200 OK
lumo-e2e-api  | 2026-09-30T16:02:38.441456301Z 2026-09-30T16:02:38.441Z DEBUG 1 --- [lumo-api] [cat-handler-786] o.s.web.servlet.DispatcherServlet        : Completed 200 OK
lumo-e2e-api  | 2026-09-30T16:02:38.441457601Z 2026-09-30T16:02:38.441Z DEBUG 1 --- [lumo-api] [cat-handler-791] o.s.web.servlet.DispatcherServlet        : Completed 200 OK
lumo-e2e-api  | 2026-09-30T16:02:38.441532240Z 2026-09-30T16:02:38.441Z DEBUG 1 --- [lumo-api] [cat-handler-790] o.s.web.servlet.DispatcherServlet        : Completed 200 OK
lumo-e2e-api  | 2026-09-30T16:02:38.441686000Z 2026-09-30T16:02:38.441Z DEBUG 1 --- [lumo-api] [cat-handler-788] o.s.web.servlet.DispatcherServlet        : Completed 200 OK
lumo-e2e-api  | 2026-09-30T16:02:38.441890918Z 2026-09-30T16:02:38.441Z DEBUG 1 --- [lumo-api] [cat-handler-787] o.s.web.servlet.DispatcherServlet        : Completed 200 OK
lumo-e2e-api  | 2026-09-30T16:02:38.441897998Z 2026-09-30T16:02:38.441Z DEBUG 1 --- [lumo-api] [cat-handler-789] o.s.web.servlet.DispatcherServlet        : Completed 200 OK
lumo-e2e-api  | 2026-09-30T16:02:38.445603169Z 2026-09-30T16:02:38.445Z DEBUG 1 --- [lumo-api] [cat-handler-794] o.s.web.servlet.DispatcherServlet        : GET "/v1/sources/ef1b808c-58af-4a15-b60d-530528c106a9/epg?channelIds=f0cb11ad-6bd9-4997-8b56-1eb674a613c1&channelIds=0c1e212a-a224-4b94-bbe2-1efb7e0215a4&channelIds=64cc7deb-3c7b-4e50-848d-f26c3c93ecef&channelIds=236dc742-eedc-4e93-b0cd-9fcc248b96be&channelIds=d611038b-03f6-47fe-a70b-8aff075321be&from=2026-09-29T22%3A00%3A00.000Z&to=2026-09-30T22%3A00%3A00.000Z", parameters={masked}
lumo-e2e-api  | 2026-09-30T16:02:38.450439733Z 2026-09-30T16:02:38.450Z DEBUG 1 --- [lumo-api] [cat-handler-796] o.s.web.servlet.DispatcherServlet        : GET "/v1/sources", parameters={}
lumo-e2e-api  | 2026-09-30T16:02:38.450469553Z 2026-09-30T16:02:38.450Z DEBUG 1 --- [lumo-api] [cat-handler-795] o.s.web.servlet.DispatcherServlet        : GET "/v1/me", parameters={}
lumo-e2e-api  | 2026-09-30T16:02:38.450509516Z 2026-09-30T16:02:38.450Z DEBUG 1 --- [lumo-api] [cat-handler-797] o.s.web.servlet.DispatcherServlet        : GET "/v1/sources/128f7716-c6f4-45ed-9f25-6a4c3c4035e2/categories?contentType=LIVE", parameters={masked}
lumo-e2e-api  | 2026-09-30T16:02:38.450667336Z 2026-09-30T16:02:38.450Z DEBUG 1 --- [lumo-api] [cat-handler-798] o.s.web.servlet.DispatcherServlet        : GET "/v1/sources/128f7716-c6f4-45ed-9f25-6a4c3c4035e2/channels?page=0&size=50", parameters={masked}
lumo-e2e-api  | 2026-09-30T16:02:38.450676726Z 2026-09-30T16:02:38.450Z DEBUG 1 --- [lumo-api] [cat-handler-799] o.s.web.servlet.DispatcherServlet        : GET "/v1/sources/128f7716-c6f4-45ed-9f25-6a4c3c4035e2", parameters={}
lumo-e2e-api  | 2026-09-30T16:02:38.451315730Z 2026-09-30T16:02:38.450Z DEBUG 1 --- [lumo-api] [cat-handler-794] o.s.web.servlet.DispatcherServlet        : Completed 200 OK
lumo-e2e-api  | 2026-09-30T16:02:38.451323990Z 2026-09-30T16:02:38.450Z DEBUG 1 --- [lumo-api] [cat-handler-800] o.s.web.servlet.DispatcherServlet        : GET "/v1/me/favorites", parameters={}
lumo-e2e-api  | 2026-09-30T16:02:38.451361080Z 2026-09-30T16:02:38.451Z DEBUG 1 --- [lumo-api] [cat-handler-795] o.s.web.servlet.DispatcherServlet        : Completed 200 OK
lumo-e2e-api  | 2026-09-30T16:02:38.451766992Z 2026-09-30T16:02:38.451Z DEBUG 1 --- [lumo-api] [cat-handler-799] o.s.web.servlet.DispatcherServlet        : Completed 200 OK
lumo-e2e-api  | 2026-09-30T16:02:38.451870907Z 2026-09-30T16:02:38.451Z DEBUG 1 --- [lumo-api] [cat-handler-796] o.s.web.servlet.DispatcherServlet        : Completed 200 OK
lumo-e2e-api  | 2026-09-30T16:02:38.452013140Z 2026-09-30T16:02:38.451Z DEBUG 1 --- [lumo-api] [cat-handler-800] o.s.web.servlet.DispatcherServlet        : Completed 200 OK
lumo-e2e-api  | 2026-09-30T16:02:38.452110553Z 2026-09-30T16:02:38.451Z DEBUG 1 --- [lumo-api] [cat-handler-797] o.s.web.servlet.DispatcherServlet        : Completed 200 OK
lumo-e2e-api  | 2026-09-30T16:02:38.452731522Z 2026-09-30T16:02:38.452Z DEBUG 1 --- [lumo-api] [cat-handler-801] o.s.web.servlet.DispatcherServlet        : GET "/v1/me/recent-channels?limit=12", parameters={masked}
lumo-e2e-api  | 2026-09-30T16:02:38.453094741Z 2026-09-30T16:02:38.452Z DEBUG 1 --- [lumo-api] [cat-handler-798] o.s.web.servlet.DispatcherServlet        : Completed 200 OK
lumo-e2e-api  | 2026-09-30T16:02:38.453103721Z 2026-09-30T16:02:38.452Z DEBUG 1 --- [lumo-api] [cat-handler-802] o.s.web.servlet.DispatcherServlet        : GET "/v1/me/favorite-groups", parameters={}
lumo-e2e-api  | 2026-09-30T16:02:38.453448592Z 2026-09-30T16:02:38.453Z DEBUG 1 --- [lumo-api] [cat-handler-801] o.s.web.servlet.DispatcherServlet        : Completed 200 OK
lumo-e2e-api  | 2026-09-30T16:02:38.453836163Z 2026-09-30T16:02:38.453Z DEBUG 1 --- [lumo-api] [cat-handler-802] o.s.web.servlet.DispatcherServlet        : Completed 200 OK
lumo-e2e-api  | 2026-09-30T16:02:38.457833806Z 2026-09-30T16:02:38.457Z DEBUG 1 --- [lumo-api] [cat-handler-803] o.s.web.servlet.DispatcherServlet        : GET "/v1/sources/128f7716-c6f4-45ed-9f25-6a4c3c4035e2/epg?channelIds=7f9b20a1-2404-4dca-a6df-8bdca848a0ed&channelIds=2000b94c-6373-4f1d-8650-11c9d0b9965a&channelIds=99e21ee7-d1a7-4070-a1b9-1559e822fbf3&from=2026-09-30T16%3A02%3A04.929Z&to=2026-09-30T19%3A02%3A04.929Z", parameters={masked}
lumo-e2e-api  | 2026-09-30T16:02:38.462304329Z 2026-09-30T16:02:38.462Z DEBUG 1 --- [lumo-api] [cat-handler-803] o.s.web.servlet.DispatcherServlet        : Completed 200 OK
lumo-e2e-api  | 2026-09-30T16:02:38.651431947Z 2026-09-30T16:02:38.651Z DEBUG 1 --- [lumo-api] [cat-handler-808] o.s.web.servlet.DispatcherServlet        : GET "/v1/sources/ef1b808c-58af-4a15-b60d-530528c106a9", parameters={}
lumo-e2e-api  | 2026-09-30T16:02:38.651465357Z 2026-09-30T16:02:38.651Z DEBUG 1 --- [lumo-api] [cat-handler-804] o.s.web.servlet.DispatcherServlet        : GET "/v1/me", parameters={}
lumo-e2e-api  | 2026-09-30T16:02:38.651469617Z 2026-09-30T16:02:38.651Z DEBUG 1 --- [lumo-api] [cat-handler-806] o.s.web.servlet.DispatcherServlet        : GET "/v1/sources/ef1b808c-58af-4a15-b60d-530528c106a9/categories?contentType=LIVE", parameters={masked}
lumo-e2e-api  | 2026-09-30T16:02:38.651508762Z 2026-09-30T16:02:38.651Z DEBUG 1 --- [lumo-api] [cat-handler-805] o.s.web.servlet.DispatcherServlet        : GET "/v1/sources", parameters={}
lumo-e2e-api  | 2026-09-30T16:02:38.651517392Z 2026-09-30T16:02:38.651Z DEBUG 1 --- [lumo-api] [cat-handler-809] o.s.web.servlet.DispatcherServlet        : GET "/v1/me/favorites", parameters={}
lumo-e2e-api  | 2026-09-30T16:02:38.651858956Z 2026-09-30T16:02:38.651Z DEBUG 1 --- [lumo-api] [cat-handler-807] o.s.web.servlet.DispatcherServlet        : GET "/v1/sources/ef1b808c-58af-4a15-b60d-530528c106a9/channels?page=0&size=50", parameters={masked}
lumo-e2e-api  | 2026-09-30T16:02:38.651877156Z 2026-09-30T16:02:38.651Z DEBUG 1 --- [lumo-api] [cat-handler-810] o.s.web.servlet.DispatcherServlet        : GET "/v1/me/recent-channels?limit=12", parameters={masked}
lumo-e2e-api  | 2026-09-30T16:02:38.651878896Z 2026-09-30T16:02:38.651Z DEBUG 1 --- [lumo-api] [cat-handler-811] o.s.web.servlet.DispatcherServlet        : GET "/v1/me/favorite-groups", parameters={}
lumo-e2e-api  | 2026-09-30T16:02:38.652485205Z 2026-09-30T16:02:38.652Z DEBUG 1 --- [lumo-api] [cat-handler-804] o.s.web.servlet.DispatcherServlet        : Completed 200 OK
lumo-e2e-api  | 2026-09-30T16:02:38.652501505Z 2026-09-30T16:02:38.652Z DEBUG 1 --- [lumo-api] [cat-handler-810] o.s.web.servlet.DispatcherServlet        : Completed 200 OK
lumo-e2e-api  | 2026-09-30T16:02:38.652524235Z 2026-09-30T16:02:38.652Z DEBUG 1 --- [lumo-api] [cat-handler-809] o.s.web.servlet.DispatcherServlet        : Completed 200 OK
lumo-e2e-api  | 2026-09-30T16:02:38.652526445Z 2026-09-30T16:02:38.652Z DEBUG 1 --- [lumo-api] [cat-handler-811] o.s.web.servlet.DispatcherServlet        : Completed 200 OK
lumo-e2e-api  | 2026-09-30T16:02:38.652748841Z 2026-09-30T16:02:38.652Z DEBUG 1 --- [lumo-api] [cat-handler-806] o.s.web.servlet.DispatcherServlet        : Completed 200 OK
lumo-e2e-api  | 2026-09-30T16:02:38.653052226Z 2026-09-30T16:02:38.652Z DEBUG 1 --- [lumo-api] [cat-handler-805] o.s.web.servlet.DispatcherServlet        : Completed 200 OK
lumo-e2e-api  | 2026-09-30T16:02:38.653059196Z 2026-09-30T16:02:38.652Z DEBUG 1 --- [lumo-api] [cat-handler-808] o.s.web.servlet.DispatcherServlet        : Completed 200 OK
lumo-e2e-api  | 2026-09-30T16:02:38.653428077Z 2026-09-30T16:02:38.653Z DEBUG 1 --- [lumo-api] [cat-handler-807] o.s.web.servlet.DispatcherServlet        : Completed 200 OK
lumo-e2e-api  | 2026-09-30T16:02:38.656421246Z 2026-09-30T16:02:38.656Z DEBUG 1 --- [lumo-api] [cat-handler-812] o.s.web.servlet.DispatcherServlet        : GET "/v1/sources/ef1b808c-58af-4a15-b60d-530528c106a9/epg?channelIds=f0cb11ad-6bd9-4997-8b56-1eb674a613c1&channelIds=0c1e212a-a224-4b94-bbe2-1efb7e0215a4&channelIds=64cc7deb-3c7b-4e50-848d-f26c3c93ecef&channelIds=236dc742-eedc-4e93-b0cd-9fcc248b96be&channelIds=d611038b-03f6-47fe-a70b-8aff075321be&from=2026-09-29T22%3A00%3A00.000Z&to=2026-09-30T22%3A00%3A00.000Z", parameters={masked}
lumo-e2e-api  | 2026-09-30T16:02:38.661072915Z 2026-09-30T16:02:38.660Z DEBUG 1 --- [lumo-api] [cat-handler-812] o.s.web.servlet.DispatcherServlet        : Completed 200 OK
lumo-e2e-api  | 2026-09-30T16:02:38.679227865Z 2026-09-30T16:02:38.678Z DEBUG 1 --- [lumo-api] [cat-handler-816] o.s.web.servlet.DispatcherServlet        : GET "/v1/sources/128f7716-c6f4-45ed-9f25-6a4c3c4035e2/channels?page=0&size=50", parameters={masked}
lumo-e2e-api  | 2026-09-30T16:02:38.679262675Z 2026-09-30T16:02:38.678Z DEBUG 1 --- [lumo-api] [cat-handler-813] o.s.web.servlet.DispatcherServlet        : GET "/v1/me", parameters={}
lumo-e2e-api  | 2026-09-30T16:02:38.679265115Z 2026-09-30T16:02:38.678Z DEBUG 1 --- [lumo-api] [cat-handler-817] o.s.web.servlet.DispatcherServlet        : GET "/v1/sources/128f7716-c6f4-45ed-9f25-6a4c3c4035e2", parameters={}
lumo-e2e-api  | 2026-09-30T16:02:38.679319490Z 2026-09-30T16:02:38.678Z DEBUG 1 --- [lumo-api] [cat-handler-814] o.s.web.servlet.DispatcherServlet        : GET "/v1/sources", parameters={}
lumo-e2e-api  | 2026-09-30T16:02:38.679328390Z 2026-09-30T16:02:38.678Z DEBUG 1 --- [lumo-api] [cat-handler-815] o.s.web.servlet.DispatcherServlet        : GET "/v1/sources/128f7716-c6f4-45ed-9f25-6a4c3c4035e2/categories?contentType=LIVE", parameters={masked}
lumo-e2e-api  | 2026-09-30T16:02:38.679524181Z 2026-09-30T16:02:38.679Z DEBUG 1 --- [lumo-api] [cat-handler-818] o.s.web.servlet.DispatcherServlet        : GET "/v1/me/favorites", parameters={}
lumo-e2e-api  | 2026-09-30T16:02:38.679575271Z 2026-09-30T16:02:38.679Z DEBUG 1 --- [lumo-api] [cat-handler-819] o.s.web.servlet.DispatcherServlet        : GET "/v1/me/favorite-groups", parameters={}
lumo-e2e-api  | 2026-09-30T16:02:38.679665111Z 2026-09-30T16:02:38.679Z DEBUG 1 --- [lumo-api] [cat-handler-820] o.s.web.servlet.DispatcherServlet        : GET "/v1/me/recent-channels?limit=12", parameters={masked}
lumo-e2e-api  | 2026-09-30T16:02:38.680185667Z 2026-09-30T16:02:38.680Z DEBUG 1 --- [lumo-api] [cat-handler-819] o.s.web.servlet.DispatcherServlet        : Completed 200 OK
lumo-e2e-api  | 2026-09-30T16:02:38.680203448Z 2026-09-30T16:02:38.680Z DEBUG 1 --- [lumo-api] [cat-handler-813] o.s.web.servlet.DispatcherServlet        : Completed 200 OK
lumo-e2e-api  | 2026-09-30T16:02:38.680481909Z 2026-09-30T16:02:38.680Z DEBUG 1 --- [lumo-api] [cat-handler-818] o.s.web.servlet.DispatcherServlet        : Completed 200 OK
lumo-e2e-api  | 2026-09-30T16:02:38.680489099Z 2026-09-30T16:02:38.680Z DEBUG 1 --- [lumo-api] [cat-handler-820] o.s.web.servlet.DispatcherServlet        : Completed 200 OK
lumo-e2e-api  | 2026-09-30T16:02:38.680684114Z 2026-09-30T16:02:38.680Z DEBUG 1 --- [lumo-api] [cat-handler-814] o.s.web.servlet.DispatcherServlet        : Completed 200 OK
lumo-e2e-api  | 2026-09-30T16:02:38.680706169Z 2026-09-30T16:02:38.680Z DEBUG 1 --- [lumo-api] [cat-handler-815] o.s.web.servlet.DispatcherServlet        : Completed 200 OK
lumo-e2e-api  | 2026-09-30T16:02:38.680877160Z 2026-09-30T16:02:38.680Z DEBUG 1 --- [lumo-api] [cat-handler-817] o.s.web.servlet.DispatcherServlet        : Completed 200 OK
lumo-e2e-api  | 2026-09-30T16:02:38.681277561Z 2026-09-30T16:02:38.681Z DEBUG 1 --- [lumo-api] [cat-handler-816] o.s.web.servlet.DispatcherServlet        : Completed 200 OK
lumo-e2e-api  | 2026-09-30T16:02:38.684681510Z 2026-09-30T16:02:38.684Z DEBUG 1 --- [lumo-api] [cat-handler-821] o.s.web.servlet.DispatcherServlet        : GET "/v1/sources/128f7716-c6f4-45ed-9f25-6a4c3c4035e2/epg?channelIds=7f9b20a1-2404-4dca-a6df-8bdca848a0ed&channelIds=2000b94c-6373-4f1d-8650-11c9d0b9965a&channelIds=99e21ee7-d1a7-4070-a1b9-1559e822fbf3&from=2026-09-29T22%3A00%3A00.000Z&to=2026-09-30T22%3A00%3A00.000Z", parameters={masked}
lumo-e2e-api  | 2026-09-30T16:02:38.689521716Z 2026-09-30T16:02:38.689Z DEBUG 1 --- [lumo-api] [cat-handler-821] o.s.web.servlet.DispatcherServlet        : Completed 200 OK
lumo-e2e-api  | 2026-09-30T16:02:38.737576860Z 2026-09-30T16:02:38.737Z DEBUG 1 --- [lumo-api] [cat-handler-822] o.s.web.servlet.DispatcherServlet        : GET "/v1/me", parameters={}
lumo-e2e-api  | 2026-09-30T16:02:38.737608980Z 2026-09-30T16:02:38.737Z DEBUG 1 --- [lumo-api] [cat-handler-825] o.s.web.servlet.DispatcherServlet        : GET "/v1/sources/ef1b808c-58af-4a15-b60d-530528c106a9/channels?page=0&size=50", parameters={masked}
lumo-e2e-api  | 2026-09-30T16:02:38.737611550Z 2026-09-30T16:02:38.737Z DEBUG 1 --- [lumo-api] [cat-handler-829] o.s.web.servlet.DispatcherServlet        : GET "/v1/me/favorite-groups", parameters={}
lumo-e2e-api  | 2026-09-30T16:02:38.737685215Z 2026-09-30T16:02:38.737Z DEBUG 1 --- [lumo-api] [cat-handler-824] o.s.web.servlet.DispatcherServlet        : GET "/v1/sources/ef1b808c-58af-4a15-b60d-530528c106a9/categories?contentType=LIVE", parameters={masked}
lumo-e2e-api  | 2026-09-30T16:02:38.737694225Z 2026-09-30T16:02:38.737Z DEBUG 1 --- [lumo-api] [cat-handler-823] o.s.web.servlet.DispatcherServlet        : GET "/v1/sources", parameters={}
lumo-e2e-api  | 2026-09-30T16:02:38.738204052Z 2026-09-30T16:02:38.737Z DEBUG 1 --- [lumo-api] [cat-handler-826] o.s.web.servlet.DispatcherServlet        : GET "/v1/sources/ef1b808c-58af-4a15-b60d-530528c106a9", parameters={}
lumo-e2e-api  | 2026-09-30T16:02:38.738212692Z 2026-09-30T16:02:38.737Z DEBUG 1 --- [lumo-api] [cat-handler-827] o.s.web.servlet.DispatcherServlet        : GET "/v1/me/favorites", parameters={}
lumo-e2e-api  | 2026-09-30T16:02:38.738214702Z 2026-09-30T16:02:38.737Z DEBUG 1 --- [lumo-api] [cat-handler-828] o.s.web.servlet.DispatcherServlet        : GET "/v1/me/recent-channels?limit=12", parameters={masked}
lumo-e2e-api  | 2026-09-30T16:02:38.738614828Z 2026-09-30T16:02:38.738Z DEBUG 1 --- [lumo-api] [cat-handler-828] o.s.web.servlet.DispatcherServlet        : Completed 200 OK
lumo-e2e-api  | 2026-09-30T16:02:38.738726229Z 2026-09-30T16:02:38.738Z DEBUG 1 --- [lumo-api] [cat-handler-829] o.s.web.servlet.DispatcherServlet        : Completed 200 OK
lumo-e2e-api  | 2026-09-30T16:02:38.738732759Z 2026-09-30T16:02:38.738Z DEBUG 1 --- [lumo-api] [cat-handler-827] o.s.web.servlet.DispatcherServlet        : Completed 200 OK
lumo-e2e-api  | 2026-09-30T16:02:38.738921964Z 2026-09-30T16:02:38.738Z DEBUG 1 --- [lumo-api] [cat-handler-822] o.s.web.servlet.DispatcherServlet        : Completed 200 OK
lumo-e2e-api  | 2026-09-30T16:02:38.739047305Z 2026-09-30T16:02:38.738Z DEBUG 1 --- [lumo-api] [cat-handler-824] o.s.web.servlet.DispatcherServlet        : Completed 200 OK
lumo-e2e-api  | 2026-09-30T16:02:38.739210275Z 2026-09-30T16:02:38.739Z DEBUG 1 --- [lumo-api] [cat-handler-823] o.s.web.servlet.DispatcherServlet        : Completed 200 OK
lumo-e2e-api  | 2026-09-30T16:02:38.739650447Z 2026-09-30T16:02:38.739Z DEBUG 1 --- [lumo-api] [cat-handler-826] o.s.web.servlet.DispatcherServlet        : Completed 200 OK
lumo-e2e-api  | 2026-09-30T16:02:38.740279809Z 2026-09-30T16:02:38.740Z DEBUG 1 --- [lumo-api] [cat-handler-825] o.s.web.servlet.DispatcherServlet        : Completed 200 OK
lumo-e2e-api  | 2026-09-30T16:02:38.743374982Z 2026-09-30T16:02:38.743Z DEBUG 1 --- [lumo-api] [cat-handler-830] o.s.web.servlet.DispatcherServlet        : GET "/v1/sources/ef1b808c-58af-4a15-b60d-530528c106a9/epg?channelIds=f0cb11ad-6bd9-4997-8b56-1eb674a613c1&channelIds=0c1e212a-a224-4b94-bbe2-1efb7e0215a4&channelIds=64cc7deb-3c7b-4e50-848d-f26c3c93ecef&channelIds=236dc742-eedc-4e93-b0cd-9fcc248b96be&channelIds=d611038b-03f6-47fe-a70b-8aff075321be&from=2026-09-29T22%3A00%3A00.000Z&to=2026-09-30T22%3A00%3A00.000Z", parameters={masked}
lumo-e2e-api  | 2026-09-30T16:02:38.748915539Z 2026-09-30T16:02:38.748Z DEBUG 1 --- [lumo-api] [cat-handler-830] o.s.web.servlet.DispatcherServlet        : Completed 200 OK
lumo-e2e-api  | 2026-09-30T16:02:38.998023904Z 2026-09-30T16:02:38.997Z DEBUG 1 --- [lumo-api] [cat-handler-832] o.s.web.servlet.DispatcherServlet        : GET "/v1/sources", parameters={}
lumo-e2e-api  | 2026-09-30T16:02:38.998058614Z 2026-09-30T16:02:38.997Z DEBUG 1 --- [lumo-api] [cat-handler-831] o.s.web.servlet.DispatcherServlet        : GET "/v1/me", parameters={}
lumo-e2e-api  | 2026-09-30T16:02:38.999299788Z 2026-09-30T16:02:38.999Z DEBUG 1 --- [lumo-api] [cat-handler-831] o.s.web.servlet.DispatcherServlet        : Completed 200 OK
lumo-e2e-api  | 2026-09-30T16:02:39.000018720Z 2026-09-30T16:02:38.999Z DEBUG 1 --- [lumo-api] [cat-handler-832] o.s.web.servlet.DispatcherServlet        : Completed 200 OK
lumo-e2e-api  | 2026-09-30T16:02:39.075879388Z 2026-09-30T16:02:39.075Z DEBUG 1 --- [lumo-api] [cat-handler-834] o.s.web.servlet.DispatcherServlet        : GET "/v1/sources", parameters={}
lumo-e2e-api  | 2026-09-30T16:02:39.075916048Z 2026-09-30T16:02:39.075Z DEBUG 1 --- [lumo-api] [cat-handler-833] o.s.web.servlet.DispatcherServlet        : GET "/v1/me", parameters={}
lumo-e2e-api  | 2026-09-30T16:02:39.076782815Z 2026-09-30T16:02:39.076Z DEBUG 1 --- [lumo-api] [cat-handler-837] o.s.web.servlet.DispatcherServlet        : GET "/v1/me/favorites", parameters={}
lumo-e2e-api  | 2026-09-30T16:02:39.076804595Z 2026-09-30T16:02:39.076Z DEBUG 1 --- [lumo-api] [cat-handler-835] o.s.web.servlet.DispatcherServlet        : GET "/v1/sources/87a5ecb8-18c5-4ffb-9e0a-c6b309b79e54/channels?page=0&size=50", parameters={masked}
lumo-e2e-api  | 2026-09-30T16:02:39.076891936Z 2026-09-30T16:02:39.076Z DEBUG 1 --- [lumo-api] [cat-handler-836] o.s.web.servlet.DispatcherServlet        : GET "/v1/sources/87a5ecb8-18c5-4ffb-9e0a-c6b309b79e54/categories?contentType=LIVE", parameters={masked}
lumo-e2e-api  | 2026-09-30T16:02:39.078835122Z 2026-09-30T16:02:39.077Z DEBUG 1 --- [lumo-api] [cat-handler-838] o.s.web.servlet.DispatcherServlet        : GET "/v1/sources/87a5ecb8-18c5-4ffb-9e0a-c6b309b79e54", parameters={}
lumo-e2e-api  | 2026-09-30T16:02:39.078847692Z 2026-09-30T16:02:39.077Z DEBUG 1 --- [lumo-api] [cat-handler-833] o.s.web.servlet.DispatcherServlet        : Completed 200 OK
lumo-e2e-api  | 2026-09-30T16:02:39.078851452Z 2026-09-30T16:02:39.077Z DEBUG 1 --- [lumo-api] [cat-handler-837] o.s.web.servlet.DispatcherServlet        : Completed 200 OK
lumo-e2e-api  | 2026-09-30T16:02:39.078853112Z 2026-09-30T16:02:39.077Z DEBUG 1 --- [lumo-api] [cat-handler-839] o.s.web.servlet.DispatcherServlet        : GET "/v1/me/favorite-groups", parameters={}
lumo-e2e-api  | 2026-09-30T16:02:39.078855172Z 2026-09-30T16:02:39.077Z DEBUG 1 --- [lumo-api] [cat-handler-840] o.s.web.servlet.DispatcherServlet        : GET "/v1/me/recent-channels?limit=12", parameters={masked}
lumo-e2e-api  | 2026-09-30T16:02:39.078856532Z 2026-09-30T16:02:39.078Z DEBUG 1 --- [lumo-api] [cat-handler-834] o.s.web.servlet.DispatcherServlet        : Completed 200 OK
lumo-e2e-api  | 2026-09-30T16:02:39.078857642Z 2026-09-30T16:02:39.078Z DEBUG 1 --- [lumo-api] [cat-handler-840] o.s.web.servlet.DispatcherServlet        : Completed 200 OK
lumo-e2e-api  | 2026-09-30T16:02:39.078858692Z 2026-09-30T16:02:39.078Z DEBUG 1 --- [lumo-api] [cat-handler-839] o.s.web.servlet.DispatcherServlet        : Completed 200 OK
lumo-e2e-api  | 2026-09-30T16:02:39.078862892Z 2026-09-30T16:02:39.078Z DEBUG 1 --- [lumo-api] [cat-handler-838] o.s.web.servlet.DispatcherServlet        : Completed 200 OK
lumo-e2e-api  | 2026-09-30T16:02:39.079561554Z 2026-09-30T16:02:39.079Z DEBUG 1 --- [lumo-api] [cat-handler-835] o.s.web.servlet.DispatcherServlet        : Completed 200 OK
lumo-e2e-api  | 2026-09-30T16:02:39.079971240Z 2026-09-30T16:02:39.079Z DEBUG 1 --- [lumo-api] [cat-handler-836] o.s.web.servlet.DispatcherServlet        : Completed 200 OK
lumo-e2e-api  | 2026-09-30T16:02:39.085081006Z 2026-09-30T16:02:39.084Z DEBUG 1 --- [lumo-api] [cat-handler-841] o.s.web.servlet.DispatcherServlet        : GET "/v1/sources/87a5ecb8-18c5-4ffb-9e0a-c6b309b79e54/epg?channelIds=a9c650d3-6fe0-4328-b20d-176144bf1924&channelIds=fa26e887-bd80-43c3-bc94-b361f67194d7&channelIds=f2c8f57f-8ef1-4b34-90e3-a8c104a4f581&channelIds=bd4069da-3e18-4ed1-b607-2ad0a733de44&channelIds=94bc6706-726a-41be-9773-31c77e06d720&from=2026-09-29T22%3A00%3A00.000Z&to=2026-09-30T22%3A00%3A00.000Z", parameters={masked}
lumo-e2e-api  | 2026-09-30T16:02:39.089571669Z 2026-09-30T16:02:39.089Z DEBUG 1 --- [lumo-api] [cat-handler-841] o.s.web.servlet.DispatcherServlet        : Completed 200 OK
lumo-e2e-api  | 2026-09-30T16:02:39.166169840Z 2026-09-30T16:02:39.165Z DEBUG 1 --- [lumo-api] [cat-handler-842] o.s.web.servlet.DispatcherServlet        : GET "/v1/sources", parameters={}
lumo-e2e-api  | 2026-09-30T16:02:39.168642740Z 2026-09-30T16:02:39.168Z DEBUG 1 --- [lumo-api] [cat-handler-842] o.s.web.servlet.DispatcherServlet        : Completed 200 OK
lumo-e2e-api  | 2026-09-30T16:02:39.171222865Z 2026-09-30T16:02:39.170Z DEBUG 1 --- [lumo-api] [cat-handler-843] o.s.web.servlet.DispatcherServlet        : POST "/v1/sources", parameters={}
lumo-e2e-api  | 2026-09-30T16:02:39.216293876Z 2026-09-30T16:02:39.215Z  INFO 1 --- [lumo-api] [    virtual-943] tv.lumo.api.ingest.IngestionService      : Ingesting source ac4bf1d8-09fc-4f76-a164-b7fcc48829de (M3U_URL)
lumo-e2e-api  | 2026-09-30T16:02:39.216817532Z 2026-09-30T16:02:39.216Z DEBUG 1 --- [lumo-api] [cat-handler-843] o.s.web.servlet.DispatcherServlet        : Completed 202 ACCEPTED
lumo-e2e-api  | 2026-09-30T16:02:39.224009565Z 2026-09-30T16:02:39.223Z  INFO 1 --- [lumo-api] [    virtual-943] tv.lumo.api.ingest.IngestionService      : Source ac4bf1d8-09fc-4f76-a164-b7fcc48829de: ingested 50 channel(s) and 0 film(s) from playlist
lumo-e2e-api  | 2026-09-30T16:02:39.224845017Z 2026-09-30T16:02:39.224Z DEBUG 1 --- [lumo-api] [cat-handler-844] o.s.web.servlet.DispatcherServlet        : GET "/v1/me", parameters={}
lumo-e2e-api  | 2026-09-30T16:02:39.224990648Z 2026-09-30T16:02:39.224Z DEBUG 1 --- [lumo-api] [cat-handler-846] o.s.web.servlet.DispatcherServlet        : GET "/v1/sources/ac4bf1d8-09fc-4f76-a164-b7fcc48829de", parameters={}
lumo-e2e-api  | 2026-09-30T16:02:39.225251169Z 2026-09-30T16:02:39.225Z DEBUG 1 --- [lumo-api] [cat-handler-845] o.s.web.servlet.DispatcherServlet        : GET "/v1/sources", parameters={}
lumo-e2e-api  | 2026-09-30T16:02:39.225885420Z 2026-09-30T16:02:39.225Z DEBUG 1 --- [lumo-api] [cat-handler-844] o.s.web.servlet.DispatcherServlet        : Completed 200 OK
lumo-e2e-api  | 2026-09-30T16:02:39.225920590Z 2026-09-30T16:02:39.225Z DEBUG 1 --- [lumo-api] [cat-handler-846] o.s.web.servlet.DispatcherServlet        : Completed 200 OK
lumo-e2e-api  | 2026-09-30T16:02:39.226951033Z 2026-09-30T16:02:39.226Z DEBUG 1 --- [lumo-api] [cat-handler-845] o.s.web.servlet.DispatcherServlet        : Completed 200 OK
lumo-e2e-api  | 2026-09-30T16:02:39.911685444Z 2026-09-30T16:02:39.911Z DEBUG 1 --- [lumo-api] [    virtual-943] t.l.api.ingest.xmltv.XmltvStreamParser   : Parsed 19200 programme(s) inside the retention window
lumo-e2e-api  | 2026-09-30T16:02:39.918696071Z 2026-09-30T16:02:39.918Z  INFO 1 --- [lumo-api] [    virtual-943] tv.lumo.api.ingest.IngestionService      : Source ac4bf1d8-09fc-4f76-a164-b7fcc48829de is READY
lumo-e2e-api  | 2026-09-30T16:02:40.042546874Z 2026-09-30T16:02:40.042Z DEBUG 1 --- [lumo-api] [cat-handler-847] o.s.web.servlet.DispatcherServlet        : GET "/v1/me", parameters={}
lumo-e2e-api  | 2026-09-30T16:02:40.042580334Z 2026-09-30T16:02:40.042Z DEBUG 1 --- [lumo-api] [cat-handler-848] o.s.web.servlet.DispatcherServlet        : GET "/v1/sources", parameters={}
lumo-e2e-api  | 2026-09-30T16:02:40.042582334Z 2026-09-30T16:02:40.042Z DEBUG 1 --- [lumo-api] [cat-handler-849] o.s.web.servlet.DispatcherServlet        : GET "/v1/sources/c1ac4404-047e-46dc-a11e-b79ef9ed1a4f", parameters={}
lumo-e2e-api  | 2026-09-30T16:02:40.046922273Z 2026-09-30T16:02:40.046Z DEBUG 1 --- [lumo-api] [cat-handler-847] o.s.web.servlet.DispatcherServlet        : Completed 200 OK
lumo-e2e-api  | 2026-09-30T16:02:40.047784456Z 2026-09-30T16:02:40.047Z DEBUG 1 --- [lumo-api] [cat-handler-848] o.s.web.servlet.DispatcherServlet        : Completed 200 OK
lumo-e2e-api  | 2026-09-30T16:02:40.047823501Z 2026-09-30T16:02:40.047Z DEBUG 1 --- [lumo-api] [cat-handler-849] o.s.web.servlet.DispatcherServlet        : Completed 200 OK
lumo-e2e-api  | 2026-09-30T16:02:42.260040700Z 2026-09-30T16:02:42.259Z DEBUG 1 --- [lumo-api] [cat-handler-851] o.s.web.servlet.DispatcherServlet        : GET "/v1/sources", parameters={}
lumo-e2e-api  | 2026-09-30T16:02:42.260072220Z 2026-09-30T16:02:42.259Z DEBUG 1 --- [lumo-api] [cat-handler-852] o.s.web.servlet.DispatcherServlet        : GET "/v1/sources/ac4bf1d8-09fc-4f76-a164-b7fcc48829de", parameters={}
lumo-e2e-api  | 2026-09-30T16:02:42.260074770Z 2026-09-30T16:02:42.259Z DEBUG 1 --- [lumo-api] [cat-handler-850] o.s.web.servlet.DispatcherServlet        : GET "/v1/me", parameters={}
lumo-e2e-api  | 2026-09-30T16:02:42.262834774Z 2026-09-30T16:02:42.262Z DEBUG 1 --- [lumo-api] [cat-handler-850] o.s.web.servlet.DispatcherServlet        : Completed 200 OK
lumo-e2e-api  | 2026-09-30T16:02:42.262861904Z 2026-09-30T16:02:42.262Z DEBUG 1 --- [lumo-api] [cat-handler-852] o.s.web.servlet.DispatcherServlet        : Completed 200 OK
lumo-e2e-api  | 2026-09-30T16:02:42.263673547Z 2026-09-30T16:02:42.263Z DEBUG 1 --- [lumo-api] [cat-handler-851] o.s.web.servlet.DispatcherServlet        : Completed 200 OK
lumo-e2e-api  | 2026-09-30T16:02:42.265479512Z 2026-09-30T16:02:42.265Z DEBUG 1 --- [lumo-api] [cat-handler-853] o.s.web.servlet.DispatcherServlet        : GET "/v1/sources/ac4bf1d8-09fc-4f76-a164-b7fcc48829de/vod?page=0&size=1", parameters={masked}
lumo-e2e-api  | 2026-09-30T16:02:42.267726803Z 2026-09-30T16:02:42.267Z DEBUG 1 --- [lumo-api] [cat-handler-853] o.s.web.servlet.DispatcherServlet        : Completed 200 OK
lumo-e2e-api  | 2026-09-30T16:02:42.565808846Z 2026-09-30T16:02:42.565Z DEBUG 1 --- [lumo-api] [cat-handler-854] o.s.web.servlet.DispatcherServlet        : GET "/v1/me", parameters={}
lumo-e2e-api  | 2026-09-30T16:02:42.565841656Z 2026-09-30T16:02:42.565Z DEBUG 1 --- [lumo-api] [cat-handler-857] o.s.web.servlet.DispatcherServlet        : GET "/v1/me/entitlement", parameters={}
lumo-e2e-api  | 2026-09-30T16:02:42.565844266Z 2026-09-30T16:02:42.565Z DEBUG 1 --- [lumo-api] [cat-handler-855] o.s.web.servlet.DispatcherServlet        : GET "/v1/sources", parameters={}
lumo-e2e-api  | 2026-09-30T16:02:42.565868246Z 2026-09-30T16:02:42.565Z DEBUG 1 --- [lumo-api] [cat-handler-856] o.s.web.servlet.DispatcherServlet        : GET "/v1/me/devices", parameters={}
lumo-e2e-api  | 2026-09-30T16:02:42.566984140Z 2026-09-30T16:02:42.566Z DEBUG 1 --- [lumo-api] [cat-handler-854] o.s.web.servlet.DispatcherServlet        : Completed 200 OK
lumo-e2e-api  | 2026-09-30T16:02:42.567132020Z 2026-09-30T16:02:42.567Z DEBUG 1 --- [lumo-api] [cat-handler-857] o.s.web.servlet.DispatcherServlet        : Completed 200 OK
lumo-e2e-api  | 2026-09-30T16:02:42.567852448Z 2026-09-30T16:02:42.567Z DEBUG 1 --- [lumo-api] [cat-handler-856] o.s.web.servlet.DispatcherServlet        : Completed 200 OK
lumo-e2e-api  | 2026-09-30T16:02:42.568213364Z 2026-09-30T16:02:42.568Z DEBUG 1 --- [lumo-api] [cat-handler-855] o.s.web.servlet.DispatcherServlet        : Completed 200 OK
lumo-e2e-api  | 2026-09-30T16:02:42.570270459Z 2026-09-30T16:02:42.570Z DEBUG 1 --- [lumo-api] [cat-handler-859] o.s.web.servlet.DispatcherServlet        : GET "/v1/sources/ac4bf1d8-09fc-4f76-a164-b7fcc48829de/vod?page=0&size=1", parameters={masked}
lumo-e2e-api  | 2026-09-30T16:02:42.570282909Z 2026-09-30T16:02:42.570Z DEBUG 1 --- [lumo-api] [cat-handler-858] o.s.web.servlet.DispatcherServlet        : GET "/v1/sources/128f7716-c6f4-45ed-9f25-6a4c3c4035e2/vod?page=0&size=1", parameters={masked}
lumo-e2e-api  | 2026-09-30T16:02:42.571918604Z 2026-09-30T16:02:42.571Z DEBUG 1 --- [lumo-api] [cat-handler-858] o.s.web.servlet.DispatcherServlet        : Completed 200 OK
lumo-e2e-api  | 2026-09-30T16:02:42.573146393Z 2026-09-30T16:02:42.572Z DEBUG 1 --- [lumo-api] [cat-handler-859] o.s.web.servlet.DispatcherServlet        : Completed 200 OK
lumo-e2e-api  | 2026-09-30T16:02:42.663022071Z 2026-09-30T16:02:42.662Z DEBUG 1 --- [lumo-api] [cat-handler-861] o.s.web.servlet.DispatcherServlet        : GET "/v1/sources", parameters={}
lumo-e2e-api  | 2026-09-30T16:02:42.663054221Z 2026-09-30T16:02:42.662Z DEBUG 1 --- [lumo-api] [cat-handler-860] o.s.web.servlet.DispatcherServlet        : GET "/v1/me", parameters={}
lumo-e2e-api  | 2026-09-30T16:02:42.663256262Z 2026-09-30T16:02:42.662Z DEBUG 1 --- [lumo-api] [cat-handler-862] o.s.web.servlet.DispatcherServlet        : GET "/v1/sources/ac4bf1d8-09fc-4f76-a164-b7fcc48829de", parameters={}
lumo-e2e-api  | 2026-09-30T16:02:42.664045144Z 2026-09-30T16:02:42.663Z DEBUG 1 --- [lumo-api] [cat-handler-860] o.s.web.servlet.DispatcherServlet        : Completed 200 OK
lumo-e2e-api  | 2026-09-30T16:02:42.664788822Z 2026-09-30T16:02:42.664Z DEBUG 1 --- [lumo-api] [cat-handler-862] o.s.web.servlet.DispatcherServlet        : Completed 200 OK
lumo-e2e-api  | 2026-09-30T16:02:42.665432584Z 2026-09-30T16:02:42.665Z DEBUG 1 --- [lumo-api] [cat-handler-861] o.s.web.servlet.DispatcherServlet        : Completed 200 OK
lumo-e2e-api  | 2026-09-30T16:02:42.666988699Z 2026-09-30T16:02:42.666Z DEBUG 1 --- [lumo-api] [cat-handler-863] o.s.web.servlet.DispatcherServlet        : GET "/v1/sources/ac4bf1d8-09fc-4f76-a164-b7fcc48829de/vod?page=0&size=1", parameters={masked}
lumo-e2e-api  | 2026-09-30T16:02:42.668797699Z 2026-09-30T16:02:42.668Z DEBUG 1 --- [lumo-api] [cat-handler-863] o.s.web.servlet.DispatcherServlet        : Completed 200 OK
lumo-e2e-api  | 2026-09-30T16:02:42.728594255Z 2026-09-30T16:02:42.728Z DEBUG 1 --- [lumo-api] [cat-handler-865] o.s.web.servlet.DispatcherServlet        : GET "/v1/sources", parameters={}
lumo-e2e-api  | 2026-09-30T16:02:42.728627475Z 2026-09-30T16:02:42.728Z DEBUG 1 --- [lumo-api] [cat-handler-868] o.s.web.servlet.DispatcherServlet        : GET "/v1/sources/ac4bf1d8-09fc-4f76-a164-b7fcc48829de", parameters={}
lumo-e2e-api  | 2026-09-30T16:02:42.728641286Z 2026-09-30T16:02:42.728Z DEBUG 1 --- [lumo-api] [cat-handler-866] o.s.web.servlet.DispatcherServlet        : GET "/v1/sources/ac4bf1d8-09fc-4f76-a164-b7fcc48829de/categories?contentType=LIVE", parameters={masked}
lumo-e2e-api  | 2026-09-30T16:02:42.728881096Z 2026-09-30T16:02:42.728Z DEBUG 1 --- [lumo-api] [cat-handler-867] o.s.web.servlet.DispatcherServlet        : GET "/v1/sources/ac4bf1d8-09fc-4f76-a164-b7fcc48829de/channels?page=0&size=50", parameters={masked}
lumo-e2e-api  | 2026-09-30T16:02:42.728893556Z 2026-09-30T16:02:42.728Z DEBUG 1 --- [lumo-api] [cat-handler-864] o.s.web.servlet.DispatcherServlet        : GET "/v1/me", parameters={}
lumo-e2e-api  | 2026-09-30T16:02:42.728895536Z 2026-09-30T16:02:42.728Z DEBUG 1 --- [lumo-api] [cat-handler-869] o.s.web.servlet.DispatcherServlet        : GET "/v1/me/favorites", parameters={}
lumo-e2e-api  | 2026-09-30T16:02:42.729125987Z 2026-09-30T16:02:42.729Z DEBUG 1 --- [lumo-api] [cat-handler-870] o.s.web.servlet.DispatcherServlet        : GET "/v1/me/recent-channels?limit=12", parameters={masked}
lumo-e2e-api  | 2026-09-30T16:02:42.729406492Z 2026-09-30T16:02:42.729Z DEBUG 1 --- [lumo-api] [cat-handler-864] o.s.web.servlet.DispatcherServlet        : Completed 200 OK
lumo-e2e-api  | 2026-09-30T16:02:42.730133680Z 2026-09-30T16:02:42.729Z DEBUG 1 --- [lumo-api] [cat-handler-866] o.s.web.servlet.DispatcherServlet        : Completed 200 OK
lumo-e2e-api  | 2026-09-30T16:02:42.730142710Z 2026-09-30T16:02:42.729Z DEBUG 1 --- [lumo-api] [cat-handler-869] o.s.web.servlet.DispatcherServlet        : Completed 200 OK
lumo-e2e-api  | 2026-09-30T16:02:42.730144400Z 2026-09-30T16:02:42.729Z DEBUG 1 --- [lumo-api] [cat-handler-870] o.s.web.servlet.DispatcherServlet        : Completed 200 OK
lumo-e2e-api  | 2026-09-30T16:02:42.730145870Z 2026-09-30T16:02:42.729Z DEBUG 1 --- [lumo-api] [cat-handler-868] o.s.web.servlet.DispatcherServlet        : Completed 200 OK
lumo-e2e-api  | 2026-09-30T16:02:42.730428220Z 2026-09-30T16:02:42.730Z DEBUG 1 --- [lumo-api] [cat-handler-865] o.s.web.servlet.DispatcherServlet        : Completed 200 OK
lumo-e2e-api  | 2026-09-30T16:02:42.731058067Z 2026-09-30T16:02:42.730Z DEBUG 1 --- [lumo-api] [cat-handler-871] o.s.web.servlet.DispatcherServlet        : GET "/v1/me/favorite-groups", parameters={}
lumo-e2e-api  | 2026-09-30T16:02:42.731246417Z 2026-09-30T16:02:42.731Z DEBUG 1 --- [lumo-api] [cat-handler-867] o.s.web.servlet.DispatcherServlet        : Completed 200 OK
lumo-e2e-api  | 2026-09-30T16:02:42.731632794Z 2026-09-30T16:02:42.731Z DEBUG 1 --- [lumo-api] [cat-handler-871] o.s.web.servlet.DispatcherServlet        : Completed 200 OK
lumo-e2e-api  | 2026-09-30T16:02:42.735732671Z 2026-09-30T16:02:42.735Z DEBUG 1 --- [lumo-api] [cat-handler-872] o.s.web.servlet.DispatcherServlet        : GET "/v1/sources/ac4bf1d8-09fc-4f76-a164-b7fcc48829de/epg?channelIds=d4394db6-fcde-4dba-98a2-7c5c6dca7230&channelIds=a4d82217-24b0-4c57-9961-f23c62e09fcb&channelIds=d9100273-e503-4498-bbae-1ad039addb99&channelIds=034bfb66-2d33-4418-8e1b-e0c50e5b9bb6&channelIds=6534987f-8bc2-4f25-b126-9ccc3f28005e&channelIds=3560e98b-b2d0-495b-9a83-b6776dd028b5&channelIds=f210445e-250b-48a9-85f4-b314620f02de&channelIds=1bcf698c-361f-4530-8b3d-f8f826b0f0ee&channelIds=9d003860-1e60-4a55-b9b9-b315093b5870&channelIds=ca623f23-b628-4ba2-a3a5-8cf52d567df4&channelIds=8d714b42-250e-43e7-a6b7-3d0d2697872b&channelIds=4fffc83e-e1a1-4d0d-a7af-a00a5cfdaec4&channelIds=7cccea52-a3e5-4b26-9edd-d842359f7c77&channelIds=e4334d00-b43c-433e-8fd6-7ca95cda9a79&channelIds=08a931f6-39ff-459d-81fb-d1988295c46f&channelIds=c038cb6b-3156-4b4d-874d-63859ea181af&channelIds=76286937-4934-4fdb-b3c5-497f05ff77e4&channelIds=cf3e8d4b-4a80-401d-a4f8-d15a34286a6f&channelIds=8e23fe1b-49ed-4d96-bfc3-30a30e142f17&channelIds=aab30c94-6107-4239-a4d9-c240a8097a96&channelIds=a12db5ab-d3fe-4831-a0f5-6ded9fd2e311&channelIds=b13a7c5b-c7e7-4fbb-9309-965779b91088&channelIds=69dcfcf5-c748-4863-a683-540c0e828625&channelIds=008a27df-902a-487f-8841-a2b1a7e4bfa0&channelIds=25afdab1-5964-4b16-a767-f36c57bcf0a8&channelIds=9920fa1e-3a45-47f0-9e9c-116b5d01ced3&channelIds=0fea719a-bb7e-46f6-bd53-1b7906f59a22&channelIds=18b03d0a-5dfb-4fc2-b362-5036a9cadeca&channelIds=d9d18f2c-615b-4bbb-9957-cbdef49fc3b6&channelIds=a1aa1999-29e2-480a-9ab4-748a67876d3f&channelIds=44c64076-d5cb-4acc-a028-6f36644cf55d&channelIds=7582b99b-fb0c-4b5b-aed5-70309095f53b&channelIds=8c694633-b204-437b-97dc-ccd2a4d34e5a&channelIds=dc7d996c-895c-4ff7-b422-276a911d0398&channelIds=47a8be8f-0d0f-45f9-9013-93680e42bdd0&channelIds=b4ebbe95-19de-4c23-8587-44e18cf407ae&channelIds=c55e68e9-8013-481a-b022-f5f5db6e378e&channelIds=fb32546b-2885-4b57-8651-9cc038af62e4&channelIds=8357804e-d028-483c-8bc3-bdc0aff73e1c&channelIds=4c1e8c1e-79e0-4930-a56d-bf2242a58162&channelIds=ef9f420c-9808-4cfe-90a3-003b24c1b96f&channelIds=4820cc74-2ac7-424c-92d2-77103439bed1&channelIds=587bea28-385a-42cc-ac99-0b88ebdff24e&channelIds=df08c3c0-a771-447a-8163-f48df008a947&channelIds=010b0e12-1af4-4c36-8fa4-1cd0ea752768&channelIds=a5bda822-048b-4ba8-b15d-5dd35c3d2192&channelIds=1514d070-70e4-43cf-9c3b-83dab38e41ad&channelIds=3138ab72-b899-43b9-bc77-52bfceef87d9&channelIds=c93d3022-6897-4524-a97a-2a00885809ef&channelIds=3585a276-899b-4d5e-b062-2424d1f4d7e7&from=2026-09-30T16%3A02%3A04.929Z&to=2026-09-30T19%3A02%3A04.929Z", parameters={masked}
lumo-e2e-api  | 2026-09-30T16:02:42.740798871Z 2026-09-30T16:02:42.740Z DEBUG 1 --- [lumo-api] [cat-handler-874] o.s.web.servlet.DispatcherServlet        : GET "/v1/sources", parameters={}
lumo-e2e-api  | 2026-09-30T16:02:42.740829641Z 2026-09-30T16:02:42.740Z DEBUG 1 --- [lumo-api] [cat-handler-876] o.s.web.servlet.DispatcherServlet        : GET "/v1/sources/87a5ecb8-18c5-4ffb-9e0a-c6b309b79e54/channels?page=0&size=50", parameters={masked}
lumo-e2e-api  | 2026-09-30T16:02:42.740857466Z 2026-09-30T16:02:42.740Z DEBUG 1 --- [lumo-api] [cat-handler-873] o.s.web.servlet.DispatcherServlet        : GET "/v1/me", parameters={}
lumo-e2e-api  | 2026-09-30T16:02:42.741017686Z 2026-09-30T16:02:42.740Z DEBUG 1 --- [lumo-api] [cat-handler-875] o.s.web.servlet.DispatcherServlet        : GET "/v1/sources/87a5ecb8-18c5-4ffb-9e0a-c6b309b79e54/categories?contentType=LIVE", parameters={masked}
lumo-e2e-api  | 2026-09-30T16:02:42.741127072Z 2026-09-30T16:02:42.741Z DEBUG 1 --- [lumo-api] [cat-handler-877] o.s.web.servlet.DispatcherServlet        : GET "/v1/sources/87a5ecb8-18c5-4ffb-9e0a-c6b309b79e54", parameters={}
lumo-e2e-api  | 2026-09-30T16:02:42.741452758Z 2026-09-30T16:02:42.741Z DEBUG 1 --- [lumo-api] [cat-handler-878] o.s.web.servlet.DispatcherServlet        : GET "/v1/me/favorites", parameters={}
lumo-e2e-api  | 2026-09-30T16:02:42.742024940Z 2026-09-30T16:02:42.741Z DEBUG 1 --- [lumo-api] [cat-handler-873] o.s.web.servlet.DispatcherServlet        : Completed 200 OK
lumo-e2e-api  | 2026-09-30T16:02:42.742037050Z 2026-09-30T16:02:42.741Z DEBUG 1 --- [lumo-api] [cat-handler-878] o.s.web.servlet.DispatcherServlet        : Completed 200 OK
lumo-e2e-api  | 2026-09-30T16:02:42.742210125Z 2026-09-30T16:02:42.741Z DEBUG 1 --- [lumo-api] [cat-handler-875] o.s.web.servlet.DispatcherServlet        : Completed 200 OK
lumo-e2e-api  | 2026-09-30T16:02:42.742217045Z 2026-09-30T16:02:42.742Z DEBUG 1 --- [lumo-api] [cat-handler-874] o.s.web.servlet.DispatcherServlet        : Completed 200 OK
lumo-e2e-api  | 2026-09-30T16:02:42.742671602Z 2026-09-30T16:02:42.742Z DEBUG 1 --- [lumo-api] [cat-handler-877] o.s.web.servlet.DispatcherServlet        : Completed 200 OK
lumo-e2e-api  | 2026-09-30T16:02:42.742744877Z 2026-09-30T16:02:42.742Z DEBUG 1 --- [lumo-api] [cat-handler-876] o.s.web.servlet.DispatcherServlet        : Completed 200 OK
lumo-e2e-api  | 2026-09-30T16:02:42.743044988Z 2026-09-30T16:02:42.742Z DEBUG 1 --- [lumo-api] [cat-handler-879] o.s.web.servlet.DispatcherServlet        : GET "/v1/me/recent-channels?limit=12", parameters={masked}
lumo-e2e-api  | 2026-09-30T16:02:42.743326599Z 2026-09-30T16:02:42.743Z DEBUG 1 --- [lumo-api] [cat-handler-880] o.s.web.servlet.DispatcherServlet        : GET "/v1/me/favorite-groups", parameters={}
lumo-e2e-api  | 2026-09-30T16:02:42.743738675Z 2026-09-30T16:02:42.743Z DEBUG 1 --- [lumo-api] [cat-handler-879] o.s.web.servlet.DispatcherServlet        : Completed 200 OK
lumo-e2e-api  | 2026-09-30T16:02:42.743954166Z 2026-09-30T16:02:42.743Z DEBUG 1 --- [lumo-api] [cat-handler-880] o.s.web.servlet.DispatcherServlet        : Completed 200 OK
lumo-e2e-api  | 2026-09-30T16:02:42.744832634Z 2026-09-30T16:02:42.744Z DEBUG 1 --- [lumo-api] [cat-handler-872] o.s.web.servlet.DispatcherServlet        : Completed 200 OK
lumo-e2e-api  | 2026-09-30T16:02:42.746849965Z 2026-09-30T16:02:42.746Z DEBUG 1 --- [lumo-api] [cat-handler-881] o.s.web.servlet.DispatcherServlet        : GET "/v1/sources/87a5ecb8-18c5-4ffb-9e0a-c6b309b79e54/epg?channelIds=a9c650d3-6fe0-4328-b20d-176144bf1924&channelIds=fa26e887-bd80-43c3-bc94-b361f67194d7&channelIds=f2c8f57f-8ef1-4b34-90e3-a8c104a4f581&channelIds=bd4069da-3e18-4ed1-b607-2ad0a733de44&channelIds=94bc6706-726a-41be-9773-31c77e06d720&from=2026-09-29T22%3A00%3A00.000Z&to=2026-09-30T22%3A00%3A00.000Z", parameters={masked}
lumo-e2e-api  | 2026-09-30T16:02:42.750789482Z 2026-09-30T16:02:42.750Z DEBUG 1 --- [lumo-api] [cat-handler-881] o.s.web.servlet.DispatcherServlet        : Completed 200 OK
lumo-e2e-api  | 2026-09-30T16:02:42.929987615Z 2026-09-30T16:02:42.929Z DEBUG 1 --- [lumo-api] [cat-handler-884] o.s.web.servlet.DispatcherServlet        : GET "/v1/sources/87a5ecb8-18c5-4ffb-9e0a-c6b309b79e54/categories?contentType=LIVE", parameters={masked}
lumo-e2e-api  | 2026-09-30T16:02:42.930016395Z 2026-09-30T16:02:42.929Z DEBUG 1 --- [lumo-api] [cat-handler-885] o.s.web.servlet.DispatcherServlet        : GET "/v1/sources/87a5ecb8-18c5-4ffb-9e0a-c6b309b79e54/channels?page=0&size=50", parameters={masked}
lumo-e2e-api  | 2026-09-30T16:02:42.930193330Z 2026-09-30T16:02:42.929Z DEBUG 1 --- [lumo-api] [cat-handler-882] o.s.web.servlet.DispatcherServlet        : GET "/v1/me", parameters={}
lumo-e2e-api  | 2026-09-30T16:02:42.930203130Z 2026-09-30T16:02:42.929Z DEBUG 1 --- [lumo-api] [cat-handler-883] o.s.web.servlet.DispatcherServlet        : GET "/v1/sources", parameters={}
lumo-e2e-api  | 2026-09-30T16:02:42.930204970Z 2026-09-30T16:02:42.930Z DEBUG 1 --- [lumo-api] [cat-handler-888] o.s.web.servlet.DispatcherServlet        : GET "/v1/me/recent-channels?limit=12", parameters={masked}
lumo-e2e-api  | 2026-09-30T16:02:42.930488131Z 2026-09-30T16:02:42.929Z DEBUG 1 --- [lumo-api] [cat-handler-886] o.s.web.servlet.DispatcherServlet        : GET "/v1/sources/87a5ecb8-18c5-4ffb-9e0a-c6b309b79e54", parameters={}
lumo-e2e-api  | 2026-09-30T16:02:42.930496831Z 2026-09-30T16:02:42.930Z DEBUG 1 --- [lumo-api] [cat-handler-889] o.s.web.servlet.DispatcherServlet        : GET "/v1/me/favorite-groups", parameters={}
lumo-e2e-api  | 2026-09-30T16:02:42.930562216Z 2026-09-30T16:02:42.930Z DEBUG 1 --- [lumo-api] [cat-handler-887] o.s.web.servlet.DispatcherServlet        : GET "/v1/me/favorites", parameters={}
lumo-e2e-api  | 2026-09-30T16:02:42.931090283Z 2026-09-30T16:02:42.931Z DEBUG 1 --- [lumo-api] [cat-handler-889] o.s.web.servlet.DispatcherServlet        : Completed 200 OK
lumo-e2e-api  | 2026-09-30T16:02:42.931103858Z 2026-09-30T16:02:42.931Z DEBUG 1 --- [lumo-api] [cat-handler-882] o.s.web.servlet.DispatcherServlet        : Completed 200 OK
lumo-e2e-api  | 2026-09-30T16:02:42.931261328Z 2026-09-30T16:02:42.931Z DEBUG 1 --- [lumo-api] [cat-handler-888] o.s.web.servlet.DispatcherServlet        : Completed 200 OK
lumo-e2e-api  | 2026-09-30T16:02:42.932359706Z 2026-09-30T16:02:42.932Z DEBUG 1 --- [lumo-api] [cat-handler-884] o.s.web.servlet.DispatcherServlet        : Completed 200 OK
lumo-e2e-api  | 2026-09-30T16:02:42.932377356Z 2026-09-30T16:02:42.932Z DEBUG 1 --- [lumo-api] [cat-handler-883] o.s.web.servlet.DispatcherServlet        : Completed 200 OK
lumo-e2e-api  | 2026-09-30T16:02:42.932560442Z 2026-09-30T16:02:42.932Z DEBUG 1 --- [lumo-api] [cat-handler-887] o.s.web.servlet.DispatcherServlet        : Completed 200 OK
lumo-e2e-api  | 2026-09-30T16:02:42.932623442Z 2026-09-30T16:02:42.932Z DEBUG 1 --- [lumo-api] [cat-handler-886] o.s.web.servlet.DispatcherServlet        : Completed 200 OK
lumo-e2e-api  | 2026-09-30T16:02:42.933525305Z 2026-09-30T16:02:42.933Z DEBUG 1 --- [lumo-api] [cat-handler-885] o.s.web.servlet.DispatcherServlet        : Completed 200 OK
lumo-e2e-api  | 2026-09-30T16:02:42.937107692Z 2026-09-30T16:02:42.936Z DEBUG 1 --- [lumo-api] [cat-handler-890] o.s.web.servlet.DispatcherServlet        : GET "/v1/sources/87a5ecb8-18c5-4ffb-9e0a-c6b309b79e54/epg?channelIds=a9c650d3-6fe0-4328-b20d-176144bf1924&channelIds=fa26e887-bd80-43c3-bc94-b361f67194d7&channelIds=f2c8f57f-8ef1-4b34-90e3-a8c104a4f581&channelIds=bd4069da-3e18-4ed1-b607-2ad0a733de44&channelIds=94bc6706-726a-41be-9773-31c77e06d720&from=2026-09-29T22%3A00%3A00.000Z&to=2026-09-30T22%3A00%3A00.000Z", parameters={masked}
lumo-e2e-api  | 2026-09-30T16:02:42.946923231Z 2026-09-30T16:02:42.946Z DEBUG 1 --- [lumo-api] [cat-handler-890] o.s.web.servlet.DispatcherServlet        : Completed 200 OK
lumo-e2e-api  | 2026-09-30T16:02:42.998276396Z 2026-09-30T16:02:42.997Z DEBUG 1 --- [lumo-api] [cat-handler-894] o.s.web.servlet.DispatcherServlet        : GET "/v1/sources/ac4bf1d8-09fc-4f76-a164-b7fcc48829de/channels?page=0&size=50", parameters={masked}
lumo-e2e-api  | 2026-09-30T16:02:42.998307666Z 2026-09-30T16:02:42.998Z DEBUG 1 --- [lumo-api] [cat-handler-896] o.s.web.servlet.DispatcherServlet        : GET "/v1/me/favorites", parameters={}
lumo-e2e-api  | 2026-09-30T16:02:42.998311736Z 2026-09-30T16:02:42.997Z DEBUG 1 --- [lumo-api] [cat-handler-892] o.s.web.servlet.DispatcherServlet        : GET "/v1/sources", parameters={}
lumo-e2e-api  | 2026-09-30T16:02:42.998368586Z 2026-09-30T16:02:42.997Z DEBUG 1 --- [lumo-api] [cat-handler-893] o.s.web.servlet.DispatcherServlet        : GET "/v1/sources/ac4bf1d8-09fc-4f76-a164-b7fcc48829de/categories?contentType=LIVE", parameters={masked}
lumo-e2e-api  | 2026-09-30T16:02:42.998380266Z 2026-09-30T16:02:42.997Z DEBUG 1 --- [lumo-api] [cat-handler-895] o.s.web.servlet.DispatcherServlet        : GET "/v1/sources/ac4bf1d8-09fc-4f76-a164-b7fcc48829de", parameters={}
lumo-e2e-api  | 2026-09-30T16:02:42.998468411Z 2026-09-30T16:02:42.997Z DEBUG 1 --- [lumo-api] [cat-handler-891] o.s.web.servlet.DispatcherServlet        : GET "/v1/me", parameters={}
lumo-e2e-api  | 2026-09-30T16:02:42.998586652Z 2026-09-30T16:02:42.998Z DEBUG 1 --- [lumo-api] [cat-handler-897] o.s.web.servlet.DispatcherServlet        : GET "/v1/me/recent-channels?limit=12", parameters={masked}
lumo-e2e-api  | 2026-09-30T16:02:42.999661125Z 2026-09-30T16:02:42.999Z DEBUG 1 --- [lumo-api] [cat-handler-896] o.s.web.servlet.DispatcherServlet        : Completed 200 OK
lumo-e2e-api  | 2026-09-30T16:02:42.999669475Z 2026-09-30T16:02:42.999Z DEBUG 1 --- [lumo-api] [cat-handler-897] o.s.web.servlet.DispatcherServlet        : Completed 200 OK
lumo-e2e-api  | 2026-09-30T16:02:42.999673175Z 2026-09-30T16:02:42.999Z DEBUG 1 --- [lumo-api] [cat-handler-898] o.s.web.servlet.DispatcherServlet        : GET "/v1/me/favorite-groups", parameters={}
lumo-e2e-api  | 2026-09-30T16:02:42.999675075Z 2026-09-30T16:02:42.999Z DEBUG 1 --- [lumo-api] [cat-handler-891] o.s.web.servlet.DispatcherServlet        : Completed 200 OK
lumo-e2e-api  | 2026-09-30T16:02:43.000076276Z 2026-09-30T16:02:42.999Z DEBUG 1 --- [lumo-api] [cat-handler-898] o.s.web.servlet.DispatcherServlet        : Completed 200 OK
lumo-e2e-api  | 2026-09-30T16:02:43.001068364Z 2026-09-30T16:02:43.000Z DEBUG 1 --- [lumo-api] [cat-handler-895] o.s.web.servlet.DispatcherServlet        : Completed 200 OK
lumo-e2e-api  | 2026-09-30T16:02:43.001566511Z 2026-09-30T16:02:43.001Z DEBUG 1 --- [lumo-api] [cat-handler-892] o.s.web.servlet.DispatcherServlet        : Completed 200 OK
lumo-e2e-api  | 2026-09-30T16:02:43.001667881Z 2026-09-30T16:02:43.001Z DEBUG 1 --- [lumo-api] [cat-handler-893] o.s.web.servlet.DispatcherServlet        : Completed 200 OK
lumo-e2e-api  | 2026-09-30T16:02:43.001976797Z 2026-09-30T16:02:43.001Z DEBUG 1 --- [lumo-api] [cat-handler-894] o.s.web.servlet.DispatcherServlet        : Completed 200 OK
lumo-e2e-api  | 2026-09-30T16:02:43.004577359Z 2026-09-30T16:02:43.004Z DEBUG 1 --- [lumo-api] [cat-handler-899] o.s.web.servlet.DispatcherServlet        : GET "/v1/sources/ac4bf1d8-09fc-4f76-a164-b7fcc48829de/epg?channelIds=d4394db6-fcde-4dba-98a2-7c5c6dca7230&channelIds=a4d82217-24b0-4c57-9961-f23c62e09fcb&channelIds=d9100273-e503-4498-bbae-1ad039addb99&channelIds=034bfb66-2d33-4418-8e1b-e0c50e5b9bb6&channelIds=6534987f-8bc2-4f25-b126-9ccc3f28005e&channelIds=3560e98b-b2d0-495b-9a83-b6776dd028b5&channelIds=f210445e-250b-48a9-85f4-b314620f02de&channelIds=1bcf698c-361f-4530-8b3d-f8f826b0f0ee&channelIds=9d003860-1e60-4a55-b9b9-b315093b5870&channelIds=ca623f23-b628-4ba2-a3a5-8cf52d567df4&channelIds=8d714b42-250e-43e7-a6b7-3d0d2697872b&channelIds=4fffc83e-e1a1-4d0d-a7af-a00a5cfdaec4&channelIds=7cccea52-a3e5-4b26-9edd-d842359f7c77&channelIds=e4334d00-b43c-433e-8fd6-7ca95cda9a79&channelIds=08a931f6-39ff-459d-81fb-d1988295c46f&channelIds=c038cb6b-3156-4b4d-874d-63859ea181af&channelIds=76286937-4934-4fdb-b3c5-497f05ff77e4&channelIds=cf3e8d4b-4a80-401d-a4f8-d15a34286a6f&channelIds=8e23fe1b-49ed-4d96-bfc3-30a30e142f17&channelIds=aab30c94-6107-4239-a4d9-c240a8097a96&channelIds=a12db5ab-d3fe-4831-a0f5-6ded9fd2e311&channelIds=b13a7c5b-c7e7-4fbb-9309-965779b91088&channelIds=69dcfcf5-c748-4863-a683-540c0e828625&channelIds=008a27df-902a-487f-8841-a2b1a7e4bfa0&channelIds=25afdab1-5964-4b16-a767-f36c57bcf0a8&channelIds=9920fa1e-3a45-47f0-9e9c-116b5d01ced3&channelIds=0fea719a-bb7e-46f6-bd53-1b7906f59a22&channelIds=18b03d0a-5dfb-4fc2-b362-5036a9cadeca&channelIds=d9d18f2c-615b-4bbb-9957-cbdef49fc3b6&channelIds=a1aa1999-29e2-480a-9ab4-748a67876d3f&channelIds=44c64076-d5cb-4acc-a028-6f36644cf55d&channelIds=7582b99b-fb0c-4b5b-aed5-70309095f53b&channelIds=8c694633-b204-437b-97dc-ccd2a4d34e5a&channelIds=dc7d996c-895c-4ff7-b422-276a911d0398&channelIds=47a8be8f-0d0f-45f9-9013-93680e42bdd0&channelIds=b4ebbe95-19de-4c23-8587-44e18cf407ae&channelIds=c55e68e9-8013-481a-b022-f5f5db6e378e&channelIds=fb32546b-2885-4b57-8651-9cc038af62e4&channelIds=8357804e-d028-483c-8bc3-bdc0aff73e1c&channelIds=4c1e8c1e-79e0-4930-a56d-bf2242a58162&channelIds=ef9f420c-9808-4cfe-90a3-003b24c1b96f&channelIds=4820cc74-2ac7-424c-92d2-77103439bed1&channelIds=587bea28-385a-42cc-ac99-0b88ebdff24e&channelIds=df08c3c0-a771-447a-8163-f48df008a947&channelIds=010b0e12-1af4-4c36-8fa4-1cd0ea752768&channelIds=a5bda822-048b-4ba8-b15d-5dd35c3d2192&channelIds=1514d070-70e4-43cf-9c3b-83dab38e41ad&channelIds=3138ab72-b899-43b9-bc77-52bfceef87d9&channelIds=c93d3022-6897-4524-a97a-2a00885809ef&channelIds=3585a276-899b-4d5e-b062-2424d1f4d7e7&from=2026-09-29T22%3A00%3A00.000Z&to=2026-09-30T22%3A00%3A00.000Z", parameters={masked}
lumo-e2e-api  | 2026-09-30T16:02:43.023972817Z 2026-09-30T16:02:43.023Z DEBUG 1 --- [lumo-api] [cat-handler-899] o.s.web.servlet.DispatcherServlet        : Completed 200 OK
lumo-e2e-api  | 2026-09-30T16:02:43.033414235Z 2026-09-30T16:02:43.033Z DEBUG 1 --- [lumo-api] [cat-handler-900] o.s.web.servlet.DispatcherServlet        : GET "/actuator/health", parameters={}
lumo-e2e-api  | 2026-09-30T16:02:43.035230901Z 2026-09-30T16:02:43.035Z DEBUG 1 --- [lumo-api] [cat-handler-900] o.s.web.servlet.DispatcherServlet        : Completed 200 OK
lumo-e2e-api  | 2026-09-30T16:02:43.145660629Z 2026-09-30T16:02:43.145Z DEBUG 1 --- [lumo-api] [cat-handler-905] o.s.web.servlet.DispatcherServlet        : GET "/v1/sources/87a5ecb8-18c5-4ffb-9e0a-c6b309b79e54", parameters={}
lumo-e2e-api  | 2026-09-30T16:02:43.145696209Z 2026-09-30T16:02:43.145Z DEBUG 1 --- [lumo-api] [cat-handler-904] o.s.web.servlet.DispatcherServlet        : GET "/v1/sources/87a5ecb8-18c5-4ffb-9e0a-c6b309b79e54/categories?contentType=LIVE", parameters={masked}
lumo-e2e-api  | 2026-09-30T16:02:43.145701779Z 2026-09-30T16:02:43.145Z DEBUG 1 --- [lumo-api] [cat-handler-902] o.s.web.servlet.DispatcherServlet        : GET "/v1/me", parameters={}
lumo-e2e-api  | 2026-09-30T16:02:43.145726299Z 2026-09-30T16:02:43.145Z DEBUG 1 --- [lumo-api] [cat-handler-909] o.s.web.servlet.DispatcherServlet        : GET "/v1/me/favorite-groups", parameters={}
lumo-e2e-api  | 2026-09-30T16:02:43.145728459Z 2026-09-30T16:02:43.145Z DEBUG 1 --- [lumo-api] [cat-handler-906] o.s.web.servlet.DispatcherServlet        : GET "/v1/sources", parameters={}
lumo-e2e-api  | 2026-09-30T16:02:43.145729729Z 2026-09-30T16:02:43.145Z DEBUG 1 --- [lumo-api] [cat-handler-903] o.s.web.servlet.DispatcherServlet        : GET "/v1/sources/87a5ecb8-18c5-4ffb-9e0a-c6b309b79e54/channels?page=0&size=50", parameters={masked}
lumo-e2e-api  | 2026-09-30T16:02:43.145819854Z 2026-09-30T16:02:43.145Z DEBUG 1 --- [lumo-api] [cat-handler-908] o.s.web.servlet.DispatcherServlet        : GET "/v1/me/recent-channels?limit=12", parameters={masked}
lumo-e2e-api  | 2026-09-30T16:02:43.146204635Z 2026-09-30T16:02:43.145Z DEBUG 1 --- [lumo-api] [cat-handler-907] o.s.web.servlet.DispatcherServlet        : GET "/v1/me/favorites", parameters={}
lumo-e2e-api  | 2026-09-30T16:02:43.146558972Z 2026-09-30T16:02:43.146Z DEBUG 1 --- [lumo-api] [cat-handler-902] o.s.web.servlet.DispatcherServlet        : Completed 200 OK
lumo-e2e-api  | 2026-09-30T16:02:43.146587392Z 2026-09-30T16:02:43.146Z DEBUG 1 --- [lumo-api] [cat-handler-909] o.s.web.servlet.DispatcherServlet        : Completed 200 OK
lumo-e2e-api  | 2026-09-30T16:02:43.146842702Z 2026-09-30T16:02:43.146Z DEBUG 1 --- [lumo-api] [cat-handler-907] o.s.web.servlet.DispatcherServlet        : Completed 200 OK
lumo-e2e-api  | 2026-09-30T16:02:43.146850033Z 2026-09-30T16:02:43.146Z DEBUG 1 --- [lumo-api] [cat-handler-908] o.s.web.servlet.DispatcherServlet        : Completed 200 OK
lumo-e2e-api  | 2026-09-30T16:02:43.147136533Z 2026-09-30T16:02:43.146Z DEBUG 1 --- [lumo-api] [cat-handler-905] o.s.web.servlet.DispatcherServlet        : Completed 200 OK
lumo-e2e-api  | 2026-09-30T16:02:43.147369489Z 2026-09-30T16:02:43.147Z DEBUG 1 --- [lumo-api] [cat-handler-906] o.s.web.servlet.DispatcherServlet        : Completed 200 OK
lumo-e2e-api  | 2026-09-30T16:02:43.147376629Z 2026-09-30T16:02:43.147Z DEBUG 1 --- [lumo-api] [cat-handler-904] o.s.web.servlet.DispatcherServlet        : Completed 200 OK
lumo-e2e-api  | 2026-09-30T16:02:43.149100834Z 2026-09-30T16:02:43.148Z DEBUG 1 --- [lumo-api] [cat-handler-903] o.s.web.servlet.DispatcherServlet        : Completed 200 OK
lumo-e2e-api  | 2026-09-30T16:02:43.151606396Z 2026-09-30T16:02:43.151Z DEBUG 1 --- [lumo-api] [cat-handler-910] o.s.web.servlet.DispatcherServlet        : GET "/v1/sources/87a5ecb8-18c5-4ffb-9e0a-c6b309b79e54/epg?channelIds=a9c650d3-6fe0-4328-b20d-176144bf1924&channelIds=fa26e887-bd80-43c3-bc94-b361f67194d7&channelIds=f2c8f57f-8ef1-4b34-90e3-a8c104a4f581&channelIds=bd4069da-3e18-4ed1-b607-2ad0a733de44&channelIds=94bc6706-726a-41be-9773-31c77e06d720&from=2026-09-29T22%3A00%3A00.000Z&to=2026-09-30T22%3A00%3A00.000Z", parameters={masked}
lumo-e2e-api  | 2026-09-30T16:02:43.155351038Z 2026-09-30T16:02:43.155Z DEBUG 1 --- [lumo-api] [cat-handler-910] o.s.web.servlet.DispatcherServlet        : Completed 200 OK
lumo-e2e-api  | 2026-09-30T16:02:43.262564526Z 2026-09-30T16:02:43.262Z DEBUG 1 --- [lumo-api] [cat-handler-911] o.s.web.servlet.DispatcherServlet        : GET "/v1/me", parameters={}
lumo-e2e-api  | 2026-09-30T16:02:43.262598746Z 2026-09-30T16:02:43.262Z DEBUG 1 --- [lumo-api] [cat-handler-914] o.s.web.servlet.DispatcherServlet        : GET "/v1/sources/87a5ecb8-18c5-4ffb-9e0a-c6b309b79e54/channels?page=0&size=50", parameters={masked}
lumo-e2e-api  | 2026-09-30T16:02:43.262667986Z 2026-09-30T16:02:43.262Z DEBUG 1 --- [lumo-api] [cat-handler-912] o.s.web.servlet.DispatcherServlet        : GET "/v1/sources", parameters={}
lumo-e2e-api  | 2026-09-30T16:02:43.262677556Z 2026-09-30T16:02:43.262Z DEBUG 1 --- [lumo-api] [cat-handler-913] o.s.web.servlet.DispatcherServlet        : GET "/v1/sources/87a5ecb8-18c5-4ffb-9e0a-c6b309b79e54/categories?contentType=LIVE", parameters={masked}
lumo-e2e-api  | 2026-09-30T16:02:43.262850069Z 2026-09-30T16:02:43.262Z DEBUG 1 --- [lumo-api] [cat-handler-915] o.s.web.servlet.DispatcherServlet        : GET "/v1/sources/87a5ecb8-18c5-4ffb-9e0a-c6b309b79e54", parameters={}
lumo-e2e-api  | 2026-09-30T16:02:43.262859409Z 2026-09-30T16:02:43.262Z DEBUG 1 --- [lumo-api] [cat-handler-916] o.s.web.servlet.DispatcherServlet        : GET "/v1/me/favorites", parameters={}
lumo-e2e-api  | 2026-09-30T16:02:43.262861399Z 2026-09-30T16:02:43.262Z DEBUG 1 --- [lumo-api] [cat-handler-917] o.s.web.servlet.DispatcherServlet        : GET "/v1/me/recent-channels?limit=12", parameters={masked}
lumo-e2e-api  | 2026-09-30T16:02:43.263188117Z 2026-09-30T16:02:43.262Z DEBUG 1 --- [lumo-api] [cat-handler-918] o.s.web.servlet.DispatcherServlet        : GET "/v1/me/favorite-groups", parameters={}
lumo-e2e-api  | 2026-09-30T16:02:43.263576808Z 2026-09-30T16:02:43.263Z DEBUG 1 --- [lumo-api] [cat-handler-911] o.s.web.servlet.DispatcherServlet        : Completed 200 OK
lumo-e2e-api  | 2026-09-30T16:02:43.263585008Z 2026-09-30T16:02:43.263Z DEBUG 1 --- [lumo-api] [cat-handler-917] o.s.web.servlet.DispatcherServlet        : Completed 200 OK
lumo-e2e-api  | 2026-09-30T16:02:43.263626724Z 2026-09-30T16:02:43.263Z DEBUG 1 --- [lumo-api] [cat-handler-918] o.s.web.servlet.DispatcherServlet        : Completed 200 OK
lumo-e2e-api  | 2026-09-30T16:02:43.263768294Z 2026-09-30T16:02:43.263Z DEBUG 1 --- [lumo-api] [cat-handler-913] o.s.web.servlet.DispatcherServlet        : Completed 200 OK
lumo-e2e-api  | 2026-09-30T16:02:43.263775784Z 2026-09-30T16:02:43.263Z DEBUG 1 --- [lumo-api] [cat-handler-915] o.s.web.servlet.DispatcherServlet        : Completed 200 OK
lumo-e2e-api  | 2026-09-30T16:02:43.264143770Z 2026-09-30T16:02:43.263Z DEBUG 1 --- [lumo-api] [cat-handler-916] o.s.web.servlet.DispatcherServlet        : Completed 200 OK
lumo-e2e-api  | 2026-09-30T16:02:43.264930422Z 2026-09-30T16:02:43.264Z DEBUG 1 --- [lumo-api] [cat-handler-912] o.s.web.servlet.DispatcherServlet        : Completed 200 OK
lumo-e2e-api  | 2026-09-30T16:02:43.265873205Z 2026-09-30T16:02:43.265Z DEBUG 1 --- [lumo-api] [cat-handler-914] o.s.web.servlet.DispatcherServlet        : Completed 200 OK
lumo-e2e-api  | 2026-09-30T16:02:43.268866290Z 2026-09-30T16:02:43.268Z DEBUG 1 --- [lumo-api] [cat-handler-919] o.s.web.servlet.DispatcherServlet        : GET "/v1/sources/87a5ecb8-18c5-4ffb-9e0a-c6b309b79e54/epg?channelIds=a9c650d3-6fe0-4328-b20d-176144bf1924&channelIds=fa26e887-bd80-43c3-bc94-b361f67194d7&channelIds=f2c8f57f-8ef1-4b34-90e3-a8c104a4f581&channelIds=bd4069da-3e18-4ed1-b607-2ad0a733de44&channelIds=94bc6706-726a-41be-9773-31c77e06d720&from=2026-09-29T22%3A00%3A00.000Z&to=2026-09-30T22%3A00%3A00.000Z", parameters={masked}
lumo-e2e-api  | 2026-09-30T16:02:43.272835587Z 2026-09-30T16:02:43.272Z DEBUG 1 --- [lumo-api] [cat-handler-919] o.s.web.servlet.DispatcherServlet        : Completed 200 OK
lumo-e2e-api  | 2026-09-30T16:02:43.628205798Z 2026-09-30T16:02:43.627Z DEBUG 1 --- [lumo-api] [cat-handler-920] o.s.web.servlet.DispatcherServlet        : GET "/v1/me", parameters={}
lumo-e2e-api  | 2026-09-30T16:02:43.628238458Z 2026-09-30T16:02:43.627Z DEBUG 1 --- [lumo-api] [cat-handler-921] o.s.web.servlet.DispatcherServlet        : GET "/v1/sources", parameters={}
lumo-e2e-api  | 2026-09-30T16:02:43.629132701Z 2026-09-30T16:02:43.628Z DEBUG 1 --- [lumo-api] [cat-handler-920] o.s.web.servlet.DispatcherServlet        : Completed 200 OK
lumo-e2e-api  | 2026-09-30T16:02:43.630648938Z 2026-09-30T16:02:43.630Z DEBUG 1 --- [lumo-api] [cat-handler-921] o.s.web.servlet.DispatcherServlet        : Completed 200 OK
lumo-e2e-api  | 2026-09-30T16:02:43.778919134Z 2026-09-30T16:02:43.778Z DEBUG 1 --- [lumo-api] [cat-handler-922] o.s.web.servlet.DispatcherServlet        : GET "/v1/sources", parameters={}
lumo-e2e-api  | 2026-09-30T16:02:43.781444929Z 2026-09-30T16:02:43.781Z DEBUG 1 --- [lumo-api] [cat-handler-922] o.s.web.servlet.DispatcherServlet        : Completed 200 OK
lumo-e2e-api  | 2026-09-30T16:02:43.783590576Z 2026-09-30T16:02:43.783Z DEBUG 1 --- [lumo-api] [cat-handler-923] o.s.web.servlet.DispatcherServlet        : POST "/v1/sources", parameters={}
lumo-e2e-api  | 2026-09-30T16:02:43.828250167Z 2026-09-30T16:02:43.827Z  INFO 1 --- [lumo-api] [   virtual-1024] tv.lumo.api.ingest.IngestionService      : Ingesting source 2e84de86-1607-4cc1-bb90-a1c28f11f3fe (M3U_URL)
lumo-e2e-api  | 2026-09-30T16:02:43.828623173Z 2026-09-30T16:02:43.828Z DEBUG 1 --- [lumo-api] [cat-handler-923] o.s.web.servlet.DispatcherServlet        : Completed 202 ACCEPTED
lumo-e2e-api  | 2026-09-30T16:02:43.839194245Z 2026-09-30T16:02:43.838Z DEBUG 1 --- [lumo-api] [cat-handler-925] o.s.web.servlet.DispatcherServlet        : GET "/v1/sources", parameters={}
lumo-e2e-api  | 2026-09-30T16:02:43.839223905Z 2026-09-30T16:02:43.838Z DEBUG 1 --- [lumo-api] [cat-handler-924] o.s.web.servlet.DispatcherServlet        : GET "/v1/me", parameters={}
lumo-e2e-api  | 2026-09-30T16:02:43.839225875Z 2026-09-30T16:02:43.838Z DEBUG 1 --- [lumo-api] [cat-handler-926] o.s.web.servlet.DispatcherServlet        : GET "/v1/sources/2e84de86-1607-4cc1-bb90-a1c28f11f3fe", parameters={}
lumo-e2e-api  | 2026-09-30T16:02:43.840294028Z 2026-09-30T16:02:43.840Z  INFO 1 --- [lumo-api] [   virtual-1024] tv.lumo.api.ingest.IngestionService      : Source 2e84de86-1607-4cc1-bb90-a1c28f11f3fe: ingested 100 channel(s) and 0 film(s) from playlist
lumo-e2e-api  | 2026-09-30T16:02:43.840425008Z 2026-09-30T16:02:43.840Z DEBUG 1 --- [lumo-api] [cat-handler-924] o.s.web.servlet.DispatcherServlet        : Completed 200 OK
lumo-e2e-api  | 2026-09-30T16:02:43.840436288Z 2026-09-30T16:02:43.840Z DEBUG 1 --- [lumo-api] [cat-handler-926] o.s.web.servlet.DispatcherServlet        : Completed 200 OK
lumo-e2e-api  | 2026-09-30T16:02:43.841229021Z 2026-09-30T16:02:43.841Z DEBUG 1 --- [lumo-api] [cat-handler-925] o.s.web.servlet.DispatcherServlet        : Completed 200 OK
lumo-e2e-api  | 2026-09-30T16:02:44.344755217Z 2026-09-30T16:02:44.344Z DEBUG 1 --- [lumo-api] [   virtual-1024] t.l.api.ingest.xmltv.XmltvStreamParser   : Parsed 19200 programme(s) inside the retention window
lumo-e2e-api  | 2026-09-30T16:02:44.350103203Z 2026-09-30T16:02:44.349Z  INFO 1 --- [lumo-api] [   virtual-1024] tv.lumo.api.ingest.IngestionService      : Source 2e84de86-1607-4cc1-bb90-a1c28f11f3fe is READY
lumo-e2e-api  | 2026-09-30T16:02:46.865704090Z 2026-09-30T16:02:46.864Z DEBUG 1 --- [lumo-api] [cat-handler-927] o.s.web.servlet.DispatcherServlet        : GET "/v1/me", parameters={}
lumo-e2e-api  | 2026-09-30T16:02:46.865906000Z 2026-09-30T16:02:46.865Z DEBUG 1 --- [lumo-api] [cat-handler-928] o.s.web.servlet.DispatcherServlet        : GET "/v1/sources/2e84de86-1607-4cc1-bb90-a1c28f11f3fe", parameters={}
lumo-e2e-api  | 2026-09-30T16:02:46.865983783Z 2026-09-30T16:02:46.865Z DEBUG 1 --- [lumo-api] [cat-handler-929] o.s.web.servlet.DispatcherServlet        : GET "/v1/sources", parameters={}
lumo-e2e-api  | 2026-09-30T16:02:46.869507438Z 2026-09-30T16:02:46.868Z DEBUG 1 --- [lumo-api] [cat-handler-927] o.s.web.servlet.DispatcherServlet        : Completed 200 OK
lumo-e2e-api  | 2026-09-30T16:02:46.870825849Z 2026-09-30T16:02:46.870Z DEBUG 1 --- [lumo-api] [cat-handler-928] o.s.web.servlet.DispatcherServlet        : Completed 200 OK
lumo-e2e-api  | 2026-09-30T16:02:46.873360911Z 2026-09-30T16:02:46.870Z DEBUG 1 --- [lumo-api] [cat-handler-929] o.s.web.servlet.DispatcherServlet        : Completed 200 OK
lumo-e2e-api  | 2026-09-30T16:02:46.874986208Z 2026-09-30T16:02:46.874Z DEBUG 1 --- [lumo-api] [cat-handler-930] o.s.web.servlet.DispatcherServlet        : GET "/v1/sources/2e84de86-1607-4cc1-bb90-a1c28f11f3fe/vod?page=0&size=1", parameters={masked}
lumo-e2e-api  | 2026-09-30T16:02:46.878197961Z 2026-09-30T16:02:46.878Z DEBUG 1 --- [lumo-api] [cat-handler-930] o.s.web.servlet.DispatcherServlet        : Completed 200 OK
lumo-e2e-api  | 2026-09-30T16:02:47.179543884Z 2026-09-30T16:02:47.179Z DEBUG 1 --- [lumo-api] [cat-handler-931] o.s.web.servlet.DispatcherServlet        : GET "/v1/me", parameters={}
lumo-e2e-api  | 2026-09-30T16:02:47.179575255Z 2026-09-30T16:02:47.179Z DEBUG 1 --- [lumo-api] [cat-handler-933] o.s.web.servlet.DispatcherServlet        : GET "/v1/me/entitlement", parameters={}
lumo-e2e-api  | 2026-09-30T16:02:47.179577265Z 2026-09-30T16:02:47.179Z DEBUG 1 --- [lumo-api] [cat-handler-932] o.s.web.servlet.DispatcherServlet        : GET "/v1/sources", parameters={}
lumo-e2e-api  | 2026-09-30T16:02:47.179689550Z 2026-09-30T16:02:47.179Z DEBUG 1 --- [lumo-api] [cat-handler-934] o.s.web.servlet.DispatcherServlet        : GET "/v1/me/devices", parameters={}
lumo-e2e-api  | 2026-09-30T16:02:47.180657224Z 2026-09-30T16:02:47.180Z DEBUG 1 --- [lumo-api] [cat-handler-931] o.s.web.servlet.DispatcherServlet        : Completed 200 OK
lumo-e2e-api  | 2026-09-30T16:02:47.180876972Z 2026-09-30T16:02:47.180Z DEBUG 1 --- [lumo-api] [cat-handler-933] o.s.web.servlet.DispatcherServlet        : Completed 200 OK
lumo-e2e-api  | 2026-09-30T16:02:47.181682923Z 2026-09-30T16:02:47.181Z DEBUG 1 --- [lumo-api] [cat-handler-934] o.s.web.servlet.DispatcherServlet        : Completed 200 OK
lumo-e2e-api  | 2026-09-30T16:02:47.182860889Z 2026-09-30T16:02:47.182Z DEBUG 1 --- [lumo-api] [cat-handler-932] o.s.web.servlet.DispatcherServlet        : Completed 200 OK
lumo-e2e-api  | 2026-09-30T16:02:47.184236032Z 2026-09-30T16:02:47.184Z DEBUG 1 --- [lumo-api] [cat-handler-935] o.s.web.servlet.DispatcherServlet        : GET "/v1/sources/128f7716-c6f4-45ed-9f25-6a4c3c4035e2/vod?page=0&size=1", parameters={masked}
lumo-e2e-api  | 2026-09-30T16:02:47.184252822Z 2026-09-30T16:02:47.184Z DEBUG 1 --- [lumo-api] [cat-handler-936] o.s.web.servlet.DispatcherServlet        : GET "/v1/sources/ac4bf1d8-09fc-4f76-a164-b7fcc48829de/vod?page=0&size=1", parameters={masked}
lumo-e2e-api  | 2026-09-30T16:02:47.184505872Z 2026-09-30T16:02:47.184Z DEBUG 1 --- [lumo-api] [cat-handler-937] o.s.web.servlet.DispatcherServlet        : GET "/v1/sources/2e84de86-1607-4cc1-bb90-a1c28f11f3fe/vod?page=0&size=1", parameters={masked}
lumo-e2e-api  | 2026-09-30T16:02:47.185946497Z 2026-09-30T16:02:47.185Z DEBUG 1 --- [lumo-api] [cat-handler-935] o.s.web.servlet.DispatcherServlet        : Completed 200 OK
lumo-e2e-api  | 2026-09-30T16:02:47.186429405Z 2026-09-30T16:02:47.186Z DEBUG 1 --- [lumo-api] [cat-handler-937] o.s.web.servlet.DispatcherServlet        : Completed 200 OK
lumo-e2e-api  | 2026-09-30T16:02:47.186438226Z 2026-09-30T16:02:47.186Z DEBUG 1 --- [lumo-api] [cat-handler-936] o.s.web.servlet.DispatcherServlet        : Completed 200 OK
lumo-e2e-api  | 2026-09-30T16:02:47.259460964Z 2026-09-30T16:02:47.259Z DEBUG 1 --- [lumo-api] [cat-handler-938] o.s.web.servlet.DispatcherServlet        : GET "/v1/me", parameters={}
lumo-e2e-api  | 2026-09-30T16:02:47.259493406Z 2026-09-30T16:02:47.259Z DEBUG 1 --- [lumo-api] [cat-handler-939] o.s.web.servlet.DispatcherServlet        : GET "/v1/sources/2e84de86-1607-4cc1-bb90-a1c28f11f3fe", parameters={}
lumo-e2e-api  | 2026-09-30T16:02:47.259495556Z 2026-09-30T16:02:47.259Z DEBUG 1 --- [lumo-api] [cat-handler-940] o.s.web.servlet.DispatcherServlet        : GET "/v1/sources", parameters={}
lumo-e2e-api  | 2026-09-30T16:02:47.260353139Z 2026-09-30T16:02:47.260Z DEBUG 1 --- [lumo-api] [cat-handler-938] o.s.web.servlet.DispatcherServlet        : Completed 200 OK
lumo-e2e-api  | 2026-09-30T16:02:47.260951702Z 2026-09-30T16:02:47.260Z DEBUG 1 --- [lumo-api] [cat-handler-939] o.s.web.servlet.DispatcherServlet        : Completed 200 OK
lumo-e2e-api  | 2026-09-30T16:02:47.262116342Z 2026-09-30T16:02:47.261Z DEBUG 1 --- [lumo-api] [cat-handler-940] o.s.web.servlet.DispatcherServlet        : Completed 200 OK
lumo-e2e-api  | 2026-09-30T16:02:47.263227119Z 2026-09-30T16:02:47.263Z DEBUG 1 --- [lumo-api] [cat-handler-941] o.s.web.servlet.DispatcherServlet        : GET "/v1/sources/2e84de86-1607-4cc1-bb90-a1c28f11f3fe/vod?page=0&size=1", parameters={masked}
lumo-e2e-api  | 2026-09-30T16:02:47.264662115Z 2026-09-30T16:02:47.264Z DEBUG 1 --- [lumo-api] [cat-handler-941] o.s.web.servlet.DispatcherServlet        : Completed 200 OK
lumo-e2e-api  | 2026-09-30T16:02:47.326975891Z 2026-09-30T16:02:47.326Z DEBUG 1 --- [lumo-api] [cat-handler-943] o.s.web.servlet.DispatcherServlet        : GET "/v1/sources/2e84de86-1607-4cc1-bb90-a1c28f11f3fe/categories?contentType=LIVE", parameters={masked}
lumo-e2e-api  | 2026-09-30T16:02:47.327008192Z 2026-09-30T16:02:47.326Z DEBUG 1 --- [lumo-api] [cat-handler-949] o.s.web.servlet.DispatcherServlet        : GET "/v1/me/favorite-groups", parameters={}
lumo-e2e-api  | 2026-09-30T16:02:47.327009982Z 2026-09-30T16:02:47.326Z DEBUG 1 --- [lumo-api] [cat-handler-942] o.s.web.servlet.DispatcherServlet        : GET "/v1/me", parameters={}
lumo-e2e-api  | 2026-09-30T16:02:47.327011402Z 2026-09-30T16:02:47.326Z DEBUG 1 --- [lumo-api] [cat-handler-947] o.s.web.servlet.DispatcherServlet        : GET "/v1/me/favorites", parameters={}
lumo-e2e-api  | 2026-09-30T16:02:47.327100001Z 2026-09-30T16:02:47.326Z DEBUG 1 --- [lumo-api] [cat-handler-944] o.s.web.servlet.DispatcherServlet        : GET "/v1/sources", parameters={}
lumo-e2e-api  | 2026-09-30T16:02:47.327192229Z 2026-09-30T16:02:47.326Z DEBUG 1 --- [lumo-api] [cat-handler-945] o.s.web.servlet.DispatcherServlet        : GET "/v1/sources/2e84de86-1607-4cc1-bb90-a1c28f11f3fe/channels?page=0&size=50", parameters={masked}
lumo-e2e-api  | 2026-09-30T16:02:47.327216330Z 2026-09-30T16:02:47.326Z DEBUG 1 --- [lumo-api] [cat-handler-946] o.s.web.servlet.DispatcherServlet        : GET "/v1/sources/2e84de86-1607-4cc1-bb90-a1c28f11f3fe", parameters={}
lumo-e2e-api  | 2026-09-30T16:02:47.327264052Z 2026-09-30T16:02:47.326Z DEBUG 1 --- [lumo-api] [cat-handler-948] o.s.web.servlet.DispatcherServlet        : GET "/v1/me/recent-channels?limit=12", parameters={masked}
lumo-e2e-api  | 2026-09-30T16:02:47.327881161Z 2026-09-30T16:02:47.327Z DEBUG 1 --- [lumo-api] [cat-handler-942] o.s.web.servlet.DispatcherServlet        : Completed 200 OK
lumo-e2e-api  | 2026-09-30T16:02:47.327888471Z 2026-09-30T16:02:47.327Z DEBUG 1 --- [lumo-api] [cat-handler-949] o.s.web.servlet.DispatcherServlet        : Completed 200 OK
lumo-e2e-api  | 2026-09-30T16:02:47.327890091Z 2026-09-30T16:02:47.327Z DEBUG 1 --- [lumo-api] [cat-handler-947] o.s.web.servlet.DispatcherServlet        : Completed 200 OK
lumo-e2e-api  | 2026-09-30T16:02:47.327895391Z 2026-09-30T16:02:47.327Z DEBUG 1 --- [lumo-api] [cat-handler-948] o.s.web.servlet.DispatcherServlet        : Completed 200 OK
lumo-e2e-api  | 2026-09-30T16:02:47.327988445Z 2026-09-30T16:02:47.327Z DEBUG 1 --- [lumo-api] [cat-handler-943] o.s.web.servlet.DispatcherServlet        : Completed 200 OK
lumo-e2e-api  | 2026-09-30T16:02:47.328613603Z 2026-09-30T16:02:47.328Z DEBUG 1 --- [lumo-api] [cat-handler-946] o.s.web.servlet.DispatcherServlet        : Completed 200 OK
lumo-e2e-api  | 2026-09-30T16:02:47.330401842Z 2026-09-30T16:02:47.330Z DEBUG 1 --- [lumo-api] [cat-handler-944] o.s.web.servlet.DispatcherServlet        : Completed 200 OK
lumo-e2e-api  | 2026-09-30T16:02:47.331167987Z 2026-09-30T16:02:47.330Z DEBUG 1 --- [lumo-api] [cat-handler-945] o.s.web.servlet.DispatcherServlet        : Completed 200 OK
lumo-e2e-api  | 2026-09-30T16:02:47.334350084Z 2026-09-30T16:02:47.334Z DEBUG 1 --- [lumo-api] [cat-handler-950] o.s.web.servlet.DispatcherServlet        : GET "/v1/sources/2e84de86-1607-4cc1-bb90-a1c28f11f3fe/epg?channelIds=9394f679-3600-4eea-ae31-925859c830c7&channelIds=d0322363-c867-4eee-88e0-73daab80eba8&channelIds=91a6f8e3-8fc7-4aed-9623-a7fda1e0695d&channelIds=16d39bcf-82ec-48e9-973a-f548817a6e17&channelIds=1388efa2-b6da-46c8-a69b-02c7f3b2dc91&channelIds=db1975f5-875c-4612-ab4c-77b3a24a5e2b&channelIds=6443bf3f-5a9b-4e9d-976c-62f3b1faf26b&channelIds=e4e25b20-42c2-49aa-9910-893d767e94ad&channelIds=93ac2dfc-649b-4cc5-8914-b9f46072dae9&channelIds=6abbedea-54b9-4d10-991f-1b85dcc7ca08&channelIds=0af97a20-f007-4937-a067-86c7a43da5f5&channelIds=46170a0f-0e99-436c-8528-b40b51672095&channelIds=b32a8510-c983-400d-8e21-66a5ea3f8688&channelIds=b2fb0f26-e2a0-457f-87e2-92005ffb1edf&channelIds=0a7680eb-1425-47fc-93e8-2cf9a2ba9018&channelIds=246a11d6-f7f9-425e-8abd-7234620e97a5&channelIds=140579cc-c943-425f-b285-9cfccf427ff6&channelIds=72f54ea8-8237-4353-890c-e07dcffd1a59&channelIds=7d794b23-8c1d-469b-b29d-7b2774bd1fbb&channelIds=1a1a2796-0d43-41d6-b37b-8f7a18ffc8a3&channelIds=f28b92db-f723-43f2-bcb6-1cbd23473f11&channelIds=9f3dd76f-647b-4b69-8ea0-75b3dabcf4e0&channelIds=d53f8142-7b6f-4da2-a059-fffd55ae8b0c&channelIds=1ba01e8d-fbb2-4090-a34d-a343e44fe51e&channelIds=d173f40c-74db-49c8-ae8e-0058401f5635&channelIds=81eb1b1b-6169-45ca-9a90-7cc39e502f93&channelIds=f20ff613-733d-4317-aa73-1c8cc1d8e2bf&channelIds=b072c4c1-b5ae-43e7-9abd-417e50803d98&channelIds=f0481f2c-cb5d-4b22-9ebe-81a772316484&channelIds=8a05d59f-98f1-4048-aabc-e8f4a5d98be4&channelIds=affdf316-a0b4-4ec8-a7cc-02f237867ee9&channelIds=f3ca78a1-ada6-4d40-bd4c-4623f315464a&channelIds=13aaba1f-0c98-4df8-b038-abab15465d65&channelIds=82394ffe-e336-42b2-9c6f-2a8556a0c434&channelIds=4accb504-cbe7-40eb-8a65-9b1b34522d92&channelIds=31f4b3f9-a9f2-450a-88cb-6ed3a55ba5f4&channelIds=e908af98-f337-49ea-9d71-e254503cb2c6&channelIds=26b12736-fae3-472b-813c-4128c751c79b&channelIds=2bcdb311-7142-404e-a536-74e3101d8d84&channelIds=bf2d1d7d-2e1e-4caf-940f-9c3596be8dc7&channelIds=ab1ad0a8-89fe-4757-991e-6ee53d87af4e&channelIds=a6f16729-11f1-4dc1-b97a-1543cc3cc1cb&channelIds=85550777-8ebd-498d-a351-92e2f75bcae9&channelIds=7a97879f-549d-4516-8db1-29965d0b69f1&channelIds=22c8dc71-4129-4d85-9b0c-6e1d6f5048f5&channelIds=55915b3b-1a99-485f-a2fe-f8efcf054740&channelIds=c495187d-6986-4b5b-9886-297d7a4c59e5&channelIds=6cb9eb31-3d6e-4171-82b3-12c8cc1c6bcf&channelIds=9db584a7-8870-44b7-8b38-0a8bb6cc4f39&channelIds=254d51fa-4d8f-4b02-8e8f-7af601f652ca&from=2026-09-30T16%3A02%3A04.929Z&to=2026-09-30T19%3A02%3A04.929Z", parameters={masked}
lumo-e2e-api  | 2026-09-30T16:02:47.341445805Z 2026-09-30T16:02:47.341Z DEBUG 1 --- [lumo-api] [cat-handler-950] o.s.web.servlet.DispatcherServlet        : Completed 200 OK
lumo-e2e-api  | 2026-09-30T16:02:47.613402684Z 2026-09-30T16:02:47.612Z DEBUG 1 --- [lumo-api] [cat-handler-952] o.s.web.servlet.DispatcherServlet        : GET "/v1/sources", parameters={}
lumo-e2e-api  | 2026-09-30T16:02:47.613430105Z 2026-09-30T16:02:47.612Z DEBUG 1 --- [lumo-api] [cat-handler-951] o.s.web.servlet.DispatcherServlet        : GET "/v1/me", parameters={}
lumo-e2e-api  | 2026-09-30T16:02:47.613434545Z 2026-09-30T16:02:47.612Z DEBUG 1 --- [lumo-api] [cat-handler-953] o.s.web.servlet.DispatcherServlet        : GET "/v1/sources/2e84de86-1607-4cc1-bb90-a1c28f11f3fe/categories?contentType=LIVE", parameters={masked}
lumo-e2e-api  | 2026-09-30T16:02:47.613818770Z 2026-09-30T16:02:47.613Z DEBUG 1 --- [lumo-api] [cat-handler-955] o.s.web.servlet.DispatcherServlet        : GET "/v1/sources/2e84de86-1607-4cc1-bb90-a1c28f11f3fe", parameters={}
lumo-e2e-api  | 2026-09-30T16:02:47.613832241Z 2026-09-30T16:02:47.613Z DEBUG 1 --- [lumo-api] [cat-handler-954] o.s.web.servlet.DispatcherServlet        : GET "/v1/me/favorites", parameters={}
lumo-e2e-api  | 2026-09-30T16:02:47.613834211Z 2026-09-30T16:02:47.613Z DEBUG 1 --- [lumo-api] [cat-handler-956] o.s.web.servlet.DispatcherServlet        : GET "/v1/me/recent-channels?limit=12", parameters={masked}
lumo-e2e-api  | 2026-09-30T16:02:47.614380352Z 2026-09-30T16:02:47.613Z DEBUG 1 --- [lumo-api] [cat-handler-951] o.s.web.servlet.DispatcherServlet        : Completed 200 OK
lumo-e2e-api  | 2026-09-30T16:02:47.614391012Z 2026-09-30T16:02:47.614Z DEBUG 1 --- [lumo-api] [cat-handler-956] o.s.web.servlet.DispatcherServlet        : Completed 200 OK
lumo-e2e-api  | 2026-09-30T16:02:47.615677462Z 2026-09-30T16:02:47.614Z DEBUG 1 --- [lumo-api] [cat-handler-957] o.s.web.servlet.DispatcherServlet        : GET "/v1/me/favorite-groups", parameters={}
lumo-e2e-api  | 2026-09-30T16:02:47.615688872Z 2026-09-30T16:02:47.614Z DEBUG 1 --- [lumo-api] [cat-handler-954] o.s.web.servlet.DispatcherServlet        : Completed 200 OK
lumo-e2e-api  | 2026-09-30T16:02:47.615690542Z 2026-09-30T16:02:47.614Z DEBUG 1 --- [lumo-api] [cat-handler-953] o.s.web.servlet.DispatcherServlet        : Completed 200 OK
lumo-e2e-api  | 2026-09-30T16:02:47.615691932Z 2026-09-30T16:02:47.615Z DEBUG 1 --- [lumo-api] [cat-handler-955] o.s.web.servlet.DispatcherServlet        : Completed 200 OK
lumo-e2e-api  | 2026-09-30T16:02:47.615693082Z 2026-09-30T16:02:47.615Z DEBUG 1 --- [lumo-api] [cat-handler-957] o.s.web.servlet.DispatcherServlet        : Completed 200 OK
lumo-e2e-api  | 2026-09-30T16:02:47.615694133Z 2026-09-30T16:02:47.615Z DEBUG 1 --- [lumo-api] [cat-handler-952] o.s.web.servlet.DispatcherServlet        : Completed 200 OK
lumo-e2e-api  | 2026-09-30T16:02:47.617368090Z 2026-09-30T16:02:47.617Z DEBUG 1 --- [lumo-api] [cat-handler-958] o.s.web.servlet.DispatcherServlet        : GET "/v1/sources/2e84de86-1607-4cc1-bb90-a1c28f11f3fe/channels?page=0&size=50", parameters={masked}
lumo-e2e-api  | 2026-09-30T16:02:47.620715026Z 2026-09-30T16:02:47.620Z DEBUG 1 --- [lumo-api] [cat-handler-958] o.s.web.servlet.DispatcherServlet        : Completed 200 OK
lumo-e2e-api  | 2026-09-30T16:02:47.623411603Z 2026-09-30T16:02:47.623Z DEBUG 1 --- [lumo-api] [cat-handler-959] o.s.web.servlet.DispatcherServlet        : GET "/v1/sources/2e84de86-1607-4cc1-bb90-a1c28f11f3fe/epg?channelIds=9394f679-3600-4eea-ae31-925859c830c7&channelIds=d0322363-c867-4eee-88e0-73daab80eba8&channelIds=91a6f8e3-8fc7-4aed-9623-a7fda1e0695d&channelIds=16d39bcf-82ec-48e9-973a-f548817a6e17&channelIds=1388efa2-b6da-46c8-a69b-02c7f3b2dc91&channelIds=db1975f5-875c-4612-ab4c-77b3a24a5e2b&channelIds=6443bf3f-5a9b-4e9d-976c-62f3b1faf26b&channelIds=e4e25b20-42c2-49aa-9910-893d767e94ad&channelIds=93ac2dfc-649b-4cc5-8914-b9f46072dae9&channelIds=6abbedea-54b9-4d10-991f-1b85dcc7ca08&channelIds=0af97a20-f007-4937-a067-86c7a43da5f5&channelIds=46170a0f-0e99-436c-8528-b40b51672095&channelIds=b32a8510-c983-400d-8e21-66a5ea3f8688&channelIds=b2fb0f26-e2a0-457f-87e2-92005ffb1edf&channelIds=0a7680eb-1425-47fc-93e8-2cf9a2ba9018&channelIds=246a11d6-f7f9-425e-8abd-7234620e97a5&channelIds=140579cc-c943-425f-b285-9cfccf427ff6&channelIds=72f54ea8-8237-4353-890c-e07dcffd1a59&channelIds=7d794b23-8c1d-469b-b29d-7b2774bd1fbb&channelIds=1a1a2796-0d43-41d6-b37b-8f7a18ffc8a3&channelIds=f28b92db-f723-43f2-bcb6-1cbd23473f11&channelIds=9f3dd76f-647b-4b69-8ea0-75b3dabcf4e0&channelIds=d53f8142-7b6f-4da2-a059-fffd55ae8b0c&channelIds=1ba01e8d-fbb2-4090-a34d-a343e44fe51e&channelIds=d173f40c-74db-49c8-ae8e-0058401f5635&channelIds=81eb1b1b-6169-45ca-9a90-7cc39e502f93&channelIds=f20ff613-733d-4317-aa73-1c8cc1d8e2bf&channelIds=b072c4c1-b5ae-43e7-9abd-417e50803d98&channelIds=f0481f2c-cb5d-4b22-9ebe-81a772316484&channelIds=8a05d59f-98f1-4048-aabc-e8f4a5d98be4&channelIds=affdf316-a0b4-4ec8-a7cc-02f237867ee9&channelIds=f3ca78a1-ada6-4d40-bd4c-4623f315464a&channelIds=13aaba1f-0c98-4df8-b038-abab15465d65&channelIds=82394ffe-e336-42b2-9c6f-2a8556a0c434&channelIds=4accb504-cbe7-40eb-8a65-9b1b34522d92&channelIds=31f4b3f9-a9f2-450a-88cb-6ed3a55ba5f4&channelIds=e908af98-f337-49ea-9d71-e254503cb2c6&channelIds=26b12736-fae3-472b-813c-4128c751c79b&channelIds=2bcdb311-7142-404e-a536-74e3101d8d84&channelIds=bf2d1d7d-2e1e-4caf-940f-9c3596be8dc7&channelIds=ab1ad0a8-89fe-4757-991e-6ee53d87af4e&channelIds=a6f16729-11f1-4dc1-b97a-1543cc3cc1cb&channelIds=85550777-8ebd-498d-a351-92e2f75bcae9&channelIds=7a97879f-549d-4516-8db1-29965d0b69f1&channelIds=22c8dc71-4129-4d85-9b0c-6e1d6f5048f5&channelIds=55915b3b-1a99-485f-a2fe-f8efcf054740&channelIds=c495187d-6986-4b5b-9886-297d7a4c59e5&channelIds=6cb9eb31-3d6e-4171-82b3-12c8cc1c6bcf&channelIds=9db584a7-8870-44b7-8b38-0a8bb6cc4f39&channelIds=254d51fa-4d8f-4b02-8e8f-7af601f652ca&from=2026-09-29T22%3A00%3A00.000Z&to=2026-09-30T22%3A00%3A00.000Z", parameters={masked}
lumo-e2e-api  | 2026-09-30T16:02:47.646609837Z 2026-09-30T16:02:47.646Z DEBUG 1 --- [lumo-api] [cat-handler-959] o.s.web.servlet.DispatcherServlet        : Completed 200 OK
